SG_UF,NM_MUNICIPIO,num_eleitores,perc_lula,perc_votos_mulheres_fed,perc_votos_mulheres_est,perc_votos_mulheres_total
MA,CENTRO DO GUILHERME,11648.0,80.35,68.75,58.17,63.46
MA,IGARAPÉ DO MEIO,17052.0,80.15,59.76,66.49,63.12
MA,ARAGUANÃ,11522.0,78.01,63.39,60.3,61.85
MA,MARANHÃOZINHO,12238.0,75.15,61.53,57.26,59.4
MA,ZÉ DOCA,49094.0,69.35,53.68,55.91,54.79
MA,SATUBINHA,10906.0,72.89,55.07,49.84,52.46
AP,MAZAGÃO,32858.0,58.24,43.25,57.67,50.46
PE,JAQUEIRA,14040.0,65.04,49.54,49.99,49.76
MA,GOVERNADOR NEWTON BELLO,11516.0,77.63,57.24,40.27,48.76
MA,CÂNDIDO MENDES,23672.0,71.61,52.17,43.3,47.74
PI,ALEGRETE DO PIAUÍ,6918.0,77.69,49.78,45.68,47.73
MA,FERNANDO FALCÃO,14740.0,78.02,21.51,73.42,47.46
RN,SANTANA DO SERIDÓ,4462.0,67.46,48.9,45.18,47.04
RR,UIRAMUTÃ,11072.0,65.59,57.7,35.39,46.54
PA,MARAPANIM,38252.0,62.81,57.28,35.6,46.44
MG,SÃO JOÃO DAS MISSÕES,14188.0,69.43,44.74,44.31,44.52
MA,MARACAÇUMÉ,21820.0,64.48,44.8,43.11,43.96
PA,BAGRE,23756.0,76.92,34.69,50.1,42.4
RN,SÃO FERNANDO,6042.0,69.76,25.52,59.22,42.37
PI,CALDEIRÃO GRANDE DO PIAUÍ,8648.0,82.16,17.07,67.14,42.1
PE,ARARIPINA,92326.0,75.77,9.38,74.57,41.98
AP,TARTARUGALZINHO,16324.0,55.14,34.73,48.79,41.76
PA,SANTA CRUZ DO ARARI,9298.0,72.24,65.45,17.36,41.41
PA,BREVES,109838.0,58.35,40.57,41.1,40.84
PB,CUITÉ,27048.0,77.23,78.21,3.14,40.68
PA,NOVA TIMBOTEUA,18750.0,70.79,46.63,34.13,40.38
SP,ITAPEVI,227992.0,51.22,33.63,46.16,39.66
PA,SÃO DOMINGOS DO CAPIM,38378.0,71.37,44.65,34.23,39.44
MA,PIO XII,29138.0,76.01,37.9,40.81,39.35
AP,PRACUÚBA,6158.0,50.43,51.71,26.01,38.86
GO,FLORES DE GOIÁS,10200.0,54.54,65.57,11.53,38.55
PI,LUZILÂNDIA,31234.0,74.81,12.12,64.92,38.52
PA,PALESTINA DO PARÁ,9220.0,62.92,28.16,48.83,38.49
MA,BURITICUPU,64486.0,63.08,5.48,71.31,38.4
CE,LIMOEIRO DO NORTE,77532.0,74.11,23.24,53.26,38.25
PA,MOCAJUBA,43814.0,72.33,61.8,14.67,38.23
PI,BERTOLÍNIA,7588.0,67.71,5.61,70.48,38.05
MA,BOA VISTA DO GURUPI,9518.0,72.44,46.5,29.14,37.82
RN,PEDRO AVELINO,9782.0,71.97,64.22,11.41,37.81
MA,PRESIDENTE JUSCELINO,15074.0,76.44,34.56,40.48,37.52
PA,PONTA DE PEDRAS,34798.0,70.56,51.64,23.37,37.5
PA,BONITO,20300.0,59.38,41.39,33.51,37.45
MA,CAXIAS,173712.0,73.46,36.14,38.54,37.34
PA,CONCÓRDIA DO PARÁ,38342.0,58.4,55.06,19.5,37.28
GO,CAVALCANTE,10774.0,81.0,42.86,31.35,37.11
PA,SANTA LUZIA DO PARÁ,27588.0,69.67,23.4,50.71,37.06
MA,URBANO SANTOS,38570.0,82.27,6.51,67.32,36.92
MA,BARRA DO CORDA,93550.0,61.77,28.5,45.01,36.75
BA,LENÇÓIS,12482.0,85.17,11.74,61.64,36.69
BA,ARATUÍPE,13264.0,77.85,46.23,27.05,36.64
GO,IACIARA,12168.0,61.91,65.58,7.63,36.6
PB,MÃE D ÁGUA,6104.0,80.84,3.34,69.76,36.55
SC,CERRO NEGRO,5254.0,64.4,67.03,6.05,36.54
PI,BARRA D ALCÂNTARA,5324.0,83.27,18.93,53.94,36.44
MA,AMAPÁ DO MARANHÃO,8454.0,72.09,37.88,34.87,36.37
PA,NOVA ESPERANÇA DO PIRIÁ,24552.0,57.6,35.73,36.68,36.2
AP,AMAPÁ,10936.0,53.97,24.07,47.93,36.0
TO,RIO DOS BOIS,4070.0,63.15,25.11,46.39,35.75
BA,BARREIRAS,170170.0,54.55,32.13,39.19,35.66
RN,PARELHAS,28666.0,55.86,62.67,8.39,35.53
SC,PAINEL,4028.0,54.56,61.32,9.58,35.45
GO,VILA BOA,5562.0,58.87,49.59,21.22,35.4
SE,AQUIDABÃ,26888.0,70.7,16.41,54.04,35.22
PB,DESTERRO,11708.0,73.13,1.84,68.55,35.2
BA,URANDI,20450.0,77.31,11.46,58.61,35.04
AM,PARINTINS,109990.0,79.47,12.89,57.09,34.99
PA,MAGALHÃES BARATA,13400.0,61.95,44.07,25.84,34.96
PA,CACHOEIRA DO ARARI,28614.0,77.72,57.64,12.21,34.92
PB,BOM JESUS,4996.0,88.87,5.48,64.05,34.77
PE,VITÓRIA DE SANTO ANTÃO,169870.0,53.93,65.63,3.78,34.7
BA,BREJOLÂNDIA,12576.0,70.67,62.18,6.87,34.53
PA,ACARÁ,75228.0,64.67,56.47,12.56,34.51
PB,CACIMBAS,9264.0,83.54,1.71,67.01,34.36
BA,PALMEIRAS,12522.0,82.98,18.86,49.56,34.21
PA,SÃO CAETANO DE ODIVELAS,24716.0,67.92,24.11,44.27,34.19
PA,COLARES,18362.0,73.4,51.74,16.55,34.14
PA,SÃO JOÃO DE PIRABAS,27420.0,68.21,32.12,35.7,33.91
PA,TRACUATEUA,38824.0,75.02,35.63,32.17,33.9
PR,SANTO ANTÔNIO DO PARAÍSO,3544.0,54.31,60.27,7.39,33.83
PA,SOURE,34038.0,74.53,47.51,20.1,33.81
PA,SÃO JOÃO DA PONTA,9864.0,66.94,37.65,29.62,33.64
GO,CUMARI,3946.0,60.55,64.42,2.84,33.63
PA,TUCURUÍ,110558.0,51.55,54.46,12.78,33.62
MG,MATHIAS LOBATO,4742.0,52.06,1.81,65.37,33.59
MG,SILVEIRÂNIA,4456.0,54.96,2.92,64.18,33.55
BA,CAETANOS,15656.0,84.18,53.97,13.07,33.52
MG,ÁGUAS VERMELHAS,13840.0,62.15,37.14,29.9,33.52
AL,PALMEIRA DOS ÍNDIOS,82824.0,59.18,21.77,45.1,33.44
PA,GOIANÉSIA DO PARÁ,32562.0,54.35,44.34,22.35,33.34
PI,FRANCISCO MACEDO,4506.0,79.03,58.01,8.61,33.31
CE,QUIXERÉ,29700.0,72.87,23.84,42.73,33.29
PA,GARRAFÃO DO NORTE,34474.0,71.09,21.84,44.54,33.19
MA,FORTALEZA DOS NOGUEIRAS,16280.0,61.86,10.53,55.74,33.13
MA,VITORINO FREIRE,35916.0,69.0,16.88,49.37,33.12
PI,RIBEIRA DO PIAUÍ,5768.0,88.46,63.94,2.25,33.1
CE,HORIZONTE,97926.0,59.67,11.58,54.43,33.01
TO,LAVANDEIRA,2858.0,64.47,28.83,37.16,33.0
PA,SALVATERRA,31106.0,69.22,35.16,30.7,32.93
MA,BELÁGUA,11950.0,88.67,5.41,60.32,32.86
MA,PINHEIRO,92118.0,70.69,40.34,25.37,32.85
PA,IRITUIA,42242.0,70.75,39.37,26.33,32.85
CE,PINDORETAMA,31674.0,68.68,15.9,49.66,32.78
RN,SENADOR GEORGINO AVELINO,6368.0,62.61,14.86,50.69,32.77
TO,SÃO SEBASTIÃO DO TOCANTINS,5156.0,69.68,63.89,1.55,32.72
MA,PORTO FRANCO,28244.0,58.55,10.54,54.76,32.65
GO,MOSSÂMEDES,7358.0,50.59,57.71,7.56,32.63
PI,ACAUÃ,10942.0,89.77,3.87,61.25,32.56
CE,EUSÉBIO,84834.0,50.44,20.79,44.08,32.43
BA,CANDEIAS,106080.0,79.15,28.81,35.88,32.34
RN,TABOLEIRO GRANDE,4818.0,70.57,57.33,7.22,32.27
PA,VIGIA,61268.0,65.37,47.52,17.0,32.26
PI,CANAVIEIRA,5308.0,82.62,43.52,20.84,32.18
PA,CACHOEIRA DO PIRIÁ,21688.0,71.46,33.56,30.77,32.17
PA,MUANÁ,44126.0,71.96,50.42,13.69,32.06
PI,SANTO ANTÔNIO DOS MILAGRES,3144.0,75.05,8.27,55.66,31.97
CE,PIRES FERREIRA,13484.0,79.46,9.37,54.48,31.93
PB,QUIXABA,3916.0,78.48,9.14,54.7,31.92
BA,CORONEL JOÃO SÁ,22706.0,75.52,49.56,14.08,31.82
RN,SÃO JOSÉ DE MIPIBU,52748.0,58.33,16.65,46.9,31.78
MG,ARACITABA,4042.0,53.38,59.87,3.66,31.77
PA,TERRA ALTA,17080.0,63.51,45.81,17.68,31.74
GO,ALTO PARAÍSO DE GOIÁS,10588.0,55.91,39.06,24.4,31.73
MA,ITINGA DO MARANHÃO,27578.0,50.38,21.51,41.9,31.7
PI,SANTANA DO PIAUÍ,6830.0,75.48,54.38,8.37,31.38
PR,MARILENA,9170.0,50.54,29.18,33.41,31.3
MA,CENTRO NOVO DO MARANHÃO,18524.0,75.89,19.75,42.55,31.15
PA,CURRALINHO,37122.0,74.52,34.01,28.03,31.02
SE,CANHOBA,7094.0,79.84,20.02,41.67,30.84
PB,SANTA RITA,165264.0,53.08,21.21,40.32,30.76
PI,SÃO LOURENÇO DO PIAUÍ,8284.0,86.86,32.3,29.21,30.76
PB,JOCA CLAUDINO,3958.0,86.29,3.28,58.11,30.7
PA,BAIÃO,42278.0,72.72,45.59,15.77,30.68
MA,MATÕES,38562.0,81.58,6.96,54.24,30.6
AP,LARANJAL DO JARI,42502.0,55.72,22.94,38.24,30.59
PA,QUATIPURU,15000.0,73.56,19.6,41.55,30.57
PA,LIMOEIRO DO AJURU,36574.0,66.53,47.34,13.74,30.54
PI,CARIDADE DO PIAUÍ,7844.0,87.74,1.2,59.84,30.52
MA,SANTA LUZIA DO PARUÁ,26202.0,70.24,33.8,27.17,30.48
PB,IMACULADA,13194.0,84.19,2.71,58.07,30.39
PA,BREU BRANCO,46230.0,52.21,52.47,8.21,30.34
SP,EMBU DAS ARTES,289054.0,52.25,47.04,12.84,30.32
MA,SERRANO DO MARANHÃO,13480.0,88.78,56.96,3.59,30.27
PB,BOA VISTA,10430.0,62.29,52.2,8.19,30.19
PI,MATIAS OLÍMPIO,13196.0,76.44,17.82,42.47,30.15
PI,PEDRO LAURENTINO,4690.0,66.29,58.21,2.09,30.15
CE,CASCAVEL,96330.0,64.06,16.03,43.99,30.01
BA,DOM BASÍLIO,17556.0,80.6,5.83,54.19,30.01
TO,ARAGUACEMA,7380.0,54.03,49.08,10.68,29.88
SP,PEDREGULHO,16524.0,51.62,13.88,46.2,29.84
PI,AGRICOLÂNDIA,8046.0,83.18,54.14,5.54,29.84
PA,IGARAPÉ-AÇU,50472.0,70.34,40.62,19.04,29.83
MA,TASSO FRAGOSO,11056.0,55.87,12.77,46.83,29.8
PB,COXIXOLA,3184.0,77.75,58.48,1.07,29.77
BA,CAEM,12466.0,78.3,56.83,2.63,29.73
MA,LUÍS DOMINGUES,8938.0,65.97,28.17,31.1,29.64
MA,SÃO JOÃO DO PARAÍSO,13432.0,58.12,9.37,49.91,29.64
MA,AFONSO CUNHA,10852.0,84.35,30.11,29.1,29.61
PA,ABEL FIGUEIREDO,8488.0,63.15,38.03,21.18,29.61
MA,NOVA OLINDA DO MARANHÃO,19682.0,74.26,32.52,26.64,29.58
PA,BUJARU,35832.0,65.9,44.25,14.88,29.56
AL,ESTRELA DE ALAGOAS,16530.0,78.79,10.1,49.03,29.56
AP,OIAPOQUE,28968.0,60.01,26.64,32.46,29.55
RN,SÃO GONÇALO DO AMARANTE,121818.0,54.43,19.58,39.47,29.52
MA,GRAÇA ARANHA,9586.0,73.4,20.05,38.72,29.39
MA,RAPOSA,34072.0,59.52,35.91,22.88,29.39
RN,RAFAEL GODEIRO,5944.0,57.12,55.62,2.99,29.31
BA,CAMAÇARI,317264.0,62.65,41.23,17.09,29.16
BA,CAETITÉ,69114.0,76.53,11.3,46.94,29.12
PI,MORRO DO CHAPÉU DO PIAUÍ,8400.0,78.38,12.69,45.43,29.06
TO,DIVINÓPOLIS DO TOCANTINS,8706.0,50.75,47.78,10.29,29.04
PB,SÃO BENTINHO,6022.0,90.18,4.52,53.54,29.03
MA,NINA RODRIGUES,15400.0,81.38,14.88,43.05,28.97
MG,MORRO DA GARÇA,4262.0,70.13,49.93,7.98,28.95
CE,GRANJEIRO,8890.0,90.71,54.94,2.9,28.92
CE,ITAITINGA,51884.0,60.7,16.8,41.04,28.92
MG,IGUATAMA,9998.0,54.13,50.59,7.24,28.92
RN,ASSÚ,71532.0,70.9,53.44,4.32,28.88
PB,BOA VENTURA,8050.0,77.33,11.9,45.86,28.88
PR,VERÊ,11892.0,53.74,44.87,12.9,28.88
PA,CAMETÁ,167818.0,72.12,48.6,9.17,28.88
PA,CAPITÃO POÇO,68286.0,59.35,36.19,21.39,28.79
MA,ALTO PARNAÍBA,12288.0,72.22,7.28,50.2,28.74
BA,DIAS D ÁVILA,84472.0,70.85,27.21,29.89,28.55
BA,PARIPIRANGA,36488.0,78.34,32.21,24.86,28.54
RN,SÃO BENTO DO TRAIRÍ,6690.0,63.67,40.15,16.89,28.52
GO,GUARANI DE GOIÁS,6830.0,67.99,53.76,3.25,28.51
PE,LAGOA DO CARRO,24746.0,63.37,17.69,39.32,28.51
CE,PARAIPABA,43648.0,58.29,10.66,46.33,28.49
CE,PARAMBU,40854.0,69.2,7.73,49.08,28.4
AP,VITÓRIA DO JARI,15570.0,66.3,43.76,13.01,28.39
GO,ITAGUARI,7998.0,56.68,54.84,1.75,28.29
PA,AUGUSTO CORRÊA,57630.0,69.0,36.58,19.96,28.27
MA,SANTA INÊS,94054.0,61.67,24.16,32.33,28.24
RS,PORTO VERA CRUZ,2820.0,55.78,5.04,51.35,28.19
PI,SÃO JOÃO DA SERRA,10496.0,76.62,17.09,39.29,28.19
BA,PINDAÍ,20870.0,75.51,15.2,41.08,28.14
PA,MARACANÃ,41846.0,64.4,30.47,25.8,28.13
AM,CAREIRO,35122.0,58.83,7.9,48.35,28.12
PR,ITAGUAJÉ,5538.0,53.24,52.51,3.65,28.08
GO,UIRAPURU,4144.0,60.31,53.33,2.7,28.02
BA,SIMÕES FILHO,141064.0,67.92,13.7,42.32,28.01
RN,VILA FLOR,5058.0,72.35,3.99,52.0,28.0
PB,AREIAL,9906.0,69.72,5.73,50.21,27.97
BA,PORTO SEGURO,160396.0,51.75,25.53,30.42,27.97
MA,SÃO RAIMUNDO DO DOCA BEZERRA,7890.0,71.65,4.46,51.36,27.91
AP,CALÇOENE,12508.0,59.19,23.97,31.85,27.91
BA,CRISTÓPOLIS,19208.0,69.57,23.04,32.76,27.9
CE,ACARAPE,20052.0,59.23,14.69,41.09,27.89
MA,LORETO,13132.0,75.54,4.51,51.05,27.78
MG,ITAMBÉ DO MATO DENTRO,4036.0,68.39,51.29,4.21,27.75
BA,SERRINHA,102470.0,72.07,34.18,21.23,27.7
TO,AURORA DO TOCANTINS,4888.0,60.8,20.54,34.86,27.7
PA,CAPANEMA,86342.0,55.16,30.6,24.7,27.65
BA,IGAPORÃ,20152.0,84.74,6.11,49.13,27.62
TO,COUTO MAGALHÃES,6866.0,58.77,16.34,38.83,27.59
BA,IUIU,13526.0,79.49,5.19,49.92,27.55
TO,DUERÉ,5426.0,54.05,23.18,31.92,27.55
PB,MAMANGUAPE,53622.0,63.43,9.47,45.5,27.48
SP,EUCLIDES DA CUNHA PAULISTA,9135.0,58.55,6.71,48.08,27.41
PI,DEMERVAL LOBÃO,20210.0,75.51,50.05,4.69,27.37
CE,SÃO GONÇALO DO AMARANTE,77668.0,60.41,10.28,44.44,27.36
CE,AIUABA,17322.0,86.3,3.8,50.88,27.34
PI,JOSÉ DE FREITAS,56762.0,83.41,25.5,29.11,27.31
CE,TAUÁ,72638.0,65.44,8.54,46.01,27.27
RN,JANDUÍS,7186.0,76.95,47.18,7.29,27.23
PE,MOREILÂNDIA,15022.0,86.31,4.54,49.82,27.18
PB,CACIMBA DE AREIA,6416.0,78.08,4.05,50.28,27.17
AL,CHÃ PRETA,9222.0,73.96,11.26,42.92,27.09
BA,ITABELA,33472.0,54.6,15.01,39.13,27.07
MG,ÁGUAS FORMOSAS,22284.0,52.97,17.04,37.03,27.04
MT,POCONÉ,36604.0,58.88,39.67,14.13,26.9
PA,INHANGAPI,15378.0,54.27,23.08,30.65,26.87
PA,SANTARÉM NOVO,10534.0,72.8,37.44,16.04,26.74
TO,RIO DA CONCEIÇÃO,3116.0,67.77,8.66,44.74,26.7
MA,SÃO JOÃO DO SOTER,21038.0,85.36,22.52,30.86,26.69
PI,LANDRI SALES,6988.0,84.8,40.24,13.11,26.67
MA,PRESIDENTE VARGAS,15606.0,84.52,6.34,46.92,26.63
BA,CANDIBA,17836.0,69.28,11.11,42.11,26.61
BA,JUSSIAPE,10664.0,75.03,6.53,46.59,26.56
CE,RERIUTABA,25092.0,79.97,11.03,41.98,26.51
MA,RIACHÃO,25000.0,70.04,7.06,45.89,26.47
PE,TERRA NOVA,13840.0,90.59,2.49,50.43,26.46
PB,SÃO JOSÉ DO BONFIM,6706.0,75.19,5.61,47.3,26.45
CE,BANABUIÚ,24678.0,79.88,7.47,45.41,26.44
TO,TAGUATINGA,16348.0,56.9,13.67,39.15,26.41
GO,BURITINÓPOLIS,4942.0,60.2,47.03,5.79,26.41
PI,INHUMA,19964.0,75.59,31.76,20.97,26.36
PI,NOVO ORIENTE DO PIAUÍ,8046.0,89.08,42.68,10.02,26.35
PB,SANTANA DOS GARROTES,9412.0,73.72,4.89,47.64,26.26
GO,GOUVELÂNDIA,5974.0,52.93,47.04,5.49,26.26
CE,CATARINA,13532.0,74.15,32.01,20.47,26.24
SC,BRUNÓPOLIS,4632.0,53.65,37.48,14.94,26.21
PB,PILAR,16748.0,67.27,10.71,41.56,26.13
CE,QUITERIANÓPOLIS,26412.0,81.77,1.85,50.36,26.11
MA,CENTRAL DO MARANHÃO,10956.0,88.47,4.44,47.75,26.1
PI,PORTO,13986.0,74.4,17.99,34.21,26.1
PA,MOJU,88502.0,67.93,42.05,10.07,26.06
BA,IBITIARA,18268.0,76.81,4.42,47.61,26.02
BA,SANTA RITA DE CÁSSIA,34528.0,75.75,29.16,22.85,26.0
BA,PINTADAS,13014.0,64.67,5.86,46.1,25.98
GO,SIMOLÂNDIA,8486.0,57.99,46.05,5.87,25.96
PA,SANTO ANTÔNIO DO TAUÁ,40396.0,58.96,28.13,23.73,25.93
BA,JACOBINA,95790.0,69.33,32.57,19.3,25.93
BA,PALMAS DE MONTE ALTO,27864.0,82.41,10.07,41.69,25.88
SE,RIACHÃO DO DANTAS,28414.0,78.45,4.57,47.12,25.85
MA,BARREIRINHAS,76000.0,77.1,23.22,28.43,25.83
AL,OLIVENÇA,14680.0,68.78,0.65,50.89,25.77
AL,PILAR,43124.0,50.67,2.98,48.49,25.74
RN,JARDIM DE PIRANHAS,17734.0,79.51,41.75,9.67,25.71
BA,URUÇUCA,27636.0,59.23,13.96,37.42,25.69
BA,TABOCAS DO BREJO VELHO,16110.0,77.63,35.13,16.11,25.62
MG,JUIZ DE FORA,664598.0,51.1,36.18,14.99,25.58
SP,DOBRADA,9181.0,50.19,12.06,39.64,25.54
PA,CURUÇÁ,52972.0,68.53,28.94,22.08,25.51
PI,REDENÇÃO DO GURGUÉIA,10364.0,69.54,43.4,7.58,25.49
BA,CRISÓPOLIS,24542.0,82.56,46.35,4.53,25.44
CE,PALMÁCIA,15364.0,68.18,46.78,4.09,25.44
SC,SÃO CRISTÓVÃO DO SUL,5408.0,50.13,38.24,12.65,25.44
BA,MALHADA DE PEDRAS,12558.0,66.86,3.28,47.54,25.41
GO,SÃO DOMINGOS,10474.0,59.23,42.66,8.13,25.4
PB,UIRAÚNA,19986.0,76.77,2.63,48.15,25.39
PA,NOVA IPIXUNA,16716.0,53.38,35.0,15.76,25.38
PI,BRASILEIRA,11912.0,77.87,10.46,40.25,25.35
PA,PRIMAVERA,16778.0,73.06,27.44,23.23,25.34
PA,OURÉM,25764.0,72.11,18.58,32.09,25.34
MA,SANTA LUZIA,67248.0,73.81,25.24,25.43,25.33
AL,BELÉM,7320.0,67.87,4.92,45.63,25.27
MG,RIACHO DOS MACHADOS,11348.0,69.12,46.03,4.49,25.26
MG,ITAMBACURI,24458.0,62.45,37.62,12.86,25.24
SE,CUMBE,7310.0,67.64,15.13,35.18,25.16
PB,CAJAZEIRAS,76354.0,77.35,11.18,39.1,25.14
MA,SÃO JOSÉ DOS BASÍLIOS,9946.0,85.45,4.16,45.99,25.08
PI,JOCA MARQUES,7730.0,73.18,3.26,46.83,25.05
PI,LAGOA DE SÃO FRANCISCO,9150.0,86.23,45.77,4.28,25.03
AL,MAR VERMELHO,5826.0,71.33,5.97,44.04,25.01
PA,BARCARENA,155540.0,59.95,32.36,17.52,24.94
PI,SUSSUAPARA,10674.0,81.04,42.81,6.95,24.88
MA,BELA VISTA DO MARANHÃO,14892.0,73.48,25.38,24.28,24.83
TO,SÍTIO NOVO DO TOCANTINS,12690.0,59.27,48.76,0.88,24.82
BA,ANDARAÍ,15544.0,82.35,42.49,7.01,24.75
TO,PALMEIRAS DO TOCANTINS,6682.0,55.47,47.74,1.77,24.75
PI,MURICI DOS PORTELAS,9462.0,74.19,11.08,38.28,24.68
PE,ALAGOINHA,19858.0,85.74,4.79,44.5,24.64
MA,SÃO ROBERTO,7142.0,76.91,3.16,46.07,24.61
MA,NOVA COLINAS,7102.0,72.16,6.22,42.92,24.57
BA,CATOLÂNDIA,6458.0,76.08,23.57,25.58,24.57
MA,SÍTIO NOVO,22806.0,65.13,21.21,27.87,24.54
CE,TARRAFAS,11368.0,86.52,46.06,2.96,24.51
MA,GOVERNADOR NUNES FREIRE,25788.0,65.6,25.59,23.34,24.46
BA,GUARATINGA,23008.0,66.75,6.92,41.99,24.45
PA,PORTEL,54126.0,61.56,32.64,16.21,24.43
RN,CAICÓ,74326.0,63.61,31.49,17.3,24.4
BA,RIACHÃO DAS NEVES,29658.0,74.52,13.14,35.65,24.4
MG,PRESIDENTE KUBITSCHEK,4578.0,82.71,4.85,43.95,24.4
SE,SANTA LUZIA DO ITANHY,17106.0,77.41,6.86,41.93,24.39
PI,CAPITÃO GERVÁSIO OLIVEIRA,6220.0,88.01,44.89,3.83,24.36
GO,SANTA ROSA DE GOIÁS,5210.0,52.86,45.68,2.99,24.34
BA,NOVO HORIZONTE,14998.0,73.36,9.81,38.86,24.34
PA,JACUNDÁ,49940.0,50.87,35.82,12.82,24.32
BA,FEIRA DA MATA,8242.0,61.45,3.74,44.87,24.3
GO,OUVIDOR,13860.0,50.86,46.62,1.95,24.29
SP,TABOÃO DA SERRA,294309.0,53.49,26.83,21.49,24.22
BA,GLÓRIA,20580.0,84.94,7.84,40.48,24.16
BA,FÁTIMA,24576.0,81.58,6.68,41.57,24.13
AL,JARAMATAIA,7834.0,74.14,1.43,46.8,24.11
RN,ALMINO AFONSO,8624.0,79.56,45.57,2.64,24.11
AL,JACARÉ DOS HOMENS,7454.0,76.26,1.05,47.14,24.09
SE,ARACAJU,701172.0,52.29,25.08,22.95,24.01
SC,GUATAMBÚ,9968.0,54.3,24.06,23.94,24.0
PI,COIVARAS,8992.0,80.79,17.79,30.12,23.95
MA,CEDRAL,13530.0,76.35,33.13,14.75,23.94
PI,PARNAÍBA,181642.0,61.02,15.52,32.34,23.93
RN,JAPI,8872.0,82.79,18.26,29.6,23.93
PI,BATALHA,33086.0,72.49,22.8,25.0,23.9
MT,CAMPINÁPOLIS,14832.0,51.01,23.93,23.8,23.87
BA,MADRE DE DEUS,26398.0,76.9,30.99,16.71,23.85
RN,SÃO JOSÉ DO SERIDÓ,7492.0,76.47,36.87,10.84,23.85
MA,RIBAMAR FIQUENE,10104.0,57.65,9.2,38.48,23.84
BA,GUANAMBI,109088.0,60.88,5.49,42.15,23.82
MA,PRESIDENTE DUTRA,48156.0,63.19,12.82,34.77,23.8
GO,FAINA,9514.0,50.67,38.83,8.75,23.79
MA,SÃO DOMINGOS DO AZEITÃO,10380.0,76.66,8.54,39.04,23.79
RN,SÃO MIGUEL DO GOSTOSO,14490.0,64.95,32.86,14.63,23.75
AL,MESSIAS,21026.0,50.59,29.63,17.77,23.7
PE,OLINDA,516810.0,53.89,22.37,25.01,23.69
PA,SÃO FRANCISCO DO PARÁ,25144.0,58.28,23.66,23.73,23.69
MG,PORTO FIRME,14082.0,58.49,43.19,4.18,23.68
BA,MARAGOGIPE,55604.0,77.8,9.73,37.61,23.67
SE,ITAPORANGA D AJUDA,45048.0,66.36,12.18,35.15,23.66
RN,PATU,15834.0,72.63,43.84,3.49,23.66
SP,SÃO JOSÉ DA BELA VISTA,9394.0,53.04,22.72,24.56,23.63
AL,MINADOR DO NEGRÃO,7434.0,71.22,2.37,44.9,23.63
BA,PAULO AFONSO,129852.0,75.45,18.82,28.41,23.62
MG,EWBANK DA CÂMARA,6904.0,67.31,26.62,20.57,23.6
SP,RINCÃO,10130.0,50.6,9.56,38.42,23.57
CE,CARIRÉ,23938.0,66.79,4.94,42.16,23.55
PB,ARAÇAGI,22274.0,81.14,3.09,43.88,23.48
PI,PATOS DO PIAUÍ,8822.0,87.78,6.78,40.13,23.45
CE,BARREIRA,30530.0,58.77,11.25,35.62,23.44
MA,PRESIDENTE SARNEY,21532.0,83.39,35.46,11.33,23.4
GO,PEROLÂNDIA,4660.0,50.16,41.8,4.98,23.39
PR,GODOY MOREIRA,4298.0,56.7,45.51,1.26,23.38
PI,TERESINA,997442.0,61.83,25.25,21.46,23.35
PA,GURUPÁ,35186.0,67.36,39.01,7.7,23.35
PR,MARMELEIRO,19006.0,50.03,22.41,24.21,23.31
BA,IRECÊ,81450.0,67.34,23.23,23.37,23.3
BA,ABARÉ,23902.0,72.88,21.04,25.5,23.27
BA,ILHÉUS,207638.0,56.29,14.16,32.36,23.26
SC,IPUAÇU,9152.0,63.73,30.9,15.58,23.24
BA,QUIXABEIRA,13516.0,56.49,30.1,16.37,23.23
PB,RIACHÃO DO POÇO,7382.0,64.93,5.01,41.43,23.22
MA,BACURI,20542.0,83.75,38.53,7.92,23.22
BA,GOVERNADOR MANGABEIRA,28284.0,77.58,19.76,26.63,23.2
PA,SALINÓPOLIS,55184.0,60.43,19.21,27.16,23.18
PA,MELGAÇO,25586.0,60.42,27.69,18.66,23.17
PA,TOMÉ-AÇU,79042.0,55.76,42.07,4.18,23.12
AL,BATALHA,19848.0,60.92,3.0,43.23,23.12
PB,CAPIM,10394.0,66.62,5.29,40.79,23.04
SE,MARUIM,20546.0,71.21,14.93,31.13,23.03
PI,CAPITÃO DE CAMPOS,16046.0,80.55,29.07,16.96,23.02
MA,MIRANDA DO NORTE,24894.0,69.23,24.31,21.72,23.01
RN,SANTA MARIA,7492.0,60.58,32.3,13.69,23.0
BA,IBICUÍ,18122.0,69.96,3.56,42.27,22.92
MA,ALTAMIRA DO MARANHÃO,8050.0,71.89,4.25,41.59,22.92
RN,UPANEMA,19586.0,57.25,13.7,32.11,22.91
CE,AQUIRAZ,105652.0,57.99,9.1,36.73,22.91
CE,ARNEIROZ,10796.0,76.72,3.95,41.85,22.9
MG,VARJÃO DE MINAS,10174.0,51.59,20.58,25.2,22.89
RN,OURO BRANCO,7290.0,64.51,44.8,0.96,22.88
GO,TERESINA DE GOIÁS,3930.0,62.31,35.62,10.13,22.88
MA,FEIRA NOVA DO MARANHÃO,10046.0,52.46,2.05,43.66,22.85
RN,EXTREMOZ,47430.0,52.68,24.8,20.91,22.85
BA,CABACEIRAS DO PARAGUAÇU,21334.0,86.85,21.2,24.51,22.85
MG,UMBURATIBA,3684.0,72.11,7.17,38.49,22.83
MA,PINDARÉ-MIRIM,38818.0,73.0,22.37,23.21,22.79
BA,ALAGOINHAS,179176.0,64.98,14.09,31.44,22.77
MG,PIRANGA,19526.0,58.4,4.48,40.99,22.73
PB,CURRAL DE CIMA,9236.0,80.13,2.1,43.35,22.73
PA,IGARAPÉ-MIRI,83364.0,59.44,35.32,10.1,22.71
PE,BARRA DE GUABIRABA,16672.0,58.44,3.56,41.78,22.67
MA,BOM JESUS DAS SELVAS,30478.0,62.94,11.65,33.68,22.67
RN,AFONSO BEZERRA,15966.0,68.76,19.45,25.84,22.65
BA,MALHADA,21066.0,68.54,4.07,41.18,22.63
RN,GOIANINHA,34524.0,60.3,17.02,28.14,22.58
PB,JUAREZ TÁVORA,12288.0,71.47,4.33,40.79,22.56
MA,ANAJATUBA,29614.0,82.68,11.45,33.59,22.52
MG,NOVA ERA,22992.0,54.08,7.59,37.42,22.51
BA,ARATACA,9316.0,63.74,10.58,34.37,22.48
PI,MONSENHOR GIL,16894.0,75.41,22.01,22.95,22.48
SE,RIBEIRÓPOLIS,23858.0,62.66,26.09,18.84,22.47
BA,CONTENDAS DO SINCORÁ,6906.0,75.72,5.18,39.68,22.43
PI,PALMEIRA DO PIAUÍ,7388.0,76.53,39.74,5.09,22.41
MG,PEDRA DOURADA,4526.0,50.16,1.72,43.08,22.4
MA,PERI MIRIM,17216.0,81.38,33.33,11.41,22.37
GO,MONTE ALEGRE DE GOIÁS,8322.0,59.85,36.63,8.03,22.33
SP,ITAPURA,4445.0,72.31,21.07,23.6,22.32
SC,SÃO MIGUEL DA BOA VISTA,2842.0,50.96,27.73,16.89,22.31
ES,PONTO BELO,9620.0,57.87,7.46,37.13,22.3
BA,IRAQUARA,30110.0,84.78,12.95,31.62,22.28
MG,ITAMARANDIBA,38520.0,60.08,8.99,35.57,22.28
MA,MONÇÃO,29664.0,78.23,11.42,33.13,22.28
MA,SÃO BENEDITO DO RIO PRETO,23944.0,81.05,5.88,38.61,22.24
RN,CARNAÚBA DOS DANTAS,9994.0,57.41,38.94,5.48,22.21
RN,ACARI,14830.0,68.15,27.7,16.71,22.2
PB,ÁGUA BRANCA,12340.0,82.16,2.27,42.04,22.16
PI,MARCOS PARENTE,6330.0,59.77,22.4,21.86,22.13
CE,CAUCAIA,406046.0,56.96,16.46,27.79,22.12
MA,ALDEIAS ALTAS,27350.0,81.84,21.76,22.45,22.11
PA,CURUÁ,17656.0,70.88,32.69,11.53,22.11
CE,MARACANAÚ,297272.0,55.84,33.71,10.45,22.08
AL,OLHO D ÁGUA DAS FLORES,24070.0,56.45,3.01,41.11,22.06
PI,CASTELO DO PIAUÍ,24784.0,73.17,31.04,13.09,22.06
CE,AMONTADA,54204.0,74.26,34.47,9.65,22.06
PI,SÃO RAIMUNDO NONATO,43048.0,80.29,36.52,7.48,22.0
PB,CUITEGI,9012.0,71.86,7.61,36.4,22.0
BA,SÃO FRANCISCO DO CONDE,53670.0,81.56,20.52,23.45,21.98
RN,ALEXANDRIA,18234.0,82.24,30.67,13.2,21.93
PE,SÃO BENTO DO UNA,55480.0,71.49,5.26,38.61,21.93
MA,SAMBAÍBA,8804.0,69.63,6.72,37.05,21.89
SE,NOSSA SENHORA DO SOCORRO,191448.0,53.06,15.99,27.76,21.88
AC,SANTA ROSA DO PURUS,5218.0,55.24,42.05,1.69,21.87
BA,LAURO DE FREITAS,246606.0,61.75,25.37,18.37,21.87
PE,GRANITO,11256.0,88.34,39.45,4.26,21.86
MA,GONÇALVES DIAS,19226.0,74.2,14.29,29.43,21.86
PA,ITUPIRANGA,48690.0,58.01,23.68,19.95,21.82
MG,PRESIDENTE JUSCELINO,5392.0,64.42,39.69,3.93,21.81
SC,PASSOS MAIA,5434.0,54.89,27.2,16.42,21.81
AL,PALESTINA,6866.0,75.41,2.59,41.01,21.8
PI,CABECEIRAS DO PIAUÍ,14524.0,86.35,11.35,32.22,21.78
CE,BEBERIBE,74050.0,67.0,7.42,36.13,21.78
MA,ARARI,36156.0,73.21,20.49,23.02,21.76
AL,IGREJA NOVA,27026.0,72.72,2.0,41.5,21.75
PI,BOA HORA,10100.0,75.05,9.39,34.08,21.73
PB,SÃO JOÃO DO RIO DO PEIXE,23330.0,81.71,15.36,28.01,21.68
SP,RIO GRANDE DA SERRA,46615.0,50.55,14.88,28.25,21.68
BA,MURITIBA,35920.0,79.49,31.17,12.16,21.67
PI,PAES LANDIM,6438.0,67.69,32.31,10.97,21.64
AL,CAPELA,19858.0,57.18,6.19,37.07,21.63
RN,RODOLFO FERNANDES,6964.0,78.32,11.03,32.11,21.57
PB,PILÕEZINHOS,8486.0,81.77,8.77,34.32,21.54
MG,LADAINHA,15810.0,72.47,2.64,40.43,21.54
PB,CACHOEIRA DOS ÍNDIOS,12376.0,83.41,6.59,36.47,21.53
PE,ABREU E LIMA,137800.0,53.78,26.36,16.68,21.52
PI,ILHA GRANDE,13998.0,75.38,19.53,23.49,21.51
MA,SÃO RAIMUNDO DAS MANGABEIRAS,23818.0,65.27,11.93,31.04,21.49
PE,MARAIAL,12720.0,68.93,13.35,29.54,21.45
MG,SÃO JOÃO DA LAGOA,7466.0,65.25,33.06,9.78,21.42
PI,BREJO DO PIAUÍ,6232.0,93.79,41.69,1.12,21.41
MA,VILA NOVA DOS MARTÍRIOS,12778.0,60.44,7.69,35.14,21.41
PA,PEIXE-BOI,14354.0,66.37,23.16,19.62,21.39
PA,VISEU,66684.0,77.27,19.93,22.79,21.36
BA,SÃO GABRIEL,26400.0,83.55,25.44,17.28,21.36
PI,MIGUEL ALVES,38686.0,80.7,30.8,11.9,21.35
SE,ITABI,7446.0,71.54,11.71,30.97,21.34
PE,POMBOS,33400.0,63.46,34.54,8.1,21.32
PB,CATURITÉ,8504.0,72.96,38.81,3.79,21.3
GO,MAURILÂNDIA,10780.0,50.51,39.94,2.62,21.28
MA,SÃO JOÃO DO CARÚ,14684.0,69.25,6.25,36.24,21.25
BA,SALVADOR,3255812.0,66.41,26.8,15.65,21.23
MG,JAMPRUCA,6114.0,70.54,4.81,37.65,21.23
PE,VERDEJANTE,12770.0,84.38,11.43,30.99,21.21
MA,MIRINZAL,17314.0,76.58,18.86,23.48,21.17
PB,PEDRAS DE FOGO,38692.0,65.87,14.58,27.75,21.16
RS,PELOTAS,404356.0,51.24,14.67,27.63,21.15
AM,AUTAZES,43958.0,59.62,2.9,39.38,21.14
PB,SOBRADO,11934.0,69.3,14.38,27.9,21.14
AL,ATALAIA,47298.0,59.13,3.19,39.03,21.11
PI,OEIRAS,48182.0,73.81,22.41,19.73,21.07
PB,ALAGOINHA,18616.0,80.39,8.11,34.02,21.07
PB,PATOS,110018.0,61.7,8.66,33.46,21.06
PE,IPOJUCA,133870.0,68.0,24.13,17.98,21.06
MA,SÃO FRANCISCO DO BREJÃO,12332.0,56.95,8.0,34.06,21.03
BA,MORPARÁ,11804.0,69.13,3.15,38.89,21.02
BA,SÃO DOMINGOS,13124.0,71.3,39.65,2.33,20.99
BA,SÃO FELIPE,27960.0,73.07,13.68,28.27,20.98
GO,NOVA ROMA,4260.0,67.73,37.28,4.65,20.96
PB,APARECIDA,11522.0,72.32,5.83,35.95,20.89
PE,PAULISTA,390900.0,53.33,21.46,20.31,20.88
BA,ITANAGRA,9266.0,75.86,18.24,23.53,20.88
MA,GODOFREDO VIANA,12602.0,67.13,20.03,21.62,20.82
MA,SÃO JOSÉ DE RIBAMAR,190464.0,59.32,20.17,21.39,20.78
SE,GRACCHO CARDOSO,10222.0,72.53,27.04,14.52,20.78
MA,MATA ROMA,24508.0,79.61,3.84,37.7,20.77
RN,MOSSORÓ,299516.0,58.54,19.54,22.0,20.77
TO,ARAPOEMA,7386.0,53.62,29.79,11.75,20.77
MA,COELHO NETO,49500.0,76.87,23.91,17.6,20.75
CE,FORTALEZA,3119404.0,53.23,25.46,15.98,20.72
MA,JUNCO DO MARANHÃO,7386.0,74.74,26.4,14.95,20.67
MG,JEQUITAÍ,8998.0,65.0,37.56,3.69,20.63
MA,MORROS,25448.0,73.5,28.55,12.68,20.62
PE,FEIRA NOVA,29106.0,62.73,34.07,7.14,20.6
GO,PANAMÁ,3912.0,56.17,38.6,2.61,20.6
CE,SOBRAL,251314.0,64.58,16.22,24.96,20.59
CE,ORÓS,27734.0,78.26,38.06,3.03,20.55
TO,DARCINÓPOLIS,6606.0,60.28,38.63,2.45,20.54
RN,MONTANHAS,14616.0,78.59,25.18,15.9,20.54
MA,CARUTAPERA,28282.0,69.23,20.36,20.64,20.5
PI,MORRO CABEÇA NO TEMPO,5772.0,76.73,5.27,35.72,20.5
MG,MATO VERDE,17218.0,50.64,39.56,1.38,20.47
BA,ARACATU,20492.0,76.27,39.03,1.91,20.47
MA,SÃO LUÍS,1263820.0,55.49,22.9,18.04,20.47
SE,SÃO CRISTÓVÃO,99092.0,59.68,26.61,14.29,20.45
MA,SANTA FILOMENA DO MARANHÃO,9388.0,71.38,3.45,37.45,20.45
PA,CHAVES,20422.0,62.7,24.3,16.56,20.43
RN,MACAU,34882.0,74.44,26.11,14.72,20.42
BA,CACHOEIRA,40904.0,80.5,14.16,26.66,20.41
CE,CHOROZINHO,29254.0,71.32,11.82,29.01,20.41
TO,SÃO FÉLIX DO TOCANTINS,2550.0,67.16,37.88,2.9,20.39
ES,ÁGUIA BRANCA,13466.0,52.54,4.9,35.88,20.39
AM,MANAQUIRI,21918.0,67.02,5.99,34.79,20.39
GO,PARANAIGUARA,10802.0,52.25,33.85,6.85,20.35
BA,ANGICAL,20286.0,72.07,15.08,25.59,20.34
PI,CURIMATÁ,14110.0,69.42,13.62,27.0,20.31
TO,ARAGUATINS,33640.0,51.27,34.87,5.7,20.29
MG,NAQUE,8102.0,61.14,33.92,6.62,20.27
RS,HERVEIRAS,4264.0,66.47,4.92,35.55,20.24
TO,NOVO JARDIM,3418.0,66.61,7.08,33.35,20.22
PA,SANTA MARIA DO PARÁ,34674.0,51.39,25.18,15.24,20.21
PA,BOM JESUS DO TOCANTINS,17410.0,52.27,37.02,3.33,20.18
PB,NOVA PALMEIRA,5858.0,82.44,28.1,12.26,20.18
RN,TOUROS,42892.0,59.27,16.26,24.06,20.16
BA,SERRA PRETA,27084.0,81.28,34.01,6.29,20.15
MA,DUQUE BACELAR,14820.0,88.01,35.05,5.17,20.11
BA,MORRO DO CHAPÉU,40960.0,75.02,10.25,29.85,20.05
PA,SÃO SEBASTIÃO DA BOA VISTA,35560.0,73.91,34.46,5.64,20.05
MA,JENIPAPO DOS VIEIRAS,19900.0,78.11,5.91,34.18,20.05
TO,PALMEIRANTE,6212.0,64.15,12.11,27.95,20.03
TO,MURICILÂNDIA,4418.0,58.93,7.38,32.64,20.01
TO,LAJEADO,5170.0,51.92,13.19,26.81,20.0
RS,TUNAS,5552.0,53.08,2.31,37.61,19.96
AL,ÁGUA BRANCA,22240.0,88.45,2.29,37.57,19.93
CE,COREAÚ,31098.0,73.21,9.63,30.15,19.89
RS,TIRADENTES DO SUL,7404.0,57.95,11.24,28.53,19.88
PE,RECIFE,2083082.0,51.34,24.55,15.19,19.87
SE,SALGADO,27954.0,72.54,8.29,31.42,19.86
PE,PARNAMIRIM,28836.0,89.61,9.71,29.94,19.83
PR,CONGONHINHAS,10320.0,52.74,21.8,17.83,19.82
SC,IRATI,3482.0,55.56,26.13,13.5,19.82
MA,APICUM-AÇU,20620.0,70.1,32.93,6.68,19.81
PA,PRAINHA,40538.0,52.58,31.71,7.86,19.79
MA,PAÇO DO LUMIAR,128012.0,58.84,20.46,19.03,19.75
MA,GOVERNADOR LUIZ ROCHA,9480.0,65.4,16.48,23.02,19.75
BA,ITACARÉ,28054.0,69.64,23.74,15.74,19.74
MG,PIRAPETINGA,15968.0,50.69,4.06,35.4,19.73
PB,POÇO DE JOSÉ DE MOURA,6396.0,82.85,16.07,23.39,19.73
BA,MATINA,15244.0,84.19,4.07,35.37,19.72
SE,ESTÂNCIA,77260.0,69.09,13.72,25.72,19.72
PB,GUARABIRA,71064.0,57.55,4.66,34.77,19.71
PI,BOM PRINCÍPIO DO PIAUÍ,10256.0,76.42,28.78,10.61,19.7
SC,CAXAMBU DO SUL,7430.0,51.0,24.28,15.13,19.7
CE,JIJOCA DE JERICOACOARA,29762.0,60.37,5.06,34.27,19.67
BA,CATU,66796.0,75.1,10.86,28.45,19.66
SP,MARABÁ PAULISTA,4092.0,55.85,11.31,27.75,19.65
AM,CAREIRO DA VÁRZEA,26082.0,54.83,8.61,30.6,19.61
CE,BOA VIAGEM,65976.0,84.25,3.82,35.33,19.58
MA,SENADOR ALEXANDRE COSTA,12090.0,73.87,8.9,30.26,19.58
SE,SIRIRI,10824.0,73.38,14.95,24.19,19.57
MG,JANUÁRIA,70700.0,71.73,24.7,14.44,19.57
PB,BARAÚNA,7234.0,78.61,24.5,14.63,19.56
SE,CARMÓPOLIS,19670.0,59.18,7.66,31.45,19.55
PE,PAUDALHO,73986.0,55.89,20.95,18.13,19.54
AM,COARI,71460.0,55.86,4.0,35.06,19.53
SE,CARIRA,27018.0,71.81,8.52,30.54,19.53
MA,JOSELÂNDIA,18750.0,74.3,16.54,22.47,19.51
PR,NOVA SANTA BÁRBARA,5706.0,56.75,32.04,6.94,19.49
PB,CONDE,37480.0,56.97,21.52,17.47,19.49
PB,OLHO D ÁGUA,10592.0,73.23,4.76,34.16,19.46
PI,PIO IX,23270.0,84.64,31.11,7.76,19.44
BA,PEDRO ALEXANDRE,15558.0,80.72,8.24,30.62,19.43
PB,PASSAGEM,4160.0,68.6,4.71,34.04,19.38
BA,ITAPARICA,29596.0,76.49,26.85,11.87,19.36
RN,BAÍA FORMOSA,11304.0,55.34,18.86,19.82,19.34
TO,ALMAS,8146.0,57.51,28.28,10.39,19.33
PI,PASSAGEM FRANCA DO PIAUÍ,5902.0,77.46,17.86,20.77,19.32
SE,CAPELA,40496.0,66.26,9.39,29.22,19.31
SE,CRISTINÁPOLIS,21384.0,74.79,4.2,34.4,19.3
PB,MATARACA,13062.0,64.44,10.12,28.43,19.28
ES,VILA VALÉRIO,20148.0,51.65,9.84,28.68,19.26
MA,ALTO ALEGRE DO PINDARÉ,31432.0,80.1,6.4,32.09,19.25
PR,SANTANA DO ITARARÉ,7132.0,55.47,34.8,3.7,19.25
MA,SÃO FÉLIX DE BALSAS,6118.0,74.47,1.7,36.78,19.24
TO,SANTA TEREZINHA DO TOCANTINS,3440.0,59.39,37.79,0.7,19.24
PA,AURORA DO PARÁ,28356.0,69.13,28.04,10.43,19.24
RN,PEDRO VELHO,18770.0,68.25,11.91,26.52,19.22
SC,ENTRE RIOS,4888.0,60.03,33.1,5.32,19.21
PA,PORTO DE MOZ,34654.0,54.97,28.77,9.62,19.19
PA,OEIRAS DO PARÁ,38688.0,76.81,32.22,6.16,19.19
PB,AREIA DE BARAÚNAS,3580.0,73.55,3.74,34.64,19.19
MT,NOVA NAZARÉ,3588.0,50.67,24.53,13.82,19.18
BA,VALENÇA,102772.0,63.56,11.83,26.49,19.16
PB,NOVA FLORESTA,12560.0,74.62,35.14,3.15,19.15
SC,PAIAL,3186.0,58.36,26.11,12.12,19.11
PR,RESERVA DO IGUAÇU,8362.0,59.16,19.85,18.34,19.1
BA,CAMAMU,36900.0,64.21,29.76,8.44,19.1
RS,BUTIÁ,23788.0,56.15,22.45,15.74,19.09
CE,IGUATU,115584.0,78.43,35.3,2.88,19.09
PR,SAUDADE DO IGUAÇU,8562.0,56.09,15.49,22.63,19.06
CE,PARACURU,52176.0,65.48,9.59,28.47,19.03
MA,FORMOSA DA SERRA NEGRA,20944.0,57.93,5.73,32.31,19.02
RN,PENDÊNCIAS,17642.0,72.87,27.24,10.76,19.0
PI,SÃO BRAZ DO PIAUÍ,6576.0,90.05,35.43,2.55,18.99
BA,MATA DE SÃO JOÃO,64946.0,73.87,28.36,9.6,18.98
BA,SANTA TEREZINHA,14044.0,83.06,32.03,5.9,18.96
RS,CHARQUEADAS,40756.0,52.05,16.34,21.49,18.91
PE,TEREZINHA,10050.0,81.87,21.53,16.28,18.91
PB,PIRPIRITUBA,12340.0,70.95,6.87,30.96,18.91
SP,ITAPECERICA DA SERRA,171906.0,52.59,24.29,13.5,18.9
BA,CHORROCHÓ,14054.0,83.36,11.54,26.26,18.9
PB,RIO TINTO,31382.0,68.28,9.81,27.95,18.88
MG,RIO NOVO,11378.0,50.32,28.58,9.16,18.87
CE,PENTECOSTE,53038.0,72.25,8.65,29.04,18.84
AL,BARRA DE SANTO ANTÔNIO,19434.0,58.97,3.1,34.55,18.82
BA,SÃO DESIDÉRIO,40498.0,67.47,25.05,12.54,18.8
PI,LAGOA DO BARRO DO PIAUÍ,7278.0,82.93,33.75,3.85,18.8
MG,ANTÔNIO CARLOS,15512.0,57.13,8.43,29.14,18.79
MA,ITAIPAVA DO GRAJAÚ,15662.0,70.74,4.42,33.16,18.79
PI,ALTOS,58298.0,79.92,12.77,24.82,18.79
BA,CÍCERO DANTAS,40444.0,71.32,5.76,31.8,18.78
MA,PAULO RAMOS,24710.0,67.34,9.62,27.94,18.78
MA,PORTO RICO DO MARANHÃO,9814.0,68.05,19.2,18.32,18.76
RN,SÃO RAFAEL,12012.0,65.2,30.84,6.69,18.76
TO,NOVO ALEGRE,3246.0,59.61,4.19,33.33,18.76
RN,JOÃO DIAS,4968.0,79.22,36.51,1.01,18.76
PI,URUÇUÍ,28708.0,65.29,11.54,25.96,18.75
CE,PACOTI,17020.0,78.78,33.58,3.89,18.74
MG,GOIANÁ,6434.0,63.71,26.52,10.94,18.73
BA,VERA CRUZ,53946.0,74.11,27.79,9.64,18.72
SE,MONTE ALEGRE DE SERGIPE,19132.0,69.92,7.35,30.09,18.72
PI,COCAL,34754.0,76.54,23.21,14.2,18.71
PE,SALGUEIRO,67320.0,77.38,11.26,26.16,18.71
SP,BOA ESPERANÇA DO SUL,14172.0,52.23,6.58,31.54,18.69
RN,PORTALEGRE,10824.0,64.12,34.94,2.38,18.66
CE,VARJOTA,25710.0,68.11,3.76,33.46,18.61
BA,MAIRI,21314.0,75.87,8.94,28.23,18.58
PE,JABOATÃO DOS GUARARAPES,775180.0,50.76,23.71,13.45,18.58
PB,BAÍA DA TRAIÇÃO,12224.0,77.38,14.55,22.56,18.55
AM,BERURI,20838.0,60.53,1.44,35.66,18.55
SP,RIBEIRÃO GRANDE,9434.0,55.62,24.56,12.08,18.53
BA,CONDEÚBA,22608.0,67.18,7.31,29.75,18.53
PI,MANOEL EMÍDIO,7458.0,81.5,11.26,25.8,18.53
PE,CAMARAGIBE,209164.0,51.46,25.27,11.76,18.52
GO,CAMPOS BELOS,21646.0,56.97,14.79,22.17,18.48
MA,PRESIDENTE MÉDICI,8152.0,75.39,21.03,15.87,18.45
CE,MASSAPÊ,51172.0,72.11,32.14,4.64,18.39
PI,DOM INOCÊNCIO,12188.0,86.17,31.77,5.0,18.39
TO,RECURSOLÂNDIA,4698.0,72.87,33.16,3.62,18.39
AP,CUTIAS,8282.0,54.17,20.57,16.18,18.38
RN,CURRAIS NOVOS,50540.0,60.86,28.39,8.35,18.37
BA,ITAPICURU,35736.0,81.13,7.39,29.3,18.35
PA,SÃO MIGUEL DO GUAMÁ,66170.0,63.55,17.62,19.07,18.34
RN,ANGICOS,16350.0,64.37,24.87,11.79,18.33
PI,VALENÇA DO PIAUÍ,26938.0,75.9,31.19,5.38,18.29
MA,VITÓRIA DO MEARIM,36714.0,69.04,13.91,22.57,18.24
SE,PIRAMBU,12676.0,67.49,15.54,20.91,18.22
RN,LAJES PINTADAS,8544.0,67.67,24.65,11.73,18.19
CE,PACAJUS,88674.0,59.14,11.01,25.38,18.19
PA,ABAETETUBA,199918.0,70.2,27.41,8.93,18.17
MA,JOÃO LISBOA,33562.0,61.75,16.08,20.24,18.16
PE,PETROLINA,381664.0,63.08,15.85,20.45,18.15
BA,CONCEIÇÃO DO JACUÍPE,43244.0,71.33,10.3,25.99,18.14
MA,SÃO DOMINGOS DO MARANHÃO,43282.0,67.55,23.91,12.37,18.14
BA,ITAMBÉ,29016.0,67.04,4.96,31.31,18.13
BA,BROTAS DE MACAÚBAS,14588.0,73.24,9.43,26.79,18.11
BA,MEDEIROS NETO,29186.0,59.64,7.83,28.34,18.08
RN,IPANGUAÇU,20660.0,76.55,28.21,7.95,18.08
PI,CRISTALÂNDIA DO PIAUÍ,8796.0,80.2,32.79,3.3,18.04
MG,BOTELHOS,19514.0,51.62,3.2,32.8,18.0
SP,JERIQUARA,4240.0,55.76,8.42,27.85,17.95
SP,GUATAPARÁ,7904.0,50.75,6.33,30.1,17.94
SC,CAMPO ERÊ,11606.0,54.2,16.13,19.73,17.93
MG,DATAS,7446.0,68.92,5.77,30.08,17.93
MA,TIMON,193934.0,70.0,13.41,22.46,17.93
PA,BRAGANÇA,140832.0,57.64,26.88,8.91,17.89
RN,IPUEIRA,3460.0,82.83,29.6,6.18,17.89
TO,MONTE DO CARMO,7468.0,56.1,9.03,26.75,17.89
SE,BARRA DOS COQUEIROS,39844.0,57.11,17.14,18.61,17.87
RN,SERRA CAIADA,13620.0,64.65,8.37,27.28,17.83
MA,ARAME,32930.0,68.36,17.97,17.66,17.81
PI,SÃO GONÇALO DO PIAUÍ,7446.0,75.88,30.84,4.7,17.77
BA,JUSSARA,21104.0,86.9,31.74,3.79,17.76
PE,CUMARU,23550.0,75.23,32.67,2.83,17.75
PI,ISAÍAS COELHO,10158.0,86.61,28.51,6.99,17.75
BA,RIBEIRA DO AMPARO,18622.0,78.81,5.86,29.53,17.7
RN,CARNAUBAIS,14440.0,73.44,27.31,8.07,17.69
PI,CORONEL JOSÉ DIAS,8222.0,90.9,33.69,1.65,17.67
RS,CAÇAPAVA DO SUL,40208.0,57.98,8.48,26.85,17.66
RN,RIO DO FOGO,16536.0,58.46,25.29,10.04,17.66
PI,BURITI DOS LOPES,27256.0,72.31,10.54,24.76,17.65
MA,GOVERNADOR EUGÊNIO BARROS,16712.0,77.77,7.2,28.08,17.64
MA,GUIMARÃES,14362.0,82.78,20.28,15.0,17.64
PR,TURVO,18946.0,53.19,19.51,15.72,17.61
SP,RIBEIRÃO DOS ÍNDIOS,2773.0,52.22,5.26,30.33,17.6
PE,CARPINA,96498.0,51.04,23.4,11.81,17.6
BA,MIGUEL CALMON,32130.0,67.3,16.23,18.97,17.6
MS,FIGUEIRÃO,3900.0,51.69,12.77,22.41,17.59
PR,AMPÉRE,24394.0,51.1,17.39,17.79,17.59
MA,BACURITUBA,7782.0,86.02,26.39,8.76,17.58
MA,SANTO AMARO DO MARANHÃO,18108.0,82.81,18.7,16.45,17.57
BA,BOTUPORÃ,14328.0,80.66,4.61,30.49,17.55
RS,ARROIO GRANDE,23892.0,54.91,12.52,22.58,17.55
TO,CHAPADA DA NATIVIDADE,4456.0,76.25,7.14,27.96,17.55
SE,NOSSA SENHORA DAS DORES,34506.0,59.77,15.81,19.25,17.53
BA,UMBURANAS,17836.0,63.81,28.54,6.41,17.48
BA,RIBEIRA DO POMBAL,67638.0,72.8,14.97,19.98,17.48
MG,BELA VISTA DE MINAS,13060.0,61.22,10.28,24.69,17.48
PI,LAGOA DO PIAUÍ,7550.0,74.6,29.3,5.67,17.48
PI,NOVA SANTA RITA,6700.0,92.96,7.19,27.7,17.45
CE,ALCÂNTARAS,15228.0,80.06,3.73,31.18,17.45
BA,SANTO ESTEVÃO,62072.0,80.9,31.7,3.17,17.44
BA,LAFAIETE COUTINHO,6690.0,81.51,34.56,0.33,17.44
MA,ÁGUA DOCE DO MARANHÃO,16626.0,76.47,15.06,19.79,17.42
PI,AMARANTE,24160.0,80.96,13.24,21.61,17.42
BA,MUNDO NOVO,23064.0,76.24,7.88,26.88,17.38
MA,GOVERNADOR EDISON LOBÃO,22894.0,57.3,14.89,19.78,17.34
MG,GUARARÁ,5576.0,51.62,17.4,17.29,17.34
BA,CRUZ DAS ALMAS,80304.0,67.24,25.18,9.49,17.33
MG,COLUNA,9562.0,60.98,15.92,18.7,17.31
RN,LAJES,14426.0,73.66,8.04,26.56,17.3
PB,BERNARDINO BATISTA,4860.0,82.69,2.88,31.73,17.3
RN,CEARÁ-MIRIM,93104.0,68.21,20.39,14.16,17.28
MG,SANTANA DO GARAMBÉU,3722.0,74.79,2.15,32.35,17.25
RS,RIO PARDO,46330.0,53.3,11.3,23.19,17.24
MG,PINGO D ÁGUA,6386.0,62.92,23.8,10.68,17.24
SE,CEDRO DE SÃO JOÃO,8868.0,60.57,18.74,15.72,17.23
BA,VITÓRIA DA CONQUISTA,422646.0,53.37,10.24,24.15,17.2
BA,RIACHÃO DO JACUÍPE,45774.0,79.53,17.77,16.61,17.19
RN,CARAÚBAS,30912.0,75.14,24.85,9.51,17.18
MA,BURITIRANA,17812.0,59.31,15.84,18.49,17.17
RN,CAMPO GRANDE,14178.0,66.54,21.43,12.91,17.17
GO,SÍTIO D ABADIA,4296.0,52.91,28.21,6.1,17.16
MA,POÇÃO DE PEDRAS,22794.0,72.26,7.41,26.87,17.14
BA,AMARGOSA,44114.0,66.54,10.48,23.78,17.13
BA,BELMONTE,23426.0,63.24,8.1,26.12,17.11
MA,TUTÓIA,60948.0,73.34,16.21,17.99,17.1
RN,SÃO JOÃO DO SABUGI,8850.0,66.06,28.36,5.79,17.07
MA,PERITORÓ,25038.0,77.39,26.25,7.86,17.05
BA,NOVA SOURE,31894.0,84.33,8.3,25.77,17.03
MG,DIVINOLÂNDIA DE MINAS,8472.0,60.75,29.37,4.7,17.03
PB,NAZAREZINHO,11400.0,82.65,6.46,27.58,17.02
RN,SANTA CRUZ,43058.0,66.71,27.02,7.0,17.01
BA,IGRAPIÚNA,13632.0,67.15,12.43,21.58,17.0
PI,ALTO LONGÁ,21172.0,80.41,19.07,14.93,17.0
TO,PONTE ALTA DO BOM JESUS,5362.0,69.74,23.05,10.89,16.97
BA,POJUCA,44928.0,73.91,15.95,17.98,16.96
PE,ILHA DE ITAMARACÁ,28016.0,68.09,16.8,17.09,16.95
MG,MATIAS BARBOSA,19206.0,54.09,22.35,11.49,16.92
MA,BOM JARDIM,40038.0,72.66,22.63,11.18,16.91
PR,BELA VISTA DA CAROBA,4976.0,58.87,17.93,15.88,16.9
PE,IPUBI,33626.0,80.16,2.02,31.78,16.9
RN,FELIPE GUERRA,11666.0,80.3,25.97,7.83,16.9
BA,MULUNGU DO MORRO,17140.0,85.13,2.68,31.06,16.87
BA,MUCUGÊ,15774.0,62.08,21.4,12.34,16.87
MG,CONCEIÇÃO DO RIO VERDE,15964.0,52.47,18.15,15.52,16.84
MA,BENEDITO LEITE,6424.0,72.65,7.0,26.68,16.84
BA,SANTA CRUZ CABRÁLIA,33012.0,56.95,17.35,16.28,16.82
RN,SÃO BENTO DO NORTE,6164.0,68.3,25.31,8.34,16.82
PR,RIO BONITO DO IGUAÇU,18046.0,61.26,27.23,6.42,16.82
RN,ITAJÁ,10638.0,70.09,29.67,3.93,16.8
PI,UNIÃO,60196.0,76.98,21.44,12.1,16.77
RN,PASSA E FICA,15308.0,58.34,8.54,24.93,16.74
RN,TAIPU,17162.0,75.32,28.14,5.34,16.74
PI,NAZARÉ DO PIAUÍ,10360.0,90.51,6.74,26.72,16.73
PI,GUADALUPE,12754.0,76.63,10.79,22.64,16.72
MG,RAPOSOS,22452.0,57.18,23.19,10.2,16.69
MA,SANTO ANTÔNIO DOS LOPES,23420.0,65.88,13.37,20.0,16.69
PI,NAZÁRIA,18572.0,79.13,15.78,17.61,16.69
TO,PARANÃ,11974.0,75.81,9.94,23.38,16.66
RN,CERRO CORÁ,14232.0,78.48,17.05,16.17,16.61
BA,NOVA REDENÇÃO,9798.0,88.57,4.98,28.19,16.59
PI,CAMPO LARGO DO PIAUÍ,8492.0,80.08,9.47,23.72,16.59
PE,LAGOA DE ITAENGA,29582.0,63.44,25.86,7.29,16.58
AL,PARICONHA,13420.0,88.87,3.14,29.91,16.53
RN,ESPÍRITO SANTO,12038.0,55.84,27.23,5.81,16.52
MG,SANTO ANTÔNIO DO JACINTO,12818.0,51.13,3.29,29.72,16.51
PB,CAAPORÃ,27466.0,63.69,15.52,17.45,16.49
PE,TRINDADE,34836.0,71.31,3.71,29.28,16.49
PR,PINHÃO,36236.0,55.02,15.48,17.48,16.48
SC,ÁGUAS DE CHAPECÓ,7784.0,56.51,20.09,12.85,16.47
SE,BOQUIM,33886.0,67.54,9.49,23.38,16.44
PB,TEIXEIRA,18828.0,74.19,4.48,28.39,16.44
MA,CACHOEIRA GRANDE,13030.0,79.0,11.3,21.57,16.43
SP,SUZANÁPOLIS,3736.0,54.56,6.38,26.46,16.43
PR,CANDÓI,18754.0,50.09,11.84,20.97,16.4
MG,NATALÂNDIA,4800.0,61.37,28.71,4.04,16.38
RN,JOÃO CÂMARA,42608.0,65.44,27.48,5.27,16.37
MG,CORAÇÃO DE JESUS,31172.0,68.2,23.54,9.21,16.37
RS,SANTA VITÓRIA DO PALMAR,35606.0,57.73,15.99,16.74,16.37
MA,SENADOR LA ROCQUE,18800.0,61.89,14.35,18.38,16.37
AM,NOVA OLINDA DO NORTE,28626.0,75.58,2.93,29.79,16.36
PE,SANTA MARIA DA BOA VISTA,48162.0,79.73,7.46,25.26,16.36
MT,ALTO PARAGUAI,9290.0,51.44,20.93,11.78,16.35
PE,SÃO LOURENÇO DA MATA,134402.0,57.53,21.78,10.93,16.35
CE,IRACEMA,18442.0,79.35,3.06,29.64,16.35
RS,SANT ANA DO LIVRAMENTO,104250.0,52.54,12.29,20.37,16.33
SP,TARABAI,7585.0,50.95,4.75,28.25,16.32
PA,IPIXUNA DO PARÁ,35596.0,61.2,23.53,9.09,16.31
PR,PINHAL DE SÃO BENTO,3878.0,76.07,16.09,16.5,16.3
MA,BACABEIRA,23814.0,77.06,22.63,9.94,16.29
RN,AREZ,18368.0,64.17,14.74,17.84,16.29
MG,TURMALINA,24446.0,66.44,14.87,17.7,16.28
MA,SANTA HELENA,34124.0,72.78,27.14,5.36,16.25
RN,GOVERNADOR DIX-SEPT ROSADO,19746.0,77.88,26.65,5.82,16.24
PB,CARAÚBAS,7166.0,72.79,31.71,0.78,16.24
BA,SANTA BRÍGIDA,18086.0,79.79,6.19,26.29,16.24
TO,BRASILÂNDIA DO TOCANTINS,3034.0,53.03,3.63,28.81,16.22
PB,CUITÉ DE MAMANGUAPE,11088.0,76.39,2.54,29.87,16.21
SP,SANDOVALINA,4565.0,53.1,5.06,27.24,16.19
TO,ANANÁS,11578.0,60.05,17.48,14.86,16.17
RN,APODI,49520.0,76.1,22.35,9.96,16.16
PI,SÃO JOÃO DO ARRAIAL,11396.0,69.07,14.5,17.8,16.15
CE,ICAPUÍ,28478.0,64.55,11.37,20.89,16.13
AM,URUCURITUBA,19550.0,73.7,7.58,24.64,16.11
PE,CABO DE SANTO AGOSTINHO,272992.0,63.58,24.14,8.03,16.09
PR,CANTAGALO,14188.0,54.75,26.71,5.43,16.07
TO,PEIXE,11146.0,61.04,24.85,7.27,16.06
BA,RIO DE CONTAS,19262.0,76.13,9.48,22.55,16.02
PI,CURRALINHOS,8188.0,86.48,7.25,24.77,16.01
BA,CARINHANHA,35106.0,60.27,7.02,24.96,15.99
SE,RIACHUELO,12950.0,69.94,9.58,22.32,15.95
MG,FRANCISCO DUMONT,6230.0,58.55,6.16,25.71,15.94
CE,JUCÁS,30302.0,76.77,28.98,2.86,15.92
RN,JAÇANÃ,9784.0,79.42,20.65,11.2,15.92
RS,PASSA SETE,6326.0,50.26,3.19,28.61,15.9
MG,MONTEZUMA,8500.0,61.33,21.53,10.24,15.88
BA,INHAMBUPE,42416.0,75.96,6.36,25.41,15.88
RN,MONTE ALEGRE,27670.0,58.3,20.03,11.67,15.85
BA,CAMPO ALEGRE DE LOURDES,35782.0,81.72,22.53,9.16,15.84
AL,IGACI,28888.0,77.14,3.37,28.27,15.82
CE,MARANGUAPE,136592.0,61.21,18.92,12.71,15.81
BA,MUTUÍPE,28082.0,67.11,14.07,17.52,15.79
CE,PORTEIRAS,21858.0,85.92,29.95,1.63,15.79
MG,DOURADOQUARA,3266.0,54.22,4.65,26.88,15.77
BA,AMÉRICA DOURADA,20290.0,82.85,24.58,6.92,15.75
PB,SÃO DOMINGOS DO CARIRI,4704.0,74.5,27.59,3.91,15.75
PI,SIGEFREDO PACHECO,14610.0,81.59,27.15,4.28,15.72
GO,CRIXÁS,18790.0,52.89,27.16,4.28,15.72
AL,UNIÃO DOS PALMARES,68856.0,57.88,4.35,27.07,15.71
MG,SANTANA DO DESERTO,5488.0,61.83,13.56,17.86,15.71
AL,SÃO MIGUEL DOS MILAGRES,11466.0,51.97,2.81,28.59,15.7
MT,PORTO ESTRELA,4802.0,60.07,22.24,9.16,15.7
RN,VERA CRUZ,16708.0,56.41,13.1,18.25,15.68
PE,CONDADO,31616.0,64.01,27.11,4.21,15.66
TO,BABAÇULÂNDIA,10642.0,68.03,19.06,12.22,15.64
RN,MACAÍBA,86730.0,59.24,18.63,12.63,15.63
MA,PIRAPEMAS,18730.0,81.53,25.05,6.2,15.63
PR,PARANAPOEMA,3526.0,59.32,13.33,17.92,15.63
BA,ADUSTINA,19362.0,81.59,6.87,24.35,15.61
PE,JOÃO ALFREDO,37628.0,76.62,26.03,5.18,15.61
MA,ITAPECURU MIRIM,70142.0,76.16,8.65,22.55,15.6
GO,CASTELÂNDIA,5332.0,52.67,27.72,3.45,15.59
MA,CAROLINA,27788.0,54.97,12.42,18.71,15.56
CE,GENERAL SAMPAIO,12126.0,81.95,5.16,25.94,15.55
PI,MIGUEL LEÃO,2714.0,67.25,25.64,5.45,15.55
PI,NOVO SANTO ANTÔNIO,7410.0,82.2,25.45,5.59,15.52
SE,ROSÁRIO DO CATETE,13506.0,70.78,12.11,18.91,15.51
CE,INDEPENDÊNCIA,33242.0,73.11,4.95,26.05,15.5
CE,SABOEIRO,19014.0,80.9,23.28,7.73,15.5
PR,PLANALTO,17010.0,51.24,18.74,12.23,15.49
PB,CONDADO,8982.0,79.12,6.86,24.09,15.48
MA,MAGALHÃES DE ALMEIDA,19144.0,71.51,17.11,13.83,15.47
TO,TAIPAS DO TOCANTINS,2822.0,67.49,4.89,26.01,15.45
PB,PEDRO RÉGIS,8006.0,61.51,5.22,25.66,15.44
CE,BAIXIO,8736.0,85.55,2.08,28.8,15.44
BA,POÇÕES,56884.0,72.07,26.52,4.37,15.44
AL,OURO BRANCO,14314.0,73.47,1.24,29.61,15.43
MA,BURITI,33436.0,85.48,16.16,14.68,15.42
BA,WANDERLEY,16922.0,65.42,10.93,19.91,15.42
PR,INÁCIO MARTINS,13536.0,51.73,19.52,11.32,15.42
PB,SÃO JOÃO DO CARIRI,6976.0,77.91,28.12,2.69,15.41
BA,JUSSARI,6974.0,56.48,8.4,22.43,15.41
SE,JAPOATÃ,17882.0,70.29,12.14,18.64,15.39
SE,LARANJEIRAS,35456.0,62.39,8.92,21.81,15.37
MA,SÃO MATEUS DO MARANHÃO,42256.0,72.52,19.4,11.28,15.34
BA,CENTRAL,21594.0,79.1,17.96,12.66,15.31
MG,SERRO,23336.0,69.79,16.8,13.81,15.3
RN,JARDIM DO SERIDÓ,16918.0,61.18,22.77,7.8,15.29
AM,ITAMARATI,10188.0,72.68,7.05,23.52,15.28
CE,QUIXADÁ,97948.0,59.59,12.06,18.45,15.25
SC,SANTIAGO DO SUL,2520.0,54.76,22.14,8.33,15.24
CE,CRATO,159992.0,81.41,14.71,15.73,15.22
BA,ALCOBAÇA,27056.0,68.58,10.54,19.89,15.22
SE,LAGARTO,129102.0,66.53,8.82,21.61,15.22
RJ,COMENDADOR LEVY GASPARIAN,13554.0,56.31,9.0,21.44,15.22
MA,JATOBÁ,10374.0,72.1,27.74,2.68,15.21
AL,JOAQUIM GOMES,21724.0,66.27,10.63,19.79,15.21
MG,RIO POMBA,22572.0,50.44,9.93,20.46,15.2
GO,COLINAS DO SUL,5078.0,59.31,20.91,9.45,15.18
MG,RIO MANSO,7638.0,52.58,4.92,25.43,15.17
SP,RIBEIRA,4193.0,54.54,16.66,13.58,15.14
MA,CANTANHEDE,20252.0,81.88,11.06,19.23,15.14
PI,BARRAS,57124.0,74.8,8.3,21.95,15.13
MA,LAGO DO JUNCO,12868.0,72.53,22.66,7.57,15.12
ES,CONCEIÇÃO DA BARRA,33374.0,57.73,16.1,14.12,15.11
MA,LAGO DA PEDRA,52332.0,53.84,22.14,8.08,15.11
MG,LIMA DUARTE,22486.0,66.02,20.34,9.85,15.09
MA,SÃO JOÃO DOS PATOS,30446.0,75.04,20.41,9.76,15.09
TO,ESPERANTINA,9484.0,64.14,18.54,11.6,15.07
MA,ICATU,35296.0,78.64,18.1,12.01,15.06
CE,PACATUBA,89544.0,60.59,19.3,10.83,15.06
AM,BARCELOS,15098.0,62.59,2.72,27.34,15.03
SE,ITABAIANA,122988.0,57.71,16.2,13.84,15.02
BA,PEDRÃO,10346.0,87.78,5.26,24.74,15.0
PA,JURUTI,58428.0,53.92,13.82,16.11,14.97
BA,AMÉLIA RODRIGUES,31434.0,76.9,13.91,16.04,14.97
PB,MARI,29152.0,70.06,8.98,20.95,14.97
PI,SANTA LUZ,8228.0,67.76,28.85,1.0,14.92
PR,NOVA ESPERANÇA DO SUDOESTE,8010.0,54.95,10.24,19.58,14.91
RN,BOM JESUS,14100.0,59.15,17.48,12.35,14.91
CE,JUAZEIRO DO NORTE,308848.0,72.5,10.34,19.47,14.91
MG,GUARANI,10948.0,59.58,7.64,22.16,14.9
MG,OLHOS D ÁGUA,7840.0,69.47,25.28,4.49,14.89
MG,IBIAÍ,8938.0,69.21,24.46,5.33,14.89
RJ,VALENÇA,85368.0,52.39,11.24,18.52,14.88
RN,BREJINHO,15908.0,65.7,15.39,14.37,14.88
SE,PEDRINHAS,11490.0,73.92,6.75,22.99,14.87
BA,GONGOGI,7546.0,74.82,11.37,18.37,14.87
PI,SÃO JOÃO DO PIAUÍ,24512.0,79.14,22.88,6.8,14.84
RS,ARAMBARÉ,5404.0,50.01,21.87,7.81,14.84
SC,SÃO BERNARDINO,4196.0,52.98,21.21,8.44,14.82
BA,VÁRZEA DO POÇO,10802.0,67.15,20.09,9.5,14.79
TO,DIANÓPOLIS,20284.0,59.42,8.27,21.28,14.78
AM,IPIXUNA,15438.0,62.41,1.77,27.75,14.76
SE,GENERAL MAYNARD,4700.0,67.06,5.91,23.57,14.74
PE,MORENO,80072.0,60.41,22.9,6.56,14.73
RS,CHUÍ,6680.0,61.29,8.44,20.99,14.72
RS,TRÊS FORQUILHAS,4782.0,54.49,5.86,23.59,14.72
RN,EQUADOR,7702.0,63.13,26.28,3.17,14.72
PE,NAZARÉ DA MATA,42234.0,52.24,19.23,10.21,14.72
BA,TEOFILÂNDIA,27244.0,83.64,23.84,5.57,14.71
TO,SÃO VALÉRIO,5858.0,72.83,20.25,9.15,14.7
MG,SERRANÓPOLIS DE MINAS,6082.0,64.14,1.45,27.95,14.7
MA,CURURUPU,39426.0,80.41,19.57,9.81,14.69
SC,SANTA TEREZINHA DO PROGRESSO,3860.0,57.27,19.07,10.31,14.69
MG,RIO PRETO,8296.0,64.74,23.67,5.71,14.69
SP,CASTILHO,20667.0,50.84,11.46,18.0,14.69
BA,NAZARÉ,35680.0,73.77,17.86,11.48,14.67
PB,MULUNGU,14968.0,70.6,4.94,24.37,14.66
SP,POPULINA,4382.0,52.17,6.85,22.15,14.65
MA,GRAJAÚ,76746.0,60.98,23.27,6.01,14.64
BA,MUCURI,42402.0,51.11,17.32,11.91,14.62
MG,NOVO ORIENTE DE MINAS,11730.0,70.82,8.63,20.6,14.61
SP,MIRANTE DO PARANAPANEMA,17353.0,61.61,8.14,21.65,14.61
PI,BOM JESUS,31582.0,65.13,20.39,8.8,14.59
MA,BEQUIMÃO,28304.0,81.71,22.77,6.35,14.56
MG,OURO PRETO,103612.0,65.55,16.64,12.49,14.56
PB,SANTA TERESINHA,9128.0,73.19,3.22,25.81,14.52
PB,PEDRA LAVRADA,10088.0,80.25,22.5,6.5,14.5
PA,ORIXIMINÁ,73662.0,51.99,24.6,4.38,14.49
RN,POÇO BRANCO,18314.0,79.39,22.22,6.74,14.48
RN,SENADOR ELÓI DE SOUZA,9150.0,69.28,13.75,15.15,14.45
BA,OLIVEIRA DOS BREJINHOS,26026.0,79.07,22.17,6.73,14.45
CE,CHORÓ,18628.0,80.89,3.99,24.88,14.44
MG,SÃO DOMINGOS DO PRATA,22060.0,56.92,14.51,14.37,14.44
BA,VÁRZEA NOVA,16140.0,70.88,12.09,16.79,14.44
MA,PEDREIRAS,46014.0,61.07,20.34,8.55,14.44
TO,NOVA OLINDA,12868.0,51.3,7.77,21.0,14.38
PI,BURITI DOS MONTES,11070.0,82.24,1.46,27.26,14.36
MA,ANAPURUS,22540.0,76.97,11.07,17.56,14.32
AM,BOA VISTA DO RAMOS,19366.0,84.17,4.4,24.15,14.27
AM,NHAMUNDÁ,22258.0,78.64,3.08,25.45,14.26
RS,BENJAMIN CONSTANT DO SUL,3358.0,55.57,24.9,3.63,14.26
RN,CANGUARETAMA,38206.0,72.01,15.19,13.34,14.26
PA,FARO,10162.0,78.07,20.41,8.07,14.24
PI,CAJUEIRO DA PRAIA,11466.0,78.41,7.9,20.58,14.24
RN,NÍSIA FLORESTA,34828.0,57.31,14.25,14.2,14.23
MG,PONTO CHIQUE,5260.0,75.85,2.7,25.74,14.22
PE,BELO JARDIM,97844.0,65.84,13.56,14.87,14.22
MG,SANTA HELENA DE MINAS,7668.0,72.12,9.62,18.78,14.2
AM,ITACOATIARA,109714.0,59.23,16.97,11.42,14.2
RS,DEZESSEIS DE NOVEMBRO,4152.0,50.96,3.18,25.19,14.19
MA,AXIXÁ,16678.0,78.28,20.63,7.75,14.19
PI,RIBEIRO GONÇALVES,8384.0,70.08,6.2,22.19,14.19
BA,ITIÚBA,43448.0,70.03,23.65,4.7,14.18
BA,CASA NOVA,92014.0,76.62,3.18,25.15,14.16
GO,JAUPACI,4284.0,55.4,22.22,6.07,14.15
SE,PROPRIÁ,31970.0,61.98,7.63,20.66,14.15
PE,SÃO VICENTE FÉRRER,22516.0,66.99,27.47,0.83,14.15
PB,CATINGUEIRA,8072.0,71.06,3.82,24.45,14.14
CE,ABAIARA,11836.0,80.61,26.06,2.23,14.14
PR,LEÓPOLIS,5534.0,53.7,14.53,13.73,14.13
BA,MACAÚBAS,51046.0,76.01,21.21,7.03,14.12
PI,COCAL DOS ALVES,8760.0,89.75,24.66,3.58,14.12
MG,ALÉM PARAÍBA,42920.0,50.69,18.3,9.9,14.1
AM,SÃO GABRIEL DA CACHOEIRA,43182.0,77.31,5.26,22.93,14.1
PE,GRAVATÁ,108426.0,58.64,16.82,11.35,14.09
AM,SANTA ISABEL DO RIO NEGRO,11142.0,68.82,7.14,21.0,14.07
ES,JAGUARÉ,35032.0,54.02,13.4,14.72,14.06
PB,SERRARIA,6738.0,70.3,5.34,22.77,14.05
RN,SANTANA DO MATOS,18288.0,79.83,20.2,7.83,14.01
PR,CAMPINA DO SIMÃO,5724.0,58.31,22.82,5.14,13.98
PB,LAGOA DE DENTRO,11144.0,75.68,4.41,23.53,13.97
CE,IBARETAMA,20688.0,77.33,18.42,9.51,13.96
RN,ALTO DO RODRIGUES,18354.0,76.47,18.32,9.59,13.95
PR,IRETAMA,12260.0,51.51,12.95,14.93,13.94
PR,FOZ DO JORDÃO,6758.0,63.77,19.03,8.82,13.92
AM,NOVO AIRÃO,17744.0,52.78,3.37,24.47,13.92
MA,ARAIOSES,49504.0,81.43,6.93,20.87,13.9
SP,JÚLIO MESQUITA,5515.0,50.38,4.82,23.23,13.89
SC,SALTINHO,5348.0,64.61,14.14,13.61,13.87
PI,SÃO JOÃO DA FRONTEIRA,7968.0,77.76,25.55,2.13,13.84
BA,HELIÓPOLIS,18864.0,86.09,3.11,24.57,13.84
GO,TURVELÂNDIA,6350.0,53.22,25.83,1.83,13.83
PR,MANFRINÓPOLIS,4936.0,63.35,13.33,14.3,13.82
GO,BONÓPOLIS,5016.0,51.59,25.24,2.35,13.8
MG,JAGUARAÇU,4992.0,53.39,22.36,5.25,13.8
PE,CORTÊS,16838.0,62.9,16.26,11.34,13.8
MA,PARAIBANO,21850.0,80.8,7.98,19.6,13.79
PI,ANÍSIO DE ABREU,11462.0,87.31,25.98,1.59,13.78
PA,SÃO JOÃO DO ARAGUAIA,17410.0,57.74,24.55,3.01,13.78
CE,PEDRA BRANCA,52026.0,85.32,6.51,21.02,13.77
SC,LEBON RÉGIS,13604.0,51.84,13.83,13.7,13.77
RS,LAVRAS DO SUL,8998.0,54.63,6.38,21.09,13.74
BA,VÁRZEA DA ROÇA,16792.0,75.78,11.7,15.78,13.74
CE,MOMBAÇA,49578.0,78.71,5.69,21.76,13.73
PE,CHÃ DE ALEGRIA,18454.0,62.26,24.48,2.92,13.7
RS,HULHA NEGRA,7808.0,58.22,5.48,21.93,13.7
RN,GALINHOS,4322.0,53.56,8.88,18.51,13.7
PR,HONÓRIO SERPA,7088.0,58.62,9.54,17.86,13.7
BA,JEREMOABO,45290.0,80.3,6.63,20.75,13.69
BA,IBIASSUCÊ,13772.0,65.39,14.38,13.01,13.69
AM,AMATURÁ,10810.0,74.48,10.32,17.02,13.67
ES,MUCURICI,7848.0,60.55,11.98,15.32,13.65
PI,PRATA DO PIAUÍ,5420.0,88.37,16.64,10.66,13.65
GO,AMERICANO DO BRASIL,8344.0,50.28,23.39,3.91,13.65
PE,JUPI,20242.0,81.06,2.59,24.69,13.64
AM,BARREIRINHA,33478.0,88.53,6.34,20.93,13.64
BA,ANGUERA,14896.0,79.37,25.19,2.07,13.63
RN,SÃO VICENTE,8408.0,66.77,19.01,8.23,13.62
PI,FRANCISCO SANTOS,11616.0,80.55,23.85,3.39,13.62
PR,ADRIANÓPOLIS,8344.0,58.42,22.34,4.84,13.59
BA,NILO PEÇANHA,15154.0,75.51,9.58,17.61,13.59
MG,CATAS ALTAS DA NORUEGA,6050.0,61.42,2.18,24.96,13.57
AM,ANAMÃ,12930.0,64.54,2.58,24.56,13.57
MA,ALTO ALEGRE DO MARANHÃO,27566.0,77.71,7.99,19.12,13.55
MG,PAULA CÂNDIDO,12124.0,63.81,6.55,20.52,13.54
GO,ANHANGÜERA,1804.0,53.63,26.16,0.89,13.53
PI,ALAGOINHA DO PIAUÍ,10186.0,77.57,25.07,1.98,13.53
RN,SÍTIO NOVO,8000.0,78.88,13.85,13.18,13.51
MG,GUIRICEMA,11892.0,62.74,4.29,22.74,13.51
RN,PUREZA,12794.0,69.45,15.21,11.79,13.5
RS,BOM PROGRESSO,3804.0,61.63,5.52,21.45,13.49
PR,FÊNIX,6268.0,57.74,7.79,19.14,13.47
MA,DAVINÓPOLIS,18080.0,52.84,11.18,15.76,13.47
MG,DIAMANTINA,56896.0,64.27,10.81,16.1,13.46
PR,ENÉAS MARQUES,8924.0,53.17,15.04,11.86,13.45
TO,TOCANTINÓPOLIS,26084.0,60.09,18.79,8.08,13.44
PI,GILBUÉS,12952.0,77.61,12.72,14.14,13.43
TO,MIRACEMA DO TOCANTINS,22596.0,55.76,20.67,6.19,13.43
TO,FILADÉLFIA,9992.0,54.99,9.43,17.39,13.41
PR,JARDIM OLINDA,2104.0,73.16,6.08,20.72,13.4
BA,CANDEAL,12658.0,71.16,23.81,2.99,13.4
RN,CRUZETA,10914.0,76.38,21.28,5.53,13.4
PI,CURRAIS,8770.0,75.03,25.2,1.6,13.4
PI,CORRENTE,31942.0,67.92,22.47,4.31,13.39
PI,MONSENHOR HIPÓLITO,11724.0,84.16,15.03,11.75,13.39
RS,SANTO ANTÔNIO DAS MISSÕES,13674.0,58.23,8.03,18.72,13.38
MG,PIAU,5036.0,57.59,18.78,7.98,13.38
CE,JARDIM,32842.0,80.78,23.18,3.55,13.37
AL,SÃO JOSÉ DA TAPERA,30808.0,77.46,7.91,18.83,13.37
BA,TEODORO SAMPAIO,11108.0,88.31,11.96,14.75,13.35
PI,VÁRZEA BRANCA,7514.0,89.06,21.11,5.59,13.35
TO,CASEARA,6086.0,64.26,4.3,22.38,13.34
PE,OROCÓ,19296.0,74.96,4.57,22.1,13.33
MA,ALCÂNTARA,26644.0,78.0,17.63,8.99,13.31
RS,NOVO TIRADENTES,3096.0,54.3,4.65,21.96,13.31
RN,OLHO D ÁGUA DO BORGES,7128.0,78.04,22.14,4.46,13.3
CE,ARACATI,93370.0,65.8,6.99,19.57,13.28
CE,JAGUARETAMA,24638.0,80.77,7.22,19.34,13.28
PE,ITAMBÉ,38302.0,67.85,23.97,2.53,13.25
PI,ESPERANTINA,47768.0,71.66,11.63,14.87,13.25
PE,BOM JARDIM,47874.0,72.84,21.44,5.05,13.25
PE,TRACUNHAÉM,18696.0,67.73,23.29,3.21,13.25
PE,CATENDE,39276.0,71.09,6.27,20.21,13.24
MG,SANTOS DUMONT,60120.0,56.96,9.85,16.61,13.23
PR,CORONEL DOMINGOS SOARES,7994.0,54.75,12.46,13.99,13.22
AM,MAUÉS,54592.0,82.28,4.18,22.26,13.22
PE,GLÓRIA DO GOITÁ,37054.0,71.53,19.75,6.67,13.21
RN,FRANCISCO DANTAS,4604.0,77.34,20.63,5.78,13.21
SP,SARUTAIÁ,4657.0,55.91,5.64,20.72,13.21
SE,JAPARATUBA,22170.0,71.24,11.9,14.51,13.2
CE,POTENGI,12086.0,87.97,22.08,4.3,13.19
MG,GUARACIABA,12588.0,66.59,2.84,23.53,13.19
SE,NOSSA SENHORA DE LOURDES,9490.0,73.16,10.52,15.85,13.18
SE,MURIBECA,11698.0,70.53,8.48,17.87,13.17
CE,IBICUITINGA,20148.0,70.04,5.36,20.91,13.13
MG,CARAÍ,19596.0,73.94,2.33,23.92,13.13
PB,SÃO JOSÉ DE PIRANHAS,24394.0,79.37,11.31,14.95,13.13
AM,CODAJÁS,23812.0,57.5,4.96,21.3,13.13
BA,COTEGIPE,17972.0,77.04,7.59,18.66,13.13
PI,JÚLIO BORGES,7292.0,89.26,22.85,3.4,13.12
RS,JAGUARÃO,31968.0,52.64,12.71,13.53,13.12
CE,SÃO LUÍS DO CURU,18660.0,72.19,6.52,19.71,13.11
BA,ARAMARI,14888.0,81.03,5.31,20.92,13.11
SE,AMPARO DE SÃO FRANCISCO,4462.0,59.63,5.24,20.98,13.11
SP,DIADEMA,453818.0,55.12,11.83,14.3,13.09
PB,FREI MARTINHO,4732.0,71.39,23.16,3.0,13.08
CE,CANINDÉ,93566.0,76.18,13.71,12.44,13.08
SP,DOLCINÓPOLIS,3052.0,60.77,8.65,17.23,13.07
RS,HERVAL,8012.0,57.32,11.83,14.3,13.07
RN,AREIA BRANCA,34210.0,66.11,13.62,12.47,13.05
MA,CHAPADINHA,88846.0,69.96,9.15,16.93,13.04
BA,CANAVIEIRAS,36302.0,63.03,9.37,16.72,13.04
PI,PADRE MARCOS,9878.0,81.72,17.13,8.93,13.03
MA,ROSÁRIO,49546.0,73.88,11.03,15.01,13.02
MA,PEDRO DO ROSÁRIO,26232.0,81.58,14.39,11.66,13.02
MA,TUFILÂNDIA,8898.0,73.76,7.08,18.95,13.01
PE,IGARASSU,145354.0,60.39,15.53,10.44,12.99
PB,REMÍGIO,22650.0,76.39,22.42,3.51,12.97
PB,UMBUZEIRO,11014.0,71.34,7.92,18.0,12.96
MA,SÃO BERNARDO,33412.0,76.31,13.35,12.56,12.96
BA,BURITIRAMA,23750.0,75.11,15.65,10.27,12.96
SE,CAMPO DO BRITO,23596.0,62.6,9.45,16.43,12.94
BA,CAIRU,22322.0,65.76,13.91,11.97,12.94
GO,DAVINÓPOLIS,5370.0,52.91,25.21,0.67,12.94
PA,AFUÁ,42374.0,62.27,12.44,13.44,12.94
RN,MAXARANGUAPE,15428.0,63.93,15.82,10.03,12.92
BA,ICHU,9818.0,72.44,20.19,5.64,12.92
PB,SÃO JOSÉ DE ESPINHARAS,7046.0,77.75,3.43,22.37,12.9
TO,SÃO MIGUEL DO TOCANTINS,13326.0,58.73,21.21,4.58,12.89
RN,BARCELONA,7526.0,55.55,9.35,16.42,12.89
TO,TOCANTÍNIA,8200.0,71.95,13.1,12.68,12.89
BA,SANTO AMARO,78080.0,81.91,12.15,13.6,12.88
CE,JATI,10758.0,85.08,23.13,2.62,12.87
BA,ITORORÓ,25124.0,54.47,18.05,7.68,12.86
PB,TRIUNFO,11708.0,83.78,9.92,15.77,12.85
CE,BARBALHA,80170.0,72.35,17.37,8.33,12.85
TO,NATIVIDADE,10404.0,54.98,13.67,12.01,12.84
BA,UNA,23740.0,52.29,8.42,17.21,12.82
TO,APARECIDA DO RIO NEGRO,6712.0,55.26,6.73,18.86,12.8
SE,PEDRA MOLE,5356.0,73.31,12.43,13.14,12.79
BA,ITAGIMIRIM,8972.0,60.11,6.17,19.39,12.78
GO,MIMOSO DE GOIÁS,5036.0,54.28,19.62,5.92,12.77
PR,BOA ESPERANÇA DO IGUAÇU,3970.0,52.62,9.17,16.37,12.77
CE,TIANGUÁ,93868.0,59.71,7.26,18.26,12.76
BA,COARACI,24094.0,62.25,14.82,10.7,12.76
MG,CAPELINHA,43306.0,52.26,3.49,21.99,12.74
MG,LAGOA GRANDE,11516.0,56.06,6.11,19.36,12.74
MA,BARÃO DE GRAJAÚ,22766.0,86.46,6.47,18.99,12.73
MA,PRIMEIRA CRUZ,16540.0,84.3,15.37,10.07,12.72
RN,CAIÇARA DO NORTE,8600.0,60.71,16.09,9.28,12.69
BA,LAGOA REAL,16712.0,82.71,15.16,10.2,12.68
CE,ALTO SANTO,19962.0,78.63,3.86,21.44,12.65
MG,VIRGEM DA LAPA,13742.0,66.47,12.66,12.63,12.65
PB,COREMAS,18684.0,74.5,21.23,4.07,12.65
RN,TANGARÁ,18822.0,61.68,13.36,11.94,12.65
GO,TRÊS RANCHOS,5602.0,60.09,22.67,2.61,12.64
MA,BREJO,38482.0,77.54,14.35,10.88,12.62
AL,MARAVILHA,11910.0,75.52,0.74,24.48,12.61
BA,ITAPEBI,11744.0,73.2,15.6,9.59,12.59
RN,JUCURUTU,25272.0,70.16,21.98,3.19,12.58
RS,CARLOS GOMES,2384.0,50.21,14.51,10.65,12.58
MG,BARBACENA,159988.0,51.65,13.24,11.91,12.58
PR,CERRO AZUL,21122.0,51.43,13.25,11.91,12.58
MA,CAPINZAL DO NORTE,13802.0,72.14,9.82,15.33,12.58
MA,PALMEIRÂNDIA,24280.0,82.3,16.78,8.38,12.58
MG,CHAPADA GAÚCHA,13026.0,58.77,17.84,7.29,12.57
MG,UBAÍ,13530.0,72.12,21.92,3.19,12.56
BA,BARRA DO ROCHA,6116.0,70.51,11.05,14.06,12.56
RN,PARAÚ,7322.0,79.21,19.2,5.93,12.56
MG,AÇUCENA,11186.0,56.4,20.13,4.97,12.55
MT,NOSSA SENHORA DO LIVRAMENTO,19766.0,59.64,20.16,4.95,12.55
SE,SANTANA DO SÃO FRANCISCO,9196.0,71.02,3.07,22.03,12.55
PI,PIMENTEIRAS,14466.0,78.42,20.43,4.66,12.55
TO,JUARINA,3444.0,50.97,12.02,13.07,12.54
MG,SANTANA DO RIACHO,8646.0,59.4,12.82,12.26,12.54
RS,SÃO BORJA,72502.0,50.3,17.06,7.99,12.53
SP,GUARACI,11396.0,50.9,5.87,20.05,12.53
PI,JOAQUIM PIRES,18470.0,74.26,3.72,21.27,12.5
SE,SANTO AMARO DAS BROTAS,14526.0,81.35,12.1,12.87,12.49
PI,OLHO D ÁGUA DO PIAUÍ,3756.0,73.73,15.44,9.53,12.49
RS,SENTINELA DO SUL,6796.0,54.12,19.07,5.89,12.48
PB,SERRA BRANCA,16802.0,66.19,21.93,3.01,12.47
TO,PIRAQUÊ,3602.0,55.42,4.94,19.99,12.47
RN,MARTINS,11224.0,77.22,15.57,9.35,12.46
MG,ITACAMBIRA,7024.0,77.65,2.31,22.61,12.46
CE,QUIXELÔ,24570.0,82.02,22.83,2.06,12.45
RN,FERNANDO PEDROZA,5386.0,69.49,10.73,14.15,12.44
MG,BONITO DE MINAS,11390.0,79.2,12.54,12.26,12.4
MA,OLHO D ÁGUA DAS CUNHÃS,22320.0,75.99,3.62,21.16,12.39
PE,ÁGUA PRETA,31356.0,70.65,20.97,3.79,12.38
PR,SÃO SEBASTIÃO DA AMOREIRA,10706.0,50.57,21.58,3.16,12.37
PB,LUCENA,20102.0,58.67,13.47,11.24,12.36
BA,ITAPITANGA,9312.0,73.89,21.46,3.26,12.36
PE,TACAIMBÓ,16914.0,70.42,6.66,18.07,12.36
BA,SÃO SEBASTIÃO DO PASSÉ,55752.0,84.03,14.22,10.47,12.35
MG,IMBÉ DE MINAS,8508.0,57.83,6.46,18.22,12.34
PA,ÓBIDOS,59760.0,65.47,13.6,11.06,12.33
MA,CONCEIÇÃO DO LAGO-AÇU,17692.0,73.53,13.6,11.07,12.33
PE,FERREIROS,16174.0,68.03,9.39,15.27,12.33
MG,CORINTO,28114.0,54.85,16.33,8.29,12.31
TO,BURITI DO TOCANTINS,10388.0,57.37,22.22,2.41,12.31
MA,MONTES ALTOS,11972.0,63.17,9.69,14.93,12.31
MA,VARGEM GRANDE,48206.0,80.87,7.96,16.63,12.29
TO,SÃO SALVADOR DO TOCANTINS,3526.0,69.83,3.29,21.27,12.28
PR,BOA VENTURA DE SÃO ROQUE,8370.0,57.56,19.43,5.11,12.27
MA,DOM PEDRO,27864.0,61.83,8.76,15.76,12.26
MG,LAMIM,5618.0,70.63,4.84,19.65,12.25
RS,GARRUCHOS,4074.0,58.8,5.79,18.7,12.25
BA,ENTRE RIOS,47660.0,77.69,12.12,12.37,12.24
TO,ABREULÂNDIA,3798.0,52.43,21.59,2.9,12.24
MG,ITUIUTABA,116876.0,50.79,16.38,8.08,12.23
MG,SENADOR CORTES,3970.0,62.24,6.65,17.78,12.22
RJ,PORCIÚNCULA,21270.0,51.28,15.52,8.89,12.2
PB,MATURÉIA,8660.0,80.07,3.81,20.53,12.17
RN,UMARIZAL,14060.0,80.79,20.07,4.2,12.13
MG,PEDRAS DE MARIA DA CRUZ,10802.0,70.41,7.18,17.05,12.12
BA,JUCURUÇU,12972.0,65.49,5.47,18.7,12.09
PB,GURINHÉM,18282.0,78.2,9.03,15.13,12.08
PB,SANTA HELENA,9178.0,85.22,10.29,13.88,12.08
BA,SALINAS DA MARGARIDA,22554.0,78.77,17.84,6.3,12.07
PE,BOM CONSELHO,52380.0,76.74,10.92,13.2,12.06
PB,CRUZ DO ESPÍRITO SANTO,26994.0,65.09,7.45,16.67,12.06
MA,IGARAPÉ GRANDE,13598.0,63.1,7.22,16.87,12.05
MA,SUCUPIRA DO NORTE,13428.0,75.94,6.12,17.93,12.03
BA,SÁTIRO DIAS,20678.0,77.73,3.06,20.98,12.02
PI,BENEDITINOS,15468.0,81.45,16.24,7.8,12.02
PA,AVEIRO,16518.0,51.16,12.59,11.44,12.02
TO,DOIS IRMÃOS DO TOCANTINS,7776.0,59.76,18.54,5.45,12.0
RS,BOA VISTA DAS MISSÕES,3168.0,57.4,8.65,15.34,11.99
BA,MARACÁS,32594.0,72.89,19.55,4.42,11.98
AL,BELO MONTE,9280.0,66.26,1.64,22.31,11.97
TO,MATEIROS,3204.0,78.15,7.49,16.42,11.95
MG,LIBERDADE,6930.0,64.64,10.19,13.68,11.93
TO,SANTA FÉ DO ARAGUAIA,8380.0,53.98,10.53,13.32,11.92
RN,TIBAU DO SUL,20568.0,62.9,15.32,8.5,11.91
SE,PORTO DA FOLHA,37754.0,75.37,8.78,15.04,11.91
BA,TERRA NOVA,16456.0,81.57,11.61,12.2,11.9
BA,QUEIMADAS,31480.0,72.88,21.35,2.45,11.9
PI,JUAZEIRO DO PIAUÍ,9102.0,83.74,17.51,6.28,11.9
RN,SÃO TOMÉ,14944.0,53.84,11.32,12.46,11.89
PE,PANELAS,31020.0,73.34,22.59,1.19,11.89
CE,POTIRETAMA,9764.0,80.65,3.52,20.22,11.87
BA,UIBAÍ,19532.0,76.42,12.94,10.8,11.87
SE,MALHADA DOS BOIS,6266.0,67.72,5.3,18.42,11.86
BA,SANTA MARIA DA VITÓRIA,48294.0,69.03,8.61,15.11,11.86
BA,APORÁ,20978.0,73.5,8.08,15.6,11.84
MG,PAULISTAS,5992.0,75.94,5.14,18.52,11.83
MA,VIANA,59394.0,68.77,9.35,14.29,11.82
BA,MARAÚ,22250.0,76.32,10.54,13.06,11.8
BA,FORMOSA DO RIO PRETO,30630.0,64.64,11.46,12.14,11.8
BA,BAIANÓPOLIS,19524.0,72.28,16.31,7.29,11.8
PB,MONTADAS,8234.0,66.41,5.85,17.68,11.77
PI,PAU D ARCO DO PIAUÍ,8284.0,81.38,12.36,11.18,11.77
BA,IPIRÁ,73780.0,76.95,14.64,8.89,11.76
PA,SÃO DOMINGOS DO ARAGUAIA,24292.0,52.31,21.04,2.45,11.75
CE,ITAREMA,50614.0,60.94,4.02,19.48,11.75
MA,ESTREITO,35844.0,50.43,14.31,9.17,11.74
PB,AMPARO,4216.0,88.34,6.69,16.79,11.74
CE,MULUNGU,14410.0,73.37,14.85,8.61,11.73
PI,CAMPO MAIOR,58472.0,71.02,16.35,7.06,11.71
PE,SÃO BENEDITO DO SUL,11702.0,70.38,21.02,2.38,11.7
PI,COLÔNIA DO GURGUÉIA,8394.0,81.1,2.53,20.87,11.7
RS,BARRA DO QUARAÍ,4696.0,51.12,11.12,12.27,11.69
MG,TABULEIRO,6436.0,53.38,13.95,9.42,11.68
TO,CACHOEIRINHA,2910.0,52.55,21.86,1.51,11.68
SP,GUAPIARA,19602.0,52.9,12.89,10.34,11.67
PB,ALHANDRA,31210.0,55.31,17.84,5.48,11.66
PI,PIRACURUCA,39048.0,74.32,7.99,15.33,11.66
PE,SANTA CRUZ DA BAIXA VERDE,15072.0,82.17,21.24,2.03,11.64
PB,PEDRA BRANCA,5944.0,73.41,17.97,5.32,11.64
PI,QUEIMADA NOVA,11806.0,86.03,11.81,11.47,11.64
BA,PRADO,35490.0,53.76,10.61,12.65,11.63
MS,SELVÍRIA,10334.0,50.49,5.63,17.63,11.63
AM,NOVO ARIPUANÃ,18848.0,76.22,3.29,19.95,11.62
BA,CÂNDIDO SALES,30842.0,71.65,4.79,18.46,11.62
RS,CAPÃO DO LEÃO,29542.0,52.18,11.01,12.21,11.61
BA,ITUBERÁ,27200.0,57.67,14.19,9.01,11.6
MG,MENDES PIMENTEL,7428.0,62.18,5.44,17.72,11.58
BA,CAFARNAUM,22756.0,73.32,11.44,11.7,11.57
PE,QUIXABA,9924.0,85.2,10.08,13.06,11.57
SE,POÇO VERDE,30430.0,72.04,11.59,11.55,11.57
MA,TIMBIRAS,29648.0,82.26,17.54,5.57,11.56
RS,CANUDOS DO VALE,3252.0,51.87,2.4,20.73,11.56
MG,DIVISA ALEGRE,7750.0,67.27,20.9,2.19,11.55
RN,LAGOA SALGADA,15034.0,63.1,17.63,5.47,11.55
PI,PICOS,90000.0,69.14,19.55,3.51,11.53
AM,BORBA,33142.0,75.52,4.92,18.13,11.53
MA,CAJARI,24078.0,85.47,9.01,14.03,11.52
CE,TABULEIRO DO NORTE,40432.0,75.15,10.06,12.97,11.52
BA,SÍTIO DO MATO,16668.0,74.12,10.94,12.1,11.52
RN,RIACHUELO,10692.0,60.96,15.11,7.93,11.52
MA,LAGOA DO MATO,12242.0,84.02,11.52,11.49,11.5
RN,TIMBAÚBA DOS BATISTAS,4326.0,57.71,14.56,8.41,11.49
RN,NOVA CRUZ,42572.0,64.26,12.72,10.24,11.48
PR,SANTA INÊS,2860.0,62.55,18.81,4.13,11.47
PI,ÁGUA BRANCA,25342.0,69.73,10.88,12.07,11.47
MG,RITÁPOLIS,7508.0,59.61,10.1,12.84,11.47
BA,PIRIPÁ,12928.0,73.97,6.19,16.72,11.46
BA,BARROCAS,22564.0,81.83,8.62,14.27,11.45
CE,PENAFORTE,13402.0,81.88,20.36,2.54,11.45
TO,AGUIARNÓPOLIS,6124.0,64.16,21.0,1.86,11.43
PE,ITAQUITINGA,21576.0,66.1,13.94,8.91,11.42
AM,CAAPIRANGA,14248.0,66.82,1.46,21.36,11.41
RN,SANTO ANTÔNIO,29914.0,66.33,9.94,12.87,11.4
CE,ITAIÇABA,11754.0,67.06,18.31,4.48,11.39
RN,SÃO JOSÉ DO CAMPESTRE,16622.0,67.05,10.55,12.2,11.38
MA,PARNARAMA,37832.0,84.5,5.98,16.78,11.38
PI,HUGO NAPOLEÃO,6986.0,71.2,18.27,4.47,11.37
RN,SERRINHA DOS PINTOS,6848.0,81.78,20.09,2.63,11.36
MG,ANDRELÂNDIA,14752.0,50.18,5.95,16.76,11.35
SP,IPORANGA,3891.0,52.65,8.34,14.51,11.33
RS,CAIBATÉ,6724.0,53.14,9.16,13.5,11.33
SE,DIVINA PASTORA,6478.0,71.65,6.95,15.68,11.32
RS,ENCRUZILHADA DO SUL,30304.0,54.1,9.15,13.43,11.29
AL,CAJUEIRO,21010.0,68.2,3.22,19.33,11.28
RJ,LAJE DO MURIAÉ,11378.0,50.7,11.3,11.23,11.27
AL,POÇO DAS TRINCHEIRAS,15906.0,84.67,1.32,21.21,11.27
PR,NOVA TEBAS,9346.0,56.8,20.14,2.38,11.26
RS,ROSÁRIO DO SUL,47390.0,50.47,12.64,9.85,11.24
CE,TRAIRI,75790.0,70.13,15.25,7.19,11.22
MG,SABINÓPOLIS,16644.0,72.64,8.41,14.0,11.21
ES,PEDRO CANÁRIO,26414.0,53.59,9.74,12.68,11.21
AL,CRAÍBAS,30702.0,75.02,4.27,18.12,11.19
GO,PROFESSOR JAMIL,4768.0,52.73,17.11,5.24,11.18
PR,OURIZONA,4644.0,57.77,18.91,3.45,11.18
GO,SÃO SIMÃO,20626.0,52.7,15.86,6.51,11.18
MA,PAULINO NEVES,22616.0,81.96,13.35,8.98,11.17
BA,FEIRA DE SANTANA,721466.0,59.3,14.83,7.52,11.17
BA,CAMACÃ,27574.0,55.68,16.7,5.61,11.16
AL,IBATEGUARA,16660.0,58.75,0.88,21.43,11.15
PI,SEBASTIÃO LEAL,6850.0,52.24,1.78,20.53,11.15
RS,ITATIBA DO SUL,5952.0,58.66,12.74,9.54,11.14
MG,NACIP RAYDAN,3602.0,64.27,2.28,19.99,11.13
RN,LAGOA DE PEDRAS,11884.0,67.31,12.15,10.08,11.12
MG,VIÇOSA,96560.0,62.92,13.37,8.84,11.1
TO,AXIXÁ DO TOCANTINS,14244.0,54.34,18.86,3.34,11.1
TO,ARRAIAS,11910.0,67.02,11.12,11.02,11.07
BA,SANTA BÁRBARA,31648.0,74.76,12.7,9.45,11.07
PB,SOSSÊGO,5512.0,83.43,20.07,2.07,11.07
SC,CALMON,4876.0,61.5,9.93,12.18,11.05
AM,LÁBREA,38346.0,62.75,5.73,16.35,11.04
PI,NOSSA SENHORA DOS REMÉDIOS,13532.0,75.64,6.21,15.84,11.03
AM,ATALAIA DO NORTE,12388.0,69.5,6.18,15.87,11.03
AL,COQUEIRO SECO,8410.0,54.98,4.73,17.34,11.03
PI,MARCOLÂNDIA,12710.0,77.13,17.97,4.08,11.02
AM,MANICORÉ,49076.0,60.64,3.38,18.63,11.0
MG,COIMBRA,10574.0,55.45,7.26,14.72,10.99
BA,BAIXA GRANDE,23224.0,69.4,8.88,13.11,10.99
PI,SÃO JOSÉ DO PEIXE,4982.0,80.24,20.15,1.81,10.98
CE,FORQUILHA,31668.0,61.98,3.61,18.29,10.95
MG,BELO VALE,13068.0,60.03,8.08,13.79,10.94
BA,CATURAMA,11354.0,81.09,4.16,17.7,10.93
CE,GUAIÚBA,33512.0,71.68,12.37,9.45,10.91
BA,ESPLANADA,41258.0,73.55,7.75,14.05,10.9
BA,JUAZEIRO,261376.0,62.44,9.05,12.75,10.9
MG,MONSENHOR PAULO,10904.0,52.19,14.47,7.3,10.89
MG,JUVENÍLIA,7676.0,62.22,3.91,17.85,10.88
PB,SALGADO DE SÃO FÉLIX,15610.0,71.68,17.49,4.25,10.87
MG,CHAPADA DO NORTE,11526.0,83.09,1.65,20.04,10.85
RN,LAGOA NOVA,19232.0,72.42,17.18,4.51,10.85
PB,MARCAÇÃO,11632.0,83.19,7.86,13.77,10.81
BA,SÃO FÉLIX,16876.0,81.8,13.95,7.68,10.81
MG,SANTA VITÓRIA,26378.0,50.28,10.02,11.61,10.81
MG,CATAGUASES,82750.0,56.2,17.12,4.49,10.8
RN,BODÓ,5534.0,79.91,15.11,6.47,10.79
RS,PEDRO OSÓRIO,10844.0,61.27,8.04,13.5,10.77
MA,TURIAÇU,42480.0,77.31,13.74,7.8,10.77
AL,PÃO DE AÇÚCAR,28228.0,72.26,3.52,18.0,10.76
BA,CANSANÇÃO,45846.0,81.78,12.77,8.72,10.74
PB,SAPÉ,60354.0,63.73,6.48,14.94,10.71
PB,SOUSA,78738.0,67.45,15.95,5.48,10.71
RS,JÚLIO DE CASTILHOS,24622.0,50.86,8.36,13.04,10.7
SE,AREIA BRANCA,23694.0,69.51,6.99,14.42,10.7
MG,ARAÇUAÍ,37860.0,63.66,6.63,14.77,10.7
BA,SEBASTIÃO LARANJEIRAS,11214.0,70.47,3.42,17.96,10.69
BA,WAGNER,10636.0,74.94,5.66,15.7,10.68
MA,AMARANTE DO MARANHÃO,40916.0,52.5,6.88,14.48,10.68
PI,FLORIANO,71496.0,71.79,11.69,9.66,10.67
SE,MACAMBIRA,10614.0,63.11,5.67,15.66,10.67
MG,SIMÃO PEREIRA,4986.0,62.2,11.03,10.31,10.67
RN,TIBAU,10670.0,62.84,11.6,9.69,10.65
PI,SÃO PEDRO DO PIAUÍ,18188.0,71.94,13.8,7.5,10.65
RN,FLORÂNIA,13492.0,71.24,15.77,5.5,10.64
GO,IVOLÂNDIA,4276.0,54.02,17.07,4.21,10.64
PB,EMAS,5206.0,75.16,3.84,17.4,10.62
AM,BENJAMIN CONSTANT,33852.0,78.76,8.64,12.58,10.61
PI,JOÃO COSTA,5566.0,84.48,18.18,3.02,10.6
RN,SERRA DO MEL,19470.0,55.66,10.91,10.27,10.59
BA,MONTE SANTO,64860.0,85.75,4.76,16.41,10.58
BA,BIRITINGA,20006.0,86.27,11.85,9.31,10.58
AL,CAMPESTRE,8382.0,67.96,3.82,17.32,10.57
MG,POMPÉU,36934.0,50.91,9.04,12.08,10.56
PB,PITIMBU,19728.0,63.61,10.81,10.29,10.55
RS,CERRITO,8754.0,50.44,6.47,14.62,10.54
BA,ABAÍRA,10920.0,56.52,19.29,1.79,10.54
PE,ALIANÇA,44172.0,67.14,14.51,6.56,10.54
PI,ELISEU MARTINS,5784.0,75.69,11.24,9.82,10.53
BA,WENCESLAU GUIMARÃES,25310.0,67.11,3.6,17.46,10.53
MG,CORONEL XAVIER CHAVES,4854.0,62.54,6.55,14.5,10.53
MA,SÃO PEDRO DA ÁGUA BRANCA,14144.0,58.64,3.15,17.86,10.51
AC,PORTO WALTER,11310.0,50.24,15.79,5.18,10.49
BA,BOQUIRA,24768.0,87.41,8.38,12.56,10.47
MG,PIRACEMA,9768.0,56.12,7.47,13.47,10.47
PB,ITATUBA,13926.0,65.52,19.14,1.78,10.46
SE,PACATUBA,17370.0,76.17,7.28,13.62,10.45
MG,CARMO DA MATA,15750.0,59.37,13.07,7.82,10.44
RN,SEVERIANO MELO,11158.0,83.01,12.03,8.85,10.44
PI,JUREMA,7750.0,83.12,18.09,2.76,10.43
AM,JURUÁ,10648.0,56.04,1.8,19.06,10.43
BA,VALENTE,32868.0,61.99,18.01,2.86,10.43
PB,AROEIRAS,25654.0,76.91,4.8,16.04,10.42
PI,BARRO DURO,9132.0,72.88,14.08,6.75,10.41
RS,CRISTAL DO SUL,4266.0,55.14,13.83,6.99,10.41
BA,ITANHÉM,22824.0,56.8,9.95,10.85,10.4
RS,SÃO JOSÉ DAS MISSÕES,3694.0,65.57,5.85,14.94,10.4
MG,FREI LAGONEGRO,5252.0,52.92,2.93,17.86,10.4
MG,MARIANA,81736.0,64.94,9.57,11.2,10.39
PI,SOCORRO DO PIAUÍ,6744.0,78.89,19.81,0.98,10.39
MA,CAMPESTRE DO MARANHÃO,14904.0,63.98,4.21,16.55,10.38
AL,PORTO REAL DO COLÉGIO,25362.0,77.51,1.85,18.92,10.38
BA,SERRA DOURADA,22582.0,57.59,15.16,5.59,10.38
MG,PAINEIRAS,6516.0,63.33,14.58,6.14,10.36
CE,ACOPIARA,61944.0,80.45,18.04,2.66,10.35
SP,ESTRELA DO NORTE,3712.0,55.17,2.67,18.16,10.34
MG,DORES DO TURVO,7954.0,59.05,2.69,17.95,10.32
TO,SANTA ROSA DO TOCANTINS,6726.0,63.57,11.03,9.6,10.32
MG,VIRGINÓPOLIS,12076.0,64.1,6.41,14.21,10.31
PB,JACARAÚ,21098.0,67.24,5.81,14.8,10.3
RS,PANTANO GRANDE,13354.0,53.0,6.84,13.73,10.29
TO,ITAGUATINS,7094.0,59.8,6.96,13.59,10.28
CE,BATURITÉ,44736.0,72.83,11.61,8.96,10.28
MG,SANTA RITA DE JACUTINGA,6892.0,65.74,9.26,11.29,10.27
TO,OLIVEIRA DE FÁTIMA,2436.0,51.11,4.52,16.01,10.26
PB,DIAMANTE,8392.0,76.53,7.65,12.85,10.25
TO,CAMPOS LINDOS,10192.0,60.16,11.97,8.54,10.25
BA,ANAGÉ,29758.0,74.9,6.88,13.6,10.24
MG,FRANCISCO SÁ,28768.0,68.56,2.59,17.87,10.23
PB,CABACEIRAS,8342.0,68.32,14.65,5.8,10.23
RN,SÃO PEDRO,10132.0,67.92,11.78,8.63,10.21
MA,SÃO LUÍS GONZAGA DO MARANHÃO,25664.0,83.32,10.05,10.37,10.21
MA,MILAGRES DO MARANHÃO,9262.0,80.6,14.49,5.94,10.21
PR,ITAPERUÇU,34636.0,57.97,7.83,12.59,10.21
CE,REDENÇÃO,38608.0,65.84,9.55,10.86,10.21
MA,SANTA QUITÉRIA DO MARANHÃO,31650.0,81.04,11.44,8.96,10.2
MT,BARÃO DE MELGAÇO,9990.0,57.15,17.58,2.82,10.2
GO,CAMPOS VERDES,6228.0,57.21,16.06,4.34,10.2
PB,FAGUNDES,15896.0,78.55,3.65,16.76,10.2
CE,MORADA NOVA,91150.0,70.11,10.93,9.45,10.19
CE,JAGUARIBARA,14034.0,79.18,8.19,12.16,10.18
BA,AIQUARA,6252.0,67.64,19.07,1.28,10.17
BA,SEABRA,55982.0,82.5,15.59,4.72,10.16
MA,SÃO JOÃO BATISTA,29400.0,86.2,10.57,9.76,10.16
PE,ESCADA,78600.0,65.91,12.2,8.06,10.13
MS,PARANHOS,12636.0,57.98,15.04,5.19,10.11
RN,SERRA NEGRA DO NORTE,10248.0,57.6,15.4,4.8,10.1
BA,POTIRAGUÁ,12094.0,55.43,6.85,13.33,10.09
PR,RONCADOR,13990.0,51.03,15.75,4.42,10.09
AM,TABATINGA,54824.0,64.56,4.76,15.42,10.09
RN,CAIÇARA DO RIO DO VENTO,6282.0,69.0,15.82,4.36,10.09
BA,JANDAÍRA,13004.0,79.59,4.41,15.76,10.09
MS,JAPORÃ,9118.0,57.81,3.9,16.25,10.08
MA,CIDELÂNDIA,17030.0,62.85,14.02,6.1,10.06
SE,BREJO GRANDE,11380.0,79.21,15.13,4.99,10.06
BA,CASTRO ALVES,36062.0,79.38,7.82,12.28,10.05
PI,LUIS CORREIA,41668.0,74.58,9.04,11.04,10.04
BA,SERRA DO RAMALHO,39104.0,73.24,8.51,11.55,10.03
PR,VENTANIA,12268.0,50.98,12.98,7.06,10.02
RN,LAGOA DE VELHOS,5198.0,76.25,14.85,5.19,10.02
PB,ESPERANÇA,40646.0,64.15,10.39,9.64,10.01
PI,PAQUETÁ,6820.0,79.28,18.27,1.76,10.01
PI,CRISTINO CASTRO,12442.0,73.04,16.56,3.46,10.01
AM,URUCARÁ,17974.0,70.66,4.22,15.79,10.0
PR,SALTO DO LONTRA,18334.0,56.21,10.01,9.96,9.99
PI,SÃO JULIÃO,8742.0,69.98,18.46,1.51,9.99
TO,ITACAJÁ,8782.0,61.09,10.79,9.18,9.99
BA,XIQUE-XIQUE,53946.0,72.4,15.08,4.88,9.98
RN,GUAMARÉ,24268.0,64.81,14.1,5.81,9.96
RJ,RIO DAS FLORES,13238.0,58.77,10.7,9.23,9.96
PB,BOQUEIRÃO,24740.0,65.0,17.3,2.59,9.95
PR,SANTA MARIA DO OESTE,12968.0,53.36,13.85,6.01,9.93
RN,BARAÚNA,33732.0,61.94,15.32,4.55,9.93
MG,ITACARAMBI,18736.0,60.71,8.38,11.45,9.92
MA,SÃO BENTO,41736.0,77.57,9.58,10.26,9.92
MA,SÃO VICENTE FERRER,23456.0,82.83,11.02,8.8,9.91
PE,BARREIROS,46988.0,59.89,14.58,5.22,9.9
SP,FERRAZ DE VASCONCELOS,190233.0,50.46,11.48,8.28,9.9
MG,SANTA BÁRBARA DO MONTE VERDE,5224.0,51.54,10.8,9.0,9.9
BA,GENTIO DO OURO,15610.0,84.51,3.84,15.89,9.87
PE,PRIMAVERA,17478.0,65.32,17.15,2.59,9.87
AL,DELMIRO GOUVEIA,59072.0,78.61,3.23,16.49,9.86
AL,MAJOR ISIDORO,22718.0,65.55,1.5,18.22,9.86
MG,SÃO JOÃO DO ORIENTE,10640.0,50.9,9.98,9.74,9.86
SP,AREIAS,4667.0,51.18,8.44,11.31,9.86
AL,MURICI,30406.0,58.16,4.3,15.42,9.86
BA,ARAÇÁS,16092.0,74.71,5.88,13.85,9.86
CE,SANTANA DO CARIRI,21708.0,87.84,13.83,5.88,9.85
GO,BALIZA,4336.0,51.32,16.28,3.41,9.85
RN,ITAÚ,8120.0,64.89,6.6,13.1,9.85
BA,SANTO ANTÔNIO DE JESUS,122344.0,63.57,15.32,4.36,9.84
CE,OCARA,39990.0,68.39,8.57,11.12,9.84
PI,SÃO JOSÉ DO PIAUÍ,9490.0,83.83,16.9,2.78,9.84
PE,CARUARU,411238.0,52.73,9.99,9.66,9.83
PB,ALGODÃO DE JANDAÍRA,4832.0,84.06,16.64,3.02,9.83
PE,LIMOEIRO,74418.0,69.93,11.39,8.22,9.81
PB,SOLÂNEA,33784.0,68.72,12.81,6.77,9.79
TO,CARMOLÂNDIA,3822.0,53.09,17.32,2.25,9.79
MG,IJACI,9040.0,55.74,11.5,8.08,9.79
SE,NEÓPOLIS,21544.0,68.84,8.21,11.37,9.79
MG,BRAÚNAS,6146.0,58.0,14.03,5.53,9.78
PE,CACHOEIRINHA,25776.0,71.94,4.05,15.51,9.78
CE,CARIDADE,28080.0,78.3,15.05,4.49,9.77
PB,VIEIRÓPOLIS,8084.0,83.99,9.9,9.62,9.76
MA,MIRADOR,24604.0,77.77,1.85,17.67,9.76
SE,INDIAROBA,20024.0,78.08,9.31,10.19,9.75
AM,ITAPIRANGA,12906.0,50.2,4.59,14.91,9.75
MG,CRISÓLITA,6760.0,74.67,2.93,16.57,9.75
RS,SÃO VALÉRIO DO SUL,3554.0,56.1,1.13,18.35,9.74
PI,AVELINO LOPES,14578.0,73.38,9.73,9.74,9.73
PB,CALDAS BRANDÃO,8816.0,70.87,14.07,5.38,9.72
PI,PALMEIRAIS,20198.0,84.01,7.63,11.8,9.72
PB,ARARUNA,20716.0,70.67,2.54,16.9,9.72
BA,UBAITABA,21298.0,59.24,10.79,8.61,9.7
BA,IRARÁ,39012.0,76.32,8.2,11.18,9.69
SP,TAIAÇU,6275.0,50.52,7.65,11.82,9.69
GO,SANTA FÉ DE GOIÁS,6118.0,50.46,14.22,5.17,9.69
BA,LIVRAMENTO DE NOSSA SENHORA,56304.0,74.31,15.74,3.64,9.69
BA,AURELINO LEAL,14622.0,72.74,6.91,12.45,9.68
RN,JUNDIÁ,6942.0,64.74,10.11,9.25,9.68
PE,SALOÁ,18658.0,84.77,17.87,1.48,9.67
SP,TEJUPÁ,5103.0,50.83,12.18,7.09,9.66
MS,VICENTINA,9368.0,54.95,7.3,12.02,9.66
PE,SURUBIM,76372.0,64.71,15.35,3.98,9.66
PB,BANANEIRAS,28674.0,76.92,5.22,14.1,9.66
MG,CONSELHEIRO LAFAIETE,162234.0,52.06,5.75,13.55,9.65
PI,VERA MENDES,5520.0,85.43,17.86,1.41,9.64
CE,ITAPIPOCA,159596.0,73.73,9.9,9.38,9.64
CE,PALHANO,15144.0,61.75,7.08,12.19,9.63
RS,ENGENHO VELHO,1976.0,56.03,8.1,11.13,9.62
GO,GUARAÍTA,4376.0,52.98,12.61,6.63,9.62
BA,JACARACI,17652.0,74.23,8.81,10.4,9.61
SE,SANTA ROSA DE LIMA,6918.0,67.35,4.13,15.06,9.6
GO,URUTAÍ,5424.0,51.09,16.33,2.84,9.59
BA,CORAÇÃO DE MARIA,35350.0,79.69,8.23,10.95,9.59
BA,PRESIDENTE TANCREDO NEVES,34042.0,68.82,15.31,3.87,9.59
RN,CORONEL EZEQUIEL,7348.0,78.25,13.36,5.82,9.59
MG,PRADOS,12350.0,57.17,5.72,13.44,9.58
PI,GUARIBAS,6532.0,93.04,16.81,2.33,9.57
SE,MALHADOR,16584.0,70.05,7.07,12.07,9.57
MG,CARANDAÍ,34316.0,52.28,7.8,11.34,9.57
AL,MATA GRANDE,24790.0,77.3,6.37,12.75,9.56
SP,CORONEL MACEDO,5878.0,61.66,8.79,10.29,9.54
PI,LAGOA ALEGRE,13348.0,85.21,13.75,5.3,9.53
BA,ITABERABA,78748.0,69.94,10.42,8.63,9.53
ES,ÁGUA DOCE DO NORTE,15820.0,52.53,5.28,13.75,9.52
SE,SÃO FRANCISCO,5808.0,65.18,4.1,14.94,9.52
BA,FLORESTA AZUL,12120.0,72.42,4.52,14.5,9.51
PI,JATOBÁ DO PIAUÍ,10610.0,82.41,14.25,4.73,9.49
AL,BOCA DA MATA,28334.0,54.11,6.77,12.22,9.49
SE,SÃO DOMINGOS,12476.0,58.23,5.72,13.26,9.49
CE,ASSARÉ,29262.0,84.31,13.98,4.97,9.48
BA,CARAVELAS,24270.0,57.22,7.74,11.19,9.46
BA,SENTO SÉ,45800.0,71.0,8.01,10.92,9.46
PI,AROAZES,8924.0,86.14,11.36,7.55,9.46
PI,BETÂNIA DO PIAUÍ,9110.0,92.45,15.74,3.18,9.46
RN,IELMO MARINHO,18154.0,61.28,12.4,6.49,9.45
RS,CACEQUI,13426.0,52.29,5.24,13.6,9.42
PE,SANHARÓ,25610.0,75.23,3.99,14.83,9.41
MG,ROSÁRIO DA LIMEIRA,8226.0,66.12,6.32,12.5,9.41
PE,PALMARES,63026.0,65.44,11.73,7.07,9.4
MG,ITAOBIM,23348.0,56.72,15.25,3.51,9.38
RN,GROSSOS,15118.0,66.91,10.2,8.55,9.37
PB,CONGO,8790.0,72.26,18.04,0.71,9.37
RN,SERRA DE SÃO BENTO,8974.0,63.42,16.09,2.63,9.36
PI,PEDRO II,49922.0,72.9,12.29,6.43,9.36
BA,MUQUÉM DO SÃO FRANCISCO,14820.0,73.61,15.13,3.56,9.35
AM,JAPURÁ,6778.0,61.13,4.04,14.67,9.35
SE,SIMÃO DIAS,58500.0,71.75,14.26,4.43,9.34
PE,CAETÉS,29384.0,89.0,9.75,8.92,9.34
BA,CAPIM GROSSO,37838.0,61.7,13.61,5.07,9.34
BA,SOBRADINHO,31128.0,73.05,8.18,10.48,9.33
MG,GONZAGA,6264.0,56.19,2.81,15.84,9.32
BA,CANUDOS,20360.0,82.99,8.45,10.19,9.32
BA,CALDEIRÃO GRANDE,15720.0,75.23,11.02,7.62,9.32
RS,SÃO SEPÉ,27880.0,52.18,12.78,5.86,9.32
BA,SANTALUZ,50180.0,71.94,14.92,3.69,9.31
CE,CARIÚS,24680.0,82.57,13.16,5.45,9.3
PE,GOIANA,104630.0,59.84,11.77,6.8,9.29
MG,VISCONDE DO RIO BRANCO,48666.0,52.43,5.84,12.71,9.28
RS,LIBERATO SALZANO,7154.0,53.34,2.24,16.33,9.28
MG,FRONTEIRA DOS VALES,6100.0,80.71,3.57,14.98,9.28
BA,UAUÁ,34218.0,83.67,12.96,5.61,9.28
MG,MONTE AZUL,27614.0,55.66,13.54,4.98,9.26
MS,NOVO HORIZONTE DO SUL,5988.0,50.23,8.58,9.92,9.25
MG,SÃO JOSÉ DO GOIABAL,6930.0,64.77,14.17,4.33,9.25
BA,PARAMIRIM,26570.0,77.49,10.95,7.55,9.25
PE,LAGOA GRANDE,32190.0,74.81,4.31,14.17,9.24
BA,BRUMADO,86418.0,67.34,9.45,9.03,9.24
MG,ARINOS,19292.0,52.9,8.97,9.52,9.24
BA,JOÃO DOURADO,29628.0,62.79,10.23,8.25,9.24
PB,BARRA DE SANTA ROSA,17320.0,76.15,16.48,1.97,9.23
MA,LIMA CAMPOS,16776.0,66.14,11.58,6.88,9.23
PE,BODOCÓ,41224.0,87.15,3.98,14.49,9.23
MG,DORES DE GUANHÃES,7428.0,60.49,5.25,13.17,9.21
CE,ITAPIÚNA,25786.0,72.65,11.63,6.75,9.19
PE,PASSIRA,41438.0,66.23,12.81,5.54,9.18
PI,PAULISTANA,26592.0,83.69,8.51,9.86,9.18
PI,BOQUEIRÃO DO PIAUÍ,8452.0,81.26,6.06,12.28,9.17
PB,TAPEROÁ,16768.0,80.16,8.54,9.79,9.17
BA,SÃO GONÇALO DOS CAMPOS,48656.0,76.27,9.52,8.81,9.17
PI,REGENERAÇÃO,21150.0,85.13,13.15,5.18,9.17
BA,CURAÇÁ,41738.0,79.46,8.81,9.5,9.16
RN,PILÕES,5598.0,84.65,15.51,2.79,9.15
CE,MARTINÓPOLE,17052.0,83.11,16.82,1.44,9.13
PE,GAMELEIRA,23488.0,69.26,14.29,3.98,9.13
BA,BARRO ALTO,17326.0,82.27,6.51,11.74,9.13
MA,MATINHA,30624.0,72.66,10.46,7.78,9.12
PI,ARRAIAL,6740.0,79.18,5.19,13.06,9.12
PI,SÃO MIGUEL DO FIDALGO,4608.0,88.07,16.32,1.91,9.11
RS,SÃO NICOLAU,6704.0,56.15,6.38,11.84,9.11
BA,MAIQUINIQUE,11526.0,61.61,5.19,13.01,9.1
BA,TUCANO,62954.0,76.99,7.4,10.79,9.1
PE,CAPOEIRAS,23530.0,87.04,4.28,13.91,9.09
MG,PEDRA AZUL,24536.0,57.27,14.18,4.01,9.09
PI,VÁRZEA GRANDE,6132.0,82.26,5.45,12.72,9.08
MG,CENTRALINA,11648.0,59.12,14.77,3.4,9.08
BA,SÃO MIGUEL DAS MATAS,15420.0,75.1,15.75,2.39,9.07
MG,BRÁS PIRES,6484.0,55.96,2.59,15.55,9.07
BA,PILÃO ARCADO,42922.0,82.0,10.2,7.92,9.06
MG,CAPITÃO ENÉAS,18850.0,67.22,3.09,15.01,9.05
BA,NORDESTINA,15644.0,79.99,10.79,7.3,9.05
PE,TIMBAÚBA,67780.0,63.06,14.71,3.34,9.03
RN,RAFAEL FERNANDES,8154.0,79.65,15.01,2.99,9.0
MG,CATUJI,11440.0,69.81,2.2,15.8,9.0
MG,CONCEIÇÃO DO MATO DENTRO,26564.0,62.37,10.63,7.38,9.0
BA,CANARANA,31572.0,78.82,6.89,11.09,8.99
PI,SANTA CRUZ DOS MILAGRES,5446.0,85.94,13.66,4.3,8.98
BA,JAGUARARI,35214.0,72.64,4.45,13.51,8.98
CE,TURURU,24290.0,71.35,6.38,11.54,8.96
PA,TERRA SANTA,21836.0,55.52,14.38,3.54,8.96
PE,AFRÂNIO,27546.0,75.83,3.84,14.08,8.96
MG,SÃO FRANCISCO DE SALES,7304.0,57.56,3.42,14.49,8.95
BA,QUIJINGUE,33438.0,77.99,3.15,14.75,8.95
MG,SENADOR FIRMINO,10538.0,60.43,4.21,13.66,8.94
PI,SÃO MIGUEL DA BAIXA GRANDE,3994.0,75.9,9.61,8.26,8.94
BA,PRESIDENTE DUTRA,19464.0,88.4,7.57,10.28,8.92
BA,BOM JESUS DA LAPA,76282.0,74.49,12.99,4.82,8.9
MG,FELIXLÂNDIA,17362.0,50.63,5.94,11.84,8.89
PB,MARIZÓPOLIS,10318.0,68.07,5.91,11.84,8.88
TO,RIACHINHO,5822.0,53.71,15.56,2.16,8.86
CE,BREJO SANTO,58310.0,78.71,16.02,1.68,8.85
PI,ELESBÃO VELOSO,19666.0,82.08,12.43,5.28,8.85
PI,PAVUSSU,5918.0,88.51,7.33,10.34,8.84
MA,HUMBERTO DE CAMPOS,35204.0,79.56,8.4,9.27,8.83
PI,GEMINIANO,10314.0,83.93,14.1,3.57,8.83
MA,NOVA IORQUE,6138.0,81.71,8.05,9.61,8.83
TO,MAURILÂNDIA DO TOCANTINS,5196.0,75.18,9.89,7.78,8.83
RS,SETE DE SETEMBRO,3072.0,50.67,2.8,14.84,8.82
BA,ACAJUTIBA,18444.0,73.48,7.21,10.42,8.82
PE,SÃO CAITANO,50710.0,74.27,9.51,8.13,8.82
SP,QUELUZ,10208.0,50.56,8.72,8.91,8.82
PB,SÃO MIGUEL DE TAIPU,10152.0,56.62,8.77,8.85,8.81
BA,CACULÉ,28998.0,69.58,12.37,5.22,8.8
PI,BAIXA GRANDE DO RIBEIRO,16830.0,67.61,6.79,10.79,8.79
RS,VISTA GAÚCHA,4382.0,54.59,4.15,13.42,8.79
MG,RIO PIRACICABA,19100.0,52.82,9.49,8.09,8.79
CE,GUARAMIRANGA,9844.0,71.15,11.93,5.65,8.79
AM,ENVIRA,15062.0,69.55,2.11,15.44,8.78
PR,NOVA LARANJEIRAS,12898.0,55.33,7.51,10.06,8.78
AM,ANORI,16408.0,54.31,2.91,14.64,8.78
SP,FRANCISCO MORATO,177523.0,54.84,8.66,8.87,8.77
PB,CAIÇARA,9746.0,69.3,8.6,8.93,8.76
BA,UBAÍRA,24820.0,69.92,14.87,2.66,8.76
MG,NOVA UNIÃO,8522.0,55.05,5.23,12.27,8.75
MG,BELMIRO BRAGA,4894.0,70.3,10.5,6.99,8.75
RS,JACUIZINHO,3378.0,55.19,1.6,15.87,8.73
PI,COCAL DE TELHA,6932.0,86.41,3.26,14.2,8.73
BA,SANTA INÊS,12146.0,83.2,12.84,4.61,8.73
PA,ALMEIRIM,35358.0,65.87,10.27,7.16,8.72
PE,ARAÇOIABA,27628.0,68.09,10.76,6.66,8.71
PR,ARAPUÃ,5276.0,52.38,6.86,10.54,8.7
PB,GURJÃO,5220.0,79.37,11.65,5.71,8.68
PI,JERUMENHA,7426.0,79.12,3.93,13.41,8.67
PE,SERTÂNIA,38600.0,83.1,12.11,5.22,8.67
RS,ALTO ALEGRE,3044.0,51.43,5.12,12.22,8.67
BA,ANDORINHA,20328.0,91.25,8.51,8.81,8.66
RN,PARAZINHO,8418.0,65.16,10.17,7.15,8.66
RN,TRIUNFO POTIGUAR,6716.0,67.52,14.62,2.68,8.65
SE,TELHA,5974.0,54.3,3.75,13.56,8.65
SE,FREI PAULO,21516.0,56.12,8.53,8.72,8.63
RN,VÁRZEA,8156.0,56.9,7.97,9.27,8.62
PR,RIBEIRÃO DO PINHAL,15932.0,54.26,11.52,5.71,8.62
CE,TAMBORIL,34016.0,76.68,14.35,2.89,8.62
PR,SÃO JOÃO DO CAIUÁ,7562.0,59.8,9.63,7.62,8.62
PB,ITAPOROROCA,21784.0,73.6,6.6,10.62,8.61
MG,PRATA,32356.0,50.66,11.98,5.25,8.61
MG,JENIPAPO DE MINAS,7418.0,72.5,3.59,13.64,8.61
TO,PRAIA NORTE,8626.0,56.68,15.95,1.25,8.6
PB,BONITO DE SANTA FÉ,11960.0,72.06,10.22,6.99,8.6
PI,MONTE ALEGRE DO PIAUÍ,14116.0,82.74,10.36,6.83,8.59
MG,BRASILÂNDIA DE MINAS,17926.0,53.35,5.48,11.68,8.58
AL,FEIRA GRANDE,27940.0,75.84,2.17,14.99,8.58
RN,BENTO FERNANDES,8090.0,76.75,13.5,3.63,8.57
PI,SÃO LUIS DO PIAUÍ,4628.0,80.71,16.38,0.73,8.56
PE,RIBEIRÃO,44760.0,65.2,13.62,3.49,8.56
MG,LASSANCE,8408.0,62.57,10.85,6.28,8.56
BA,ITAJUÍPE,25950.0,63.71,9.13,7.99,8.56
RS,ROLADOR,3904.0,55.11,4.2,12.91,8.56
MG,BARÃO DE MONTE ALTO,8622.0,58.19,8.86,8.23,8.55
BA,CARDEAL DA SILVA,11604.0,84.26,7.74,9.36,8.55
MG,GUARANÉSIA,23514.0,56.08,6.14,10.96,8.55
BA,TAPEROÁ,22124.0,73.37,9.53,7.56,8.54
MG,PEQUERI,5074.0,52.73,9.03,8.04,8.53
BA,PONTO NOVO,20972.0,75.05,16.2,0.86,8.53
PE,ITAPISSUMA,32718.0,65.2,9.33,7.7,8.52
RS,SAGRADA FAMÍLIA,3724.0,51.94,7.63,9.34,8.49
PB,SÃO VICENTE DO SERIDÓ,14104.0,74.07,13.32,3.67,8.49
PB,SANTO ANDRÉ,4700.0,69.97,7.11,9.87,8.49
MG,DESCOBERTO,7168.0,54.9,7.84,9.12,8.48
PE,DORMENTES,25830.0,73.15,4.24,12.71,8.47
PE,TAQUARITINGA DO NORTE,34924.0,52.4,14.12,2.82,8.47
MG,FREI INOCÊNCIO,9870.0,55.07,2.96,13.96,8.46
BA,PÉ DE SERRA,19070.0,60.94,6.94,9.96,8.45
BA,REMANSO,49570.0,79.67,11.3,5.57,8.44
MG,BONFINÓPOLIS DE MINAS,7176.0,51.84,9.78,7.08,8.43
BA,SÃO JOSÉ DA VITÓRIA,7566.0,57.71,4.49,12.34,8.42
MG,SALINAS,48090.0,57.18,5.11,11.73,8.42
BA,RIO DO ANTÔNIO,17044.0,78.62,7.23,9.61,8.42
RN,MESSIAS TARGINO,7656.0,76.02,7.11,9.74,8.42
PE,CHÃ GRANDE,30870.0,63.34,12.99,3.83,8.41
PR,MARUMBI,6414.0,55.98,15.47,1.34,8.4
PI,MILTON BRANDÃO,9958.0,56.3,7.81,8.98,8.4
CE,ARACOIABA,41090.0,69.52,7.11,9.69,8.4
TO,ARAGUANÃ,5778.0,50.24,6.61,10.18,8.39
SE,CANINDÉ DE SÃO FRANCISCO,35146.0,74.58,6.53,10.25,8.39
MG,ROMARIA,5228.0,63.51,4.82,11.94,8.38
BA,CAPELA DO ALTO ALEGRE,15052.0,72.18,7.12,9.62,8.37
CE,URUBURETAMA,29598.0,69.83,5.62,11.13,8.37
ES,PINHEIROS,27680.0,56.02,9.1,7.64,8.37
TO,BARRA DO OURO,5820.0,67.72,7.15,9.55,8.35
MG,AUGUSTO DE LIMA,5956.0,59.02,9.5,7.19,8.34
PE,SANTA CRUZ,20250.0,88.04,2.04,14.6,8.32
PB,OLIVEDOS,6546.0,69.32,8.07,8.52,8.3
PB,LIVRAMENTO,9148.0,77.5,2.34,14.25,8.3
MG,CARMO DA CACHOEIRA,14532.0,50.1,6.06,10.53,8.29
AL,JACUÍPE,8826.0,61.84,2.11,14.48,8.29
MG,SÃO GONÇALO DO RIO PRETO,4232.0,74.26,6.57,10.02,8.29
PI,SIMÕES,18778.0,84.34,7.42,9.13,8.28
RN,ENCANTO,7946.0,82.28,9.39,7.17,8.28
MA,BURITI BRAVO,26092.0,83.3,3.85,12.69,8.27
BA,ARACI,59560.0,82.59,15.15,1.38,8.27
TO,ARAGOMINAS,7270.0,59.23,7.07,9.46,8.27
PB,SERTÃOZINHO,7082.0,73.24,2.51,14.01,8.26
PI,DIRCEU ARCOVERDE,9874.0,87.32,12.94,3.59,8.26
PB,CAJAZEIRINHAS,6128.0,82.34,11.29,5.22,8.26
SE,NOSSA SENHORA APARECIDA,12142.0,55.64,6.67,9.83,8.25
PE,AFOGADOS DA INGAZEIRA,44886.0,74.25,8.18,8.31,8.24
RN,PORTO DO MANGUE,8032.0,80.38,11.78,4.68,8.23
AL,ANADIA,18050.0,73.32,1.83,14.6,8.22
RN,LAGOA D ANTA,9214.0,73.65,7.94,8.49,8.22
PB,PICUÍ,24542.0,67.13,14.98,1.45,8.21
BA,SENHOR DO BONFIM,83452.0,61.1,8.92,7.47,8.2
AL,COLÔNIA LEOPOLDINA,21624.0,52.15,1.44,14.96,8.2
PE,PESQUEIRA,76482.0,79.71,7.13,9.28,8.2
RN,CAMPO REDONDO,13620.0,83.1,11.63,4.73,8.18
MS,MIRANDA,29308.0,53.28,9.94,6.39,8.16
BA,LAMARÃO,12008.0,84.76,10.01,6.3,8.15
BA,NOVA FÁTIMA,12324.0,66.8,7.01,9.3,8.15
AL,SANTANA DO IPANEMA,50208.0,69.83,1.91,14.4,8.15
PI,PIRIPIRI,77832.0,71.38,7.15,9.16,8.15
AM,JUTAÍ,18974.0,73.33,6.68,9.6,8.14
RS,ESPERANÇA DO SUL,5116.0,61.53,3.6,12.67,8.13
SP,ITAPIRAPUÃ PAULISTA,4512.0,52.73,4.47,12.36,8.13
AM,EIRUNEPÉ,29060.0,70.03,2.19,14.07,8.13
CE,RUSSAS,95526.0,66.9,6.16,10.09,8.12
MG,PIRAÚBA,15240.0,51.43,4.49,11.76,8.12
AL,MONTEIRÓPOLIS,8654.0,69.57,0.76,15.48,8.12
SE,TOMAR DO GERU,15128.0,66.2,5.95,10.3,8.12
MS,DOIS IRMÃOS DO BURITI,12710.0,55.47,7.68,8.56,8.12
SE,GARARU,14944.0,79.42,5.39,10.83,8.11
MG,NAZARENO,10576.0,59.63,5.67,10.53,8.1
PI,CAMPO GRANDE DO PIAUÍ,8170.0,81.66,8.15,8.05,8.1
PE,IBIRAJUBA,10894.0,79.38,8.28,7.91,8.1
BA,IBICARAÍ,28826.0,59.55,7.38,8.8,8.09
BA,SAUBARA,19946.0,75.55,8.32,7.83,8.08
PB,ITAPORANGA,26766.0,75.42,4.57,11.6,8.08
BA,IBIRAPITANGA,20858.0,70.27,10.61,5.52,8.07
MG,MIRADOURO,13150.0,56.5,3.29,12.84,8.06
RS,PIRATINI,23790.0,51.96,6.89,9.21,8.05
CE,IPU,51580.0,75.09,13.06,3.05,8.05
PB,QUEIMADAS,58082.0,67.97,6.29,9.79,8.04
RN,SERRINHA,11002.0,66.19,9.69,6.36,8.03
BA,CORIBE,19228.0,69.38,3.95,12.1,8.02
MG,CAMPANÁRIO,4542.0,64.49,5.55,10.48,8.01
MG,FERROS,12366.0,68.31,8.15,7.86,8.01
BA,TANHAÇU,28862.0,73.02,5.74,10.28,8.01
RS,CANDIOTA,12864.0,59.19,7.11,8.91,8.01
TO,AUGUSTINÓPOLIS,20124.0,54.48,10.15,5.84,8.0
PI,BELA VISTA DO PIAUÍ,6162.0,75.0,13.76,2.24,8.0
MG,SANTA BÁRBARA,38420.0,60.35,10.57,5.4,7.99
RS,RIO GRANDE,235372.0,59.65,8.71,7.27,7.99
MG,MIRAVÂNIA,5244.0,80.99,12.97,3.01,7.99
PI,PARNAGUÁ,11354.0,81.28,6.01,9.95,7.98
SE,POÇO REDONDO,33132.0,75.95,7.01,8.93,7.97
MG,CAMPO AZUL,5682.0,76.7,1.8,14.15,7.97
SP,ARAPEÍ,3090.0,55.92,6.13,9.96,7.96
CE,CAPISTRANO,26134.0,77.53,9.71,6.21,7.96
CE,MERUOCA,20774.0,76.1,7.99,7.9,7.95
MG,ITINGA,15498.0,74.46,9.32,6.58,7.95
MG,DOM SILVÉRIO,6934.0,60.27,7.73,8.16,7.95
PI,IPIRANGA DO PIAUÍ,12132.0,82.95,10.86,5.01,7.94
MG,BERIZAL,6258.0,61.11,11.15,4.73,7.94
PE,SÃO JOSÉ DA COROA GRANDE,24414.0,55.47,10.74,5.12,7.93
PE,BEZERROS,78430.0,68.11,7.48,8.37,7.92
MG,POTÉ,16962.0,51.31,8.8,7.05,7.92
MG,SANTA BÁRBARA DO TUGÚRIO,7056.0,66.2,5.78,10.06,7.92
MG,SANTO ANTÔNIO DO RIO ABAIXO,3058.0,53.12,8.63,7.19,7.91
PE,VERTENTE DO LÉRIO,12586.0,77.22,14.44,1.37,7.91
MG,CANTAGALO,5226.0,72.79,3.87,11.94,7.9
MA,CODÓ,116430.0,73.14,10.94,4.82,7.88
BA,CIPÓ,21420.0,64.58,5.15,10.59,7.87
BA,UTINGA,19554.0,75.33,8.38,7.34,7.86
RS,PEDRAS ALTAS,3128.0,54.08,9.97,5.75,7.86
BA,IBOTIRAMA,32992.0,67.66,10.64,5.07,7.86
PB,ALAGOA GRANDE,34540.0,71.66,9.26,6.44,7.85
CE,AURORA,31148.0,82.99,6.95,8.73,7.84
AL,PAULO JACINTO,9868.0,63.2,3.87,11.82,7.84
RS,MIRAGUAÍ,7116.0,53.8,3.43,12.23,7.83
PB,SOLEDADE,18370.0,69.64,9.47,6.19,7.83
BA,MACARANI,19462.0,53.51,6.23,9.4,7.82
RS,SÃO FRANCISCO DE ASSIS,23616.0,50.58,5.78,9.84,7.81
MG,JAÍBA,38444.0,55.76,5.6,10.01,7.81
BA,BONITO,19582.0,81.36,12.16,3.46,7.81
BA,GANDU,36748.0,58.78,8.78,6.83,7.8
PR,NOVA CANTU,9506.0,51.64,4.31,11.28,7.8
MG,SÃO THOMÉ DAS LETRAS,7978.0,58.14,6.37,9.23,7.8
MG,GRÃO MOGOL,16664.0,70.15,3.68,11.92,7.8
MG,ENTRE RIOS DE MINAS,20036.0,51.48,5.65,9.92,7.79
PB,ITABAIANA,31482.0,60.73,9.37,6.22,7.79
RN,PEDRA PRETA,5414.0,67.85,10.38,5.21,7.79
BA,LAJE,31528.0,68.9,11.84,3.72,7.78
BA,ÁGUA FRIA,19512.0,80.45,4.93,10.64,7.78
MA,ESPERANTINÓPOLIS,22096.0,71.99,9.05,6.48,7.77
CE,MADALENA,22822.0,81.86,11.59,3.93,7.76
PE,CALÇADO,12552.0,84.79,6.53,8.99,7.76
GO,GUARINOS,3740.0,63.46,12.89,2.57,7.73
MG,FORTUNA DE MINAS,4542.0,62.12,3.7,11.76,7.73
AL,VIÇOSA,31554.0,62.63,4.39,11.05,7.72
TO,PORTO ALEGRE DO TOCANTINS,3534.0,64.1,2.83,12.62,7.72
MA,COLINAS,42760.0,77.04,8.74,6.68,7.71
AL,CARNEIROS,10462.0,81.2,2.37,13.06,7.71
PR,CRUZEIRO DO SUL,6354.0,57.8,6.07,9.32,7.7
MG,SÃO JOÃO DO MANTENINHA,7550.0,50.47,1.64,13.75,7.7
BA,OURIÇANGAS,10924.0,80.85,6.06,9.32,7.69
PI,CAXINGÓ,9202.0,83.75,11.39,4.0,7.69
PB,SÃO MAMEDE,11138.0,70.85,5.03,10.33,7.68
BA,BARRA,55836.0,79.1,10.78,4.58,7.68
MG,BOM JESUS DO AMPARO,8040.0,53.83,6.49,8.86,7.67
AL,TRAIPU,27108.0,77.42,6.2,9.13,7.66
SE,ARAUÁ,14910.0,75.09,4.79,10.52,7.65
BA,LAJEDÃO,6640.0,57.05,6.69,8.61,7.65
PB,POÇO DANTAS,6158.0,86.9,2.89,12.37,7.63
MG,BOM JARDIM DE MINAS,9270.0,51.21,9.58,5.63,7.61
MS,TACURU,9790.0,58.09,4.41,10.79,7.6
BA,RIACHO DE SANTANA,37114.0,84.65,6.41,8.8,7.6
PI,MADEIRO,9554.0,81.35,2.39,12.79,7.59
PB,MALTA,8166.0,86.2,8.69,6.49,7.59
TO,LAGOA DO TOCANTINS,4932.0,67.24,4.46,10.71,7.58
PE,EXU,42528.0,83.39,3.23,11.93,7.58
MG,CONCEIÇÃO DAS ALAGOAS,30254.0,50.41,7.1,8.07,7.58
PB,CASSERENGUE,9336.0,79.5,3.86,11.29,7.57
AL,OLHO D ÁGUA GRANDE,7200.0,79.11,1.53,13.58,7.56
BA,RAFAEL JAMBEIRO,27578.0,72.72,13.02,2.1,7.56
BA,BANZAÊ,16584.0,69.98,5.26,9.83,7.54
BA,SÃO FÉLIX DO CORIBE,20256.0,59.12,8.41,6.66,7.54
MT,JANGADA,11168.0,53.08,10.23,4.84,7.53
MG,SANTA MARIA DO SUAÇUÍ,15734.0,58.2,2.89,12.18,7.53
AM,TONANTINS,16198.0,79.08,1.15,13.92,7.53
CE,ANTONINA DO NORTE,10458.0,84.41,12.11,2.95,7.53
PE,RIO FORMOSO,25562.0,64.84,10.84,4.19,7.52
RN,JARDIM DE ANGICOS,4922.0,78.91,11.91,3.13,7.52
MG,OLARIA,3570.0,63.06,9.75,5.27,7.51
BA,JEQUIÉ,187440.0,59.78,10.17,4.85,7.51
MG,JEQUITINHONHA,24834.0,72.63,4.73,10.29,7.51
BA,BARRO PRETO,9058.0,76.75,9.98,4.99,7.49
CE,CARIRIAÇU,38796.0,79.4,10.35,4.62,7.49
PB,AREIA,29624.0,74.18,9.38,5.58,7.48
AL,BRANQUINHA,12748.0,65.17,3.01,11.94,7.48
RN,PAU DOS FERROS,34144.0,74.48,8.99,5.97,7.48
AL,TANQUE D ARCA,7994.0,75.81,2.6,12.36,7.48
MG,ESPINOSA,36372.0,62.1,9.39,5.53,7.46
PB,LOGRADOURO,6706.0,60.44,3.37,11.54,7.46
MG,SANTA CRUZ DE SALINAS,5976.0,81.94,1.71,13.19,7.45
AL,SÃO BRÁS,10454.0,65.69,1.53,13.33,7.43
MG,SERITINGA,2974.0,58.82,4.03,10.83,7.43
PI,BARREIRAS DO PIAUÍ,5294.0,85.31,8.54,6.31,7.42
MG,LAGOA DOS PATOS,5276.0,56.58,11.41,3.41,7.41
PB,CARRAPATEIRA,3622.0,81.47,4.8,9.99,7.4
MG,ALVINÓPOLIS,20598.0,58.91,4.43,10.37,7.4
CE,JAGUARIBE,45174.0,79.41,8.42,6.37,7.39
RS,IRAÍ,9690.0,50.24,9.91,4.87,7.39
MG,UNIÃO DE MINAS,4908.0,60.67,1.63,13.08,7.36
AL,LIMOEIRO DE ANADIA,29634.0,69.6,1.84,12.88,7.36
BA,EUCLIDES DA CUNHA,72062.0,80.05,4.6,10.09,7.35
MG,BARÃO DE COCAIS,39534.0,52.22,7.83,6.86,7.35
RS,PIRAPÓ,3424.0,54.16,5.14,9.52,7.33
PE,TUPANATINGA,24938.0,79.2,13.29,1.37,7.33
BA,VEREDA,9974.0,60.94,5.19,9.46,7.33
BA,MUNIZ FERREIRA,12998.0,78.28,9.86,4.79,7.32
PE,CEDRO,15050.0,86.89,6.38,8.24,7.31
MA,SUCUPIRA DO RIACHÃO,6866.0,85.07,6.55,8.07,7.31
MG,ITAVERAVA,9316.0,58.67,2.15,12.45,7.3
MG,COROACI,11598.0,56.9,1.98,12.62,7.3
CE,JAGUARUANA,46226.0,64.1,8.74,5.84,7.29
RS,PINHEIRO MACHADO,15326.0,62.59,7.18,7.4,7.29
BA,CANÁPOLIS,13740.0,75.65,12.17,2.42,7.29
PB,DAMIÃO,7000.0,85.32,13.37,1.2,7.29
TO,CONCEIÇÃO DO TOCANTINS,4984.0,70.88,3.53,11.04,7.28
MG,BUENÓPOLIS,10684.0,53.8,6.91,7.66,7.28
MG,SANTA MARIA DE ITABIRA,13726.0,64.63,8.7,5.84,7.27
PB,GADO BRAVO,12438.0,79.08,3.81,10.71,7.26
PB,PUXINANÃ,20576.0,61.14,6.83,7.67,7.25
AL,OLHO D ÁGUA DO CASADO,10992.0,85.57,1.58,12.9,7.24
MG,CARANAÍBA,5292.0,55.39,2.15,12.32,7.24
BA,FILADÉLFIA,23354.0,69.86,3.0,11.47,7.23
CE,IRAUÇUBA,31290.0,76.64,7.15,7.31,7.23
AL,PENEDO,63078.0,59.08,8.05,6.39,7.22
CE,QUIXERAMOBIM,95088.0,76.46,7.99,6.44,7.22
AL,TAQUARANA,21236.0,74.01,4.72,9.73,7.22
MG,SENHORA DE OLIVEIRA,8638.0,70.6,5.07,9.38,7.22
AM,UARINI,13398.0,57.33,3.88,10.54,7.21
BA,MILAGRES,14326.0,62.41,11.42,3.0,7.21
MG,BRASÍLIA DE MINAS,38992.0,68.34,5.09,9.31,7.2
MG,SÃO JOÃO DA PONTE,30234.0,77.77,6.47,7.92,7.19
BA,CONCEIÇÃO DA FEIRA,28708.0,75.96,10.09,4.25,7.17
PI,FRANCINÓPOLIS,6732.0,89.2,5.38,8.97,7.17
PB,MONTEIRO,42310.0,75.52,8.94,5.4,7.17
BA,CORRENTINA,41722.0,70.93,4.64,9.71,7.17
MA,BACABAL,107410.0,61.45,9.13,5.19,7.16
PR,LINDOESTE,7992.0,56.36,11.31,3.0,7.16
PE,ALTINHO,27640.0,74.76,11.38,2.94,7.16
PB,SERRA DA RAIZ,4902.0,66.81,4.73,9.59,7.16
PB,SANTA INÊS,6004.0,89.28,11.16,3.13,7.15
RS,GRAMADO DOS LOUREIROS,3694.0,58.49,9.26,5.04,7.15
PI,SÃO FÉLIX DO PIAUÍ,5988.0,70.59,6.45,7.85,7.15
BA,JAGUAQUARA,53534.0,65.28,10.98,3.3,7.14
AL,COITÉ DO NÓIA,13792.0,71.88,8.67,5.58,7.13
TO,CARRASCO BONITO,4864.0,63.89,10.77,3.5,7.13
MG,FRUTA DE LEITE,6384.0,82.51,2.29,11.94,7.11
PE,SALGADINHO,10864.0,72.26,9.22,4.99,7.11
MG,OLIVEIRA FORTES,4022.0,64.79,6.76,7.46,7.11
MG,RIO PARDO DE MINAS,31410.0,55.88,1.3,12.91,7.1
PI,SÃO GONÇALO DO GURGUÉIA,4200.0,77.02,8.67,5.52,7.1
PB,PILÕES,10818.0,73.94,8.58,5.6,7.09
SE,ILHA DAS FLORES,11324.0,71.13,7.49,6.69,7.09
MG,ITUTINGA,5962.0,54.77,5.64,8.52,7.08
PR,ITAÚNA DO SUL,4434.0,59.07,8.98,5.19,7.08
PB,ARARA,13680.0,72.56,8.25,5.89,7.07
PE,GARANHUNS,157120.0,69.69,10.15,3.99,7.07
AL,PIAÇABUÇU,20742.0,64.68,3.32,10.81,7.06
PE,SÃO JOAQUIM DO MONTE,28092.0,67.1,4.96,9.16,7.06
BA,RUY BARBOSA,36564.0,73.04,8.94,5.16,7.05
PE,BUENOS AIRES,18576.0,77.17,11.61,2.5,7.05
MG,SENADOR MODESTINO GONÇALVES,6064.0,65.61,3.53,10.52,7.03
BA,MIRANGABA,19468.0,76.14,8.02,6.03,7.03
MA,BREJO DE AREIA,11102.0,72.58,6.47,7.57,7.02
BA,JAGUARIPE,23860.0,78.73,10.05,3.96,7.01
SE,MOITA BONITA,15590.0,61.72,7.11,6.9,7.0
MG,BERTÓPOLIS,6184.0,64.09,5.05,8.96,7.0
PB,CUBATI,10652.0,69.0,10.12,3.87,6.99
SE,NOSSA SENHORA DA GLÓRIA,47220.0,74.03,9.17,4.78,6.98
PI,ALVORADA DO GURGUÉIA,7202.0,79.65,11.86,2.08,6.97
BA,TANQUINHO,12246.0,75.57,10.27,3.64,6.96
MG,ARICANDUVA,6912.0,67.58,1.91,12.01,6.96
MG,NOVORIZONTE,6948.0,55.8,4.09,9.82,6.95
BA,LAPÃO,36634.0,76.48,11.63,2.27,6.95
PI,CARAÚBAS DO PIAUÍ,8250.0,69.89,3.22,10.67,6.95
SP,LAGOINHA,7359.0,51.87,7.89,5.89,6.94
MG,BOCAIÚVA,56190.0,66.32,3.67,10.19,6.93
AL,MARIBONDO,16272.0,68.88,3.11,10.74,6.93
MG,PEDRO TEIXEIRA,3986.0,77.46,8.93,4.92,6.92
MG,GOUVEIA,15800.0,65.74,7.24,6.59,6.92
BA,IBIRATAIA,23012.0,65.58,9.66,4.15,6.91
MG,ITUMIRIM,9496.0,58.75,7.29,6.53,6.91
CE,CRATEÚS,92942.0,73.6,7.84,5.92,6.88
MG,CACHOEIRA DOURADA,3752.0,71.15,4.16,9.59,6.88
BA,SERROLÂNDIA,16722.0,72.53,11.04,2.7,6.87
PR,LUPIONÓPOLIS,6426.0,54.4,9.96,3.77,6.86
PB,BARRA DE SÃO MIGUEL,9852.0,67.97,6.7,6.98,6.84
MG,MACHACALIS,8868.0,56.18,2.98,10.69,6.83
BA,MANOEL VITORINO,19838.0,80.67,10.96,2.68,6.82
RN,JOSÉ DA PENHA,8472.0,87.26,9.07,4.58,6.82
PI,VILA NOVA DO PIAUÍ,4958.0,79.29,13.19,0.44,6.82
PI,WALL FERRAZ,6954.0,76.59,11.39,2.24,6.82
MA,PENALVA,37828.0,84.26,7.68,5.94,6.81
MG,MONTALVÂNIA,17904.0,62.77,10.0,3.61,6.8
PE,IGUARACY,14030.0,83.88,7.74,5.86,6.8
MG,SANTO ANTÔNIO DO ITAMBÉ,4678.0,81.48,9.41,4.19,6.8
BA,IAÇU,29868.0,76.3,11.26,2.29,6.78
CE,PORANGA,15120.0,81.57,5.65,7.9,6.77
MG,OURO VERDE DE MINAS,10070.0,54.42,3.93,9.61,6.77
PI,ANGICAL DO PIAUÍ,10678.0,77.75,8.58,4.94,6.76
RN,MARCELINO VIEIRA,11320.0,82.52,7.93,5.58,6.76
RN,RIACHO DA CRUZ,4712.0,71.14,10.44,3.06,6.75
BA,PARATINGA,37188.0,81.81,5.99,7.52,6.75
BA,ANTAS,16930.0,63.95,4.83,8.65,6.74
BA,SAPEAÇU,25472.0,72.38,6.46,7.0,6.73
MG,GUANHÃES,34836.0,53.35,6.28,7.18,6.73
PR,LARANJAL,7264.0,57.84,4.68,8.78,6.73
RN,TENENTE LAURENTINO CRUZ,8496.0,73.46,10.9,2.57,6.73
MG,MIRABELA,17016.0,64.53,2.33,11.11,6.72
MG,RIBEIRÃO VERMELHO,5484.0,59.46,7.33,6.09,6.71
PE,SIRINHAÉM,44522.0,64.56,10.85,2.57,6.71
BA,ANTÔNIO CARDOSO,18994.0,88.53,8.5,4.86,6.68
PE,SAIRÉ,19052.0,68.86,9.29,4.06,6.68
SE,PINHÃO,8998.0,73.76,5.2,8.09,6.65
MG,JOAQUIM FELÍCIO,4922.0,54.27,9.71,3.58,6.64
MG,ALTO RIO DOCE,15096.0,67.91,3.82,9.47,6.64
MG,SANTO ANTÔNIO DO AMPARO,22246.0,59.08,7.72,5.51,6.62
PB,RIACHO DE SANTO ANTÔNIO,4148.0,65.03,11.62,1.59,6.61
PI,COLÔNIA DO PIAUÍ,9552.0,85.31,4.54,8.67,6.61
AL,INHAPI,18912.0,79.12,5.12,8.11,6.61
MA,TRIZIDELA DO VALE,26650.0,66.37,11.08,2.12,6.6
CE,PARAMOTI,16488.0,76.04,8.22,4.97,6.6
MG,PORTEIRINHA,47792.0,59.16,8.03,5.18,6.6
MA,MATÕES DO NORTE,10092.0,85.23,7.75,5.43,6.59
SE,UMBAÚBA,29588.0,66.38,5.16,8.0,6.58
MG,ALVORADA DE MINAS,6210.0,66.35,7.44,5.7,6.57
MG,ESTRELA DO SUL,8900.0,57.85,7.1,6.04,6.57
PI,BELÉM DO PIAUÍ,5144.0,84.47,3.73,9.41,6.57
PI,SIMPLÍCIO MENDES,16344.0,82.35,7.37,5.73,6.55
MA,LAGO DOS RODRIGUES,13090.0,72.49,3.54,9.55,6.55
BA,IRAMAIA,13374.0,72.76,4.22,8.85,6.54
CE,APUIARÉS,20446.0,73.69,6.49,6.59,6.54
PI,ITAINÓPOLIS,15608.0,81.71,4.24,8.83,6.54
PB,BORBOREMA,7142.0,73.72,3.33,9.75,6.54
GO,PILAR DE GOIÁS,5672.0,51.9,10.05,3.03,6.54
PB,SUMÉ,22086.0,74.98,8.6,4.46,6.53
SE,ITABAIANINHA,50972.0,59.65,1.87,11.18,6.53
MG,ALFREDO VASCONCELOS,9792.0,56.01,6.03,7.01,6.52
BA,GAVIÃO,6840.0,62.1,6.49,6.55,6.52
PE,ARCOVERDE,80502.0,70.46,6.74,6.28,6.51
SP,BOM SUCESSO DE ITARARÉ,4869.0,50.71,5.41,7.56,6.49
BA,ITAPÉ,13216.0,57.45,8.66,4.22,6.44
PE,AMARAJI,27052.0,63.85,10.35,2.54,6.44
TO,SAMPAIO,5644.0,69.94,8.58,4.29,6.43
RN,DOUTOR SEVERIANO,9850.0,83.26,9.08,3.76,6.42
PE,JUCATI,15974.0,81.2,2.94,9.9,6.42
BA,SÃO JOSÉ DO JACUÍPE,13170.0,71.56,10.21,2.61,6.41
PE,FLORESTA,37642.0,84.41,11.47,1.34,6.41
MG,PEÇANHA,18076.0,58.11,2.33,10.46,6.4
BA,MORTUGABA,14054.0,58.66,8.51,4.28,6.4
MG,SÃO JOÃO EVANGELISTA,17976.0,65.07,3.95,8.82,6.39
PR,NOSSA SENHORA DAS GRAÇAS,5076.0,57.57,7.25,5.52,6.38
PB,DONA INÊS,14262.0,80.84,4.61,8.12,6.37
CE,ITAPAJÉ,64352.0,60.94,5.86,6.88,6.37
SE,SÃO MIGUEL DO ALEIXO,6424.0,73.94,6.23,6.51,6.37
MG,JANAÚBA,81646.0,50.61,4.13,8.61,6.37
MA,SANTANA DO MARANHÃO,11902.0,81.0,8.17,4.57,6.37
PI,SÃO JOÃO DA VARJOTA,6336.0,73.42,4.17,8.55,6.36
MA,COROATÁ,66170.0,70.47,6.13,6.59,6.36
AM,SILVES,13040.0,77.44,7.06,5.66,6.36
RN,FRUTUOSO GOMES,6666.0,79.48,7.92,4.8,6.36
CE,MILAGRES,35044.0,87.17,10.02,2.68,6.35
PE,CABROBÓ,40386.0,78.24,2.07,10.6,6.33
CE,NOVO ORIENTE,35256.0,80.78,3.26,9.39,6.33
MG,MANGA,22734.0,61.06,4.67,8.0,6.33
PI,CAMPO ALEGRE DO FIDALGO,7490.0,85.34,10.52,2.11,6.32
PB,PIANCÓ,19966.0,72.59,6.92,5.69,6.31
PI,DOM EXPEDITO LOPES,10820.0,80.66,10.33,2.29,6.31
AM,TEFÉ,67542.0,59.49,7.88,4.72,6.3
MG,JURAMENTO,7254.0,69.44,3.47,9.13,6.3
PI,LAGOA DO SÍTIO,7406.0,82.05,9.67,2.92,6.29
AL,SANTANA DO MUNDAÚ,13366.0,73.37,3.5,9.08,6.29
MG,SANTO ANTÔNIO DO RETIRO,9094.0,69.41,1.54,11.04,6.29
AL,SENADOR RUI PALMEIRA,13456.0,76.0,2.42,10.17,6.29
BA,NOVO TRIUNFO,12460.0,80.02,3.88,8.67,6.28
PB,MASSARANDUBA,19454.0,67.87,8.18,4.38,6.28
MG,VARZELÂNDIA,22046.0,68.96,1.98,10.58,6.28
BA,BOA VISTA DO TUPIM,22040.0,67.71,7.0,5.55,6.27
PE,CAMOCIM DE SÃO FÉLIX,24618.0,69.18,8.7,3.82,6.26
MG,PESCADOR,4760.0,69.34,2.86,9.66,6.26
MG,MORRO DO PILAR,5502.0,59.5,7.96,4.54,6.25
RN,VIÇOSA,3024.0,76.76,9.06,3.44,6.25
PE,VICÊNCIA,34576.0,62.67,9.83,2.66,6.24
BA,CARAÍBAS,13152.0,75.97,5.92,6.54,6.23
PI,CONCEIÇÃO DO CANINDÉ,7690.0,82.86,11.21,1.25,6.23
PR,PLANALTINA DO PARANÁ,5370.0,56.56,5.55,6.89,6.22
PR,GOIOXIM,8540.0,56.06,9.6,2.83,6.22
MG,LAGOA DOURADA,17268.0,50.05,3.24,9.2,6.22
PE,TAMANDARÉ,29304.0,62.24,9.5,2.89,6.2
BA,OLINDINA,29860.0,82.1,7.05,5.34,6.2
SE,TOBIAS BARRETO,66954.0,65.32,8.16,4.22,6.19
PE,SANTA MARIA DO CAMBUCÁ,17808.0,66.39,5.36,6.99,6.17
BA,IBICOARA,24884.0,64.73,9.09,3.24,6.16
PI,JARDIM DO MULATO,7044.0,75.98,9.68,2.64,6.16
MG,SANTO HIPÓLITO,4254.0,72.16,8.65,3.67,6.16
RN,ÁGUA NOVA,4666.0,86.33,8.92,3.39,6.15
MT,PONTE BRANCA,2916.0,59.68,8.71,3.57,6.14
MG,ARGIRITA,4636.0,66.55,8.33,3.93,6.13
MG,RIO VERMELHO,12884.0,65.48,4.52,7.73,6.12
MG,RAUL SOARES,27598.0,54.72,5.31,6.93,6.12
BA,ÉRICO CARDOSO,12784.0,76.99,3.97,8.24,6.11
RS,SÃO MIGUEL DAS MISSÕES,9660.0,52.48,3.83,8.39,6.11
CE,MONSENHOR TABOSA,22698.0,79.65,9.67,2.56,6.11
MG,VARGEM ALEGRE,8642.0,50.8,7.41,4.79,6.1
PE,OURICURI,74388.0,84.53,4.2,7.97,6.09
PE,TRIUNFO,18788.0,81.21,8.49,3.69,6.09
BA,IBITITÁ,25150.0,79.82,9.57,2.59,6.08
MG,SÃO GONÇALO DO RIO ABAIXO,18206.0,59.66,5.54,6.62,6.08
BA,ITARANTIM,21474.0,53.34,6.48,5.65,6.07
RN,ANTÔNIO MARTINS,9708.0,84.78,10.34,1.79,6.07
PB,SÃO SEBASTIÃO DE LAGOA DE ROÇA,13894.0,71.17,7.74,4.38,6.06
PE,MACAPARANA,30326.0,64.62,10.78,1.31,6.04
MG,CÔNEGO MARINHO,8906.0,81.25,5.95,6.13,6.04
PI,RIACHO FRIO,6684.0,86.2,5.95,6.1,6.03
RS,LAGOÃO,7606.0,54.9,2.29,9.78,6.03
BA,ITAGUAÇU DA BAHIA,16682.0,81.73,8.16,3.88,6.02
CE,CAMPOS SALES,31276.0,84.92,9.43,2.59,6.01
MG,CORONEL MURTA,10722.0,69.58,6.29,5.73,6.01
AL,SÃO SEBASTIÃO,39222.0,68.36,4.12,7.89,6.0
MG,RESSAQUINHA,7240.0,60.13,5.0,6.99,5.99
BA,BOA NOVA,18156.0,82.13,6.97,4.98,5.98
CE,PIQUET CARNEIRO,19394.0,85.32,8.63,3.33,5.98
CE,SÃO JOÃO DO JAGUARIBE,9790.0,77.7,4.54,7.4,5.97
CE,SENADOR POMPEU,33548.0,66.01,7.66,4.27,5.96
BA,SANTA LUZIA,12824.0,66.43,7.39,4.49,5.94
MG,PONTE NOVA,72034.0,62.09,5.81,6.06,5.94
PB,SÃO JOSÉ DOS RAMOS,8918.0,72.39,9.22,2.62,5.92
CE,URUOCA,17980.0,78.96,5.11,6.69,5.9
MG,SERRA AZUL DE MINAS,4658.0,71.11,6.7,5.11,5.9
PB,NOVA OLINDA,7826.0,81.06,7.23,4.52,5.88
MG,MADRE DE DEUS DE MINAS,7224.0,54.1,4.26,7.5,5.88
MG,CLARO DOS POÇÕES,11766.0,53.33,3.47,8.28,5.87
BA,CONCEIÇÃO DO COITÉ,88510.0,58.9,8.07,3.64,5.86
TO,SÃO BENTO DO TOCANTINS,7238.0,76.01,10.56,1.16,5.86
MG,FREI GASPAR,7794.0,66.14,4.41,7.29,5.85
PE,ITACURUBA,7134.0,83.74,8.69,2.97,5.83
PE,CUSTÓDIA,42716.0,85.04,8.9,2.73,5.82
MG,PADRE PARAÍSO,18660.0,56.69,2.93,8.7,5.81
MG,LUISLÂNDIA,9152.0,78.89,4.9,6.73,5.81
MG,SÃO PEDRO DOS FERROS,9278.0,58.61,3.64,7.95,5.8
PI,AROEIRAS DO ITAIM,6650.0,83.21,10.8,0.81,5.8
MG,IBIRACATU,8006.0,75.98,1.12,10.47,5.8
MG,RUBIM,9832.0,67.43,4.07,7.51,5.79
BA,CONCEIÇÃO DO ALMEIDA,24226.0,78.82,7.07,4.48,5.77
PB,SERRA GRANDE,4872.0,87.85,6.69,4.8,5.75
RN,SÃO FRANCISCO DO OESTE,6482.0,78.66,7.78,3.73,5.75
RN,MONTE DAS GAMELEIRAS,4570.0,78.99,4.33,7.18,5.75
PI,CARACOL,13068.0,82.23,9.78,1.68,5.73
BA,ENCRUZILHADA,23396.0,72.93,6.09,5.37,5.73
PI,SANTO INÁCIO DO PIAUÍ,5576.0,82.5,9.04,2.4,5.72
TO,RIO SONO,6896.0,53.81,4.29,7.13,5.71
BA,JIQUIRIÇÁ,17446.0,75.17,8.83,2.59,5.71
MG,CANÁPOLIS,13286.0,55.52,5.55,5.87,5.71
GO,NOVA AURORA,3520.0,61.13,8.86,2.56,5.71
BA,BARRA DO CHOÇA,44660.0,75.51,4.18,7.24,5.71
PB,JURIPIRANGA,16274.0,66.74,3.9,7.52,5.71
MG,FORMOSO,8942.0,58.12,7.54,3.87,5.7
PB,MOGEIRO,17466.0,67.66,5.6,5.74,5.67
BA,MARCIONÍLIO SOUZA,11518.0,74.9,8.99,2.31,5.65
CE,SENADOR SÁ,11018.0,70.99,8.8,2.49,5.65
MG,JECEABA,9694.0,57.17,5.22,6.09,5.65
CE,ERERÉ,8724.0,84.25,3.3,7.96,5.63
MG,MINAS NOVAS,27818.0,73.01,2.8,8.46,5.63
BA,PIATÃ,25832.0,72.47,7.56,3.69,5.62
PE,ÁGUAS BELAS,48176.0,75.03,9.36,1.87,5.61
AM,HUMAITÁ,48766.0,50.52,4.76,6.46,5.61
CE,GUARACIABA DO NORTE,50944.0,74.39,5.72,5.51,5.61
PE,BONITO,48942.0,62.64,6.91,4.28,5.6
RS,VILA NOVA DO SUL,5908.0,54.75,5.15,6.03,5.59
CE,ARARIPE,26356.0,88.65,9.32,1.82,5.57
PR,SANTO INÁCIO,7648.0,50.41,9.73,1.41,5.57
AM,SÃO PAULO DE OLIVENÇA,29812.0,81.39,5.4,5.75,5.57
RN,SÃO MIGUEL,27788.0,78.99,8.41,2.73,5.57
PB,JUNCO DO SERIDÓ,9418.0,71.77,2.78,8.37,5.57
MG,DIVISA NOVA,7758.0,59.14,3.61,7.53,5.57
CE,BARRO,25486.0,85.4,8.22,2.91,5.56
MG,SÃO JOSÉ DA SAFIRA,5504.0,52.46,1.67,9.45,5.56
MG,MERCÊS,13604.0,55.57,5.35,5.78,5.56
PE,AGRESTINA,32904.0,72.69,7.57,3.52,5.55
MA,MARAJÁ DO SENA,9362.0,69.16,3.78,7.33,5.55
AL,PIRANHAS,27892.0,82.07,2.19,8.9,5.54
PB,CAMALAÚ,9772.0,87.43,9.58,1.49,5.54
MG,INDAIABIRA,8450.0,53.54,2.11,8.97,5.54
MG,BURITIZEIRO,28626.0,52.37,4.33,6.71,5.52
MG,MONJOLOS,3212.0,52.39,2.93,8.09,5.51
PR,IMBAÚ,13876.0,51.41,5.16,5.85,5.51
MG,DIVINÉSIA,7308.0,68.17,4.13,6.9,5.51
PB,IGARACY,8542.0,76.91,4.78,6.23,5.5
BA,RIBEIRÃO DO LARGO,12386.0,71.8,4.02,6.96,5.49
MG,CÓRREGO NOVO,5350.0,65.51,7.81,3.14,5.48
TO,BOM JESUS DO TOCANTINS,5310.0,55.06,6.29,4.67,5.48
MG,PADRE CARVALHO,6346.0,63.12,2.3,8.64,5.47
CE,GRAÇA,19080.0,87.41,7.94,3.0,5.47
PE,BREJO DA MADRE DE DEUS,52848.0,64.59,8.47,2.47,5.47
MG,DIVINO,23578.0,52.53,5.11,5.83,5.47
CE,MIRAÍMA,19154.0,82.64,7.0,3.92,5.46
CE,NOVA OLINDA,19944.0,80.01,4.5,6.37,5.44
BA,PIRAÍ DO NORTE,10970.0,77.44,9.5,1.37,5.43
BA,ITAETÉ,16472.0,66.84,6.82,4.01,5.42
MG,MATIPÓ,22776.0,51.73,3.13,7.68,5.4
PI,SEBASTIÃO BARROS,6934.0,83.98,8.42,2.37,5.39
PI,FRANCISCO AYRES,7214.0,79.68,2.16,8.62,5.39
MA,LAGO VERDE,18594.0,78.34,8.07,2.72,5.39
PR,SANTA MÔNICA,4382.0,50.46,1.64,9.13,5.39
PE,VENTUROSA,22436.0,77.35,6.59,4.18,5.38
BA,IPIAÚ,49586.0,62.37,5.43,5.34,5.38
MG,MATERLÂNDIA,5592.0,72.03,3.08,7.69,5.38
PB,PRATA,6672.0,79.04,6.62,4.11,5.37
PB,ALAGOA NOVA,25582.0,75.38,6.18,4.53,5.36
RN,RIACHO DE SANTANA,6248.0,85.91,7.94,2.78,5.36
BA,NOVA IBIÁ,8166.0,62.53,8.82,1.91,5.36
CE,LAVRAS DA MANGABEIRA,36484.0,81.81,6.9,3.82,5.36
BA,IBIPEBA,22002.0,83.49,8.48,2.23,5.35
RN,TENENTE ANANIAS,12894.0,77.58,5.54,5.15,5.34
PE,VERTENTES,26418.0,65.71,6.37,4.31,5.34
MG,RIO DOCE,4060.0,59.27,5.22,5.47,5.34
PB,SANTANA DE MANGUEIRA,7010.0,86.25,8.42,2.25,5.34
MG,SANTANA DE PIRAPAMA,11422.0,55.19,4.73,5.92,5.32
PI,BONFIM DO PIAUÍ,8182.0,91.61,7.94,2.69,5.32
MG,ALMENARA,43968.0,67.89,5.41,5.19,5.3
RN,JANDAÍRA,9638.0,64.93,7.51,3.09,5.3
PB,SÃO SEBASTIÃO DO UMBUZEIRO,5116.0,87.64,7.7,2.89,5.3
PE,SERRITA,24376.0,86.08,3.72,6.88,5.3
BA,PLANALTO,31232.0,64.87,3.34,7.25,5.29
PB,JUAZEIRINHO,21472.0,72.25,5.66,4.92,5.29
MG,SÃO FRANCISCO,56810.0,63.83,4.49,6.07,5.28
RN,PEDRA GRANDE,6686.0,65.83,7.09,3.47,5.28
MG,PIEDADE DO RIO GRANDE,6180.0,63.68,4.66,5.89,5.28
MG,CAJURI,7518.0,67.4,4.07,6.49,5.28
MG,SANTA EFIGÊNIA DE MINAS,5278.0,60.77,2.54,8.0,5.27
MG,BARRA LONGA,8792.0,67.8,3.8,6.73,5.27
BA,TANQUE NOVO,23046.0,81.36,2.59,7.94,5.27
BA,MASCOTE,13812.0,74.19,7.27,3.26,5.26
PB,MONTE HOREBE,6066.0,83.16,6.82,3.69,5.26
MG,ATALÉIA,15354.0,66.44,4.91,5.6,5.26
MA,SANTA RITA,38538.0,72.77,6.65,3.87,5.26
PR,BOM SUCESSO,8590.0,50.8,7.66,2.82,5.24
MA,LAGOA GRANDE DO MARANHÃO,14594.0,70.62,6.95,3.52,5.24
MG,VEREDINHA,7500.0,73.63,2.11,8.35,5.23
CE,MISSÃO VELHA,47768.0,80.49,6.57,3.9,5.23
CE,GROAÍRAS,14986.0,64.4,6.54,3.9,5.22
MG,JACINTO,13074.0,64.69,2.91,7.53,5.22
BA,FIRMINO ALVES,7620.0,59.45,4.17,6.25,5.21
PE,BELÉM DO SÃO FRANCISCO,24322.0,81.59,4.03,6.39,5.21
TO,GOIATINS,13256.0,65.07,6.64,3.77,5.21
PB,ALCANTIL,8136.0,56.8,1.82,8.58,5.2
RS,FONTOURA XAVIER,13250.0,52.0,6.49,3.91,5.2
AM,CARAUARI,28164.0,75.4,2.09,8.29,5.19
BA,UBATÃ,18558.0,63.27,5.74,4.62,5.18
AL,LAGOA DA CANOA,23864.0,65.5,1.6,8.75,5.18
MG,PINTÓPOLIS,8530.0,75.89,5.21,5.16,5.18
CE,UBAJARA,41588.0,59.74,6.73,3.62,5.17
MG,SANTO ANTÔNIO DO AVENTUREIRO,5800.0,52.85,4.66,5.69,5.17
MG,GURINHATÃ,7244.0,52.15,5.83,4.47,5.15
BA,IPUPIARA,13548.0,66.27,2.47,7.84,5.15
BA,BELO CAMPO,24346.0,73.17,5.78,4.53,5.15
RN,CORONEL JOÃO PESSOA,6500.0,82.43,7.82,2.46,5.14
PB,MATINHAS,7164.0,82.21,6.73,3.55,5.14
MG,CARBONITA,11550.0,60.99,3.24,7.01,5.13
TO,TUPIRAMA,3080.0,53.44,6.49,3.77,5.13
MG,RIO ESPERA,8480.0,59.63,2.78,7.45,5.12
PB,SÃO JOSÉ DOS CORDEIROS,5550.0,78.53,6.38,3.86,5.12
MG,MONTE FORMOSO,5698.0,77.67,1.79,8.42,5.11
PE,SÃO JOSÉ DO BELMONTE,40270.0,84.96,6.09,4.11,5.1
MG,CONCEIÇÃO DE IPANEMA,6588.0,51.77,7.44,2.76,5.1
MG,ARAPONGA,10698.0,69.41,4.19,6.02,5.1
RS,MARIANO MORO,3624.0,53.4,5.13,5.08,5.1
CE,PEREIRO,22486.0,83.7,3.06,7.14,5.1
AL,JUNDIÁ,6600.0,59.16,1.3,8.88,5.09
MG,SANTA RITA DE IBITIPOCA,5208.0,71.07,6.18,3.99,5.09
MG,ACAIACA,5322.0,62.95,2.67,7.48,5.07
MG,SÃO GERALDO,11406.0,65.42,3.61,6.52,5.07
BA,PIRITIBA,22362.0,73.83,6.05,4.07,5.06
MG,SÃO JOSÉ DO JACURI,7740.0,70.99,1.99,8.11,5.05
CE,UMIRIM,24922.0,74.0,5.63,4.48,5.05
PB,CURRAL VELHO,3650.0,65.4,6.85,3.23,5.04
MG,CARLOS CHAGAS,22422.0,59.62,2.87,7.21,5.04
MG,NINHEIRA,11216.0,66.64,2.48,7.6,5.04
TO,WANDERLÂNDIA,11082.0,54.92,6.93,3.16,5.04
PB,SANTA LUZIA,19898.0,67.6,6.24,3.81,5.03
MG,URUCÂNIA,13486.0,59.58,2.97,7.1,5.03
MG,MEDINA,23104.0,58.03,6.03,4.03,5.03
MG,PIRANGUINHO,11524.0,50.74,4.55,5.47,5.01
AL,GIRAU DO PONCIANO,40566.0,78.58,4.15,5.85,5.0
MG,BERILO,11676.0,72.0,4.23,5.76,4.99
MG,INGAÍ,4270.0,50.48,6.23,3.75,4.99
PB,CACIMBA DE DENTRO,21198.0,70.1,3.37,6.6,4.99
AL,PINDOBA,4300.0,67.98,1.49,8.47,4.98
CE,ARATUBA,19350.0,72.67,4.63,5.3,4.97
AL,QUEBRANGULO,15278.0,64.17,3.3,6.6,4.95
PE,JOAQUIM NABUCO,20210.0,64.32,6.82,3.08,4.95
RS,BRAGA,4666.0,59.79,3.39,6.52,4.95
RN,LUCRÉCIA,5780.0,82.17,8.72,1.18,4.95
PI,ANTÔNIO ALMEIDA,4764.0,73.79,4.11,5.75,4.93
PR,QUERÊNCIA DO NORTE,13096.0,53.18,7.77,2.05,4.91
PE,SERRA TALHADA,97762.0,73.68,6.67,3.08,4.88
MA,CAJAPIÓ,14304.0,87.55,4.84,4.92,4.88
MG,FELÍCIO DOS SANTOS,6674.0,62.93,2.16,7.58,4.87
BA,NOVA CANAÃ,18622.0,71.4,3.86,5.89,4.87
MG,SENHORA DO PORTO,4546.0,71.28,3.87,5.85,4.86
PR,DIAMANTE D OESTE,6006.0,55.96,5.89,3.83,4.86
AL,CAMPO GRANDE,13738.0,77.14,1.98,7.72,4.85
PI,SANTA FILOMENA,8260.0,67.94,3.9,5.81,4.85
CE,ICÓ,77142.0,77.11,7.63,2.07,4.85
MG,GAMELEIRAS,7014.0,60.61,4.36,5.3,4.83
BA,RETIROLÂNDIA,20406.0,74.09,6.96,2.68,4.82
BA,ELÍSIO MEDRADO,11798.0,70.41,5.02,4.63,4.82
MG,BOCAINA DE MINAS,7060.0,56.78,4.08,5.55,4.82
MG,FELISBURGO,7654.0,69.73,4.18,5.44,4.81
BA,PINDOBAÇU,24986.0,63.75,2.87,6.75,4.81
CE,CAMOCIM,77310.0,68.42,7.09,2.53,4.81
PB,SÃO JOSÉ DA LAGOA TAPADA,10860.0,76.48,7.09,2.5,4.8
PI,LAGOINHA DO PIAUÍ,5024.0,75.63,4.5,5.1,4.8
TO,LUZINÓPOLIS,4132.0,67.76,8.42,1.16,4.79
PI,DOMINGOS MOURÃO,6680.0,86.46,1.89,7.66,4.78
MA,BOM LUGAR,17660.0,72.9,7.11,2.46,4.78
CE,FRECHEIRINHA,21080.0,69.43,5.13,4.4,4.77
MG,CAIANA,6640.0,56.68,2.11,7.41,4.76
MG,TOCANTINS,21564.0,50.3,2.88,6.62,4.75
MG,SÃO FRANCISCO DO GLÓRIA,6796.0,52.99,4.21,5.27,4.74
BA,LICÍNIO DE ALMEIDA,15666.0,69.21,7.26,2.22,4.74
BA,RIO REAL,44518.0,70.56,3.63,5.84,4.73
PE,POÇÃO,15674.0,84.6,6.14,3.32,4.73
MG,LEOPOLDINA,63576.0,55.0,4.48,4.94,4.71
RN,PASSAGEM,6152.0,58.57,6.89,2.5,4.7
BA,MACAJUBA,14652.0,73.61,4.9,4.48,4.69
CE,MAURITI,55342.0,72.3,7.06,2.32,4.69
CE,TEJUÇUOCA,25072.0,76.65,4.37,4.95,4.66
MG,DONA EUSÉBIA,9364.0,56.01,4.7,4.61,4.66
PI,SÃO FRANCISCO DE ASSIS DO PIAUÍ,7900.0,71.41,1.85,7.47,4.66
PI,CAMPINAS DO PIAUÍ,8278.0,90.44,5.7,3.6,4.65
BA,CONDE,28504.0,75.87,5.47,3.83,4.65
MA,TURILÂNDIA,22092.0,75.59,5.5,3.78,4.64
BA,ITAGIBÁ,18416.0,63.73,3.62,5.64,4.63
PE,MIRANDIBA,17956.0,78.02,3.8,5.46,4.63
MG,GUIDOVAL,10520.0,54.54,3.92,5.32,4.62
MG,NOVO CRUZEIRO,30146.0,70.54,2.29,6.96,4.62
MG,TAPARUBA,5634.0,50.68,3.16,6.07,4.61
PR,FIGUEIRA,10130.0,54.91,6.0,3.22,4.61
CE,SANTANA DO ACARAÚ,42018.0,78.24,4.6,4.6,4.6
AL,DOIS RIACHOS,13492.0,74.36,1.13,8.06,4.6
CE,MILHÃ,18014.0,82.06,3.36,5.84,4.6
PR,INAJÁ,3858.0,60.06,5.6,3.58,4.59
BA,IGUAÍ,27536.0,66.25,5.14,4.05,4.59
MA,OLINDA NOVA DO MARANHÃO,15652.0,83.07,5.24,3.95,4.59
TO,TUPIRATINS,2856.0,62.76,3.5,5.67,4.59
MG,URUCUIA,10828.0,57.67,2.7,6.46,4.58
MG,SETUBINHA,11570.0,79.91,4.08,5.08,4.58
RS,CERRO GRANDE,4218.0,57.33,2.94,6.21,4.58
CE,SANTA QUITÉRIA,54400.0,79.64,5.92,3.22,4.57
BA,SANTA CRUZ DA VITÓRIA,6802.0,53.68,2.97,6.17,4.57
TO,NAZARÉ,6758.0,69.97,8.29,0.86,4.57
MG,ARANTINA,4400.0,73.02,4.82,4.32,4.57
PI,FARTURA DO PIAUÍ,7384.0,91.38,6.77,2.36,4.56
CE,SOLONÓPOLE,23150.0,82.24,5.83,3.29,4.56
CE,VÁRZEA ALEGRE,50444.0,80.06,5.76,3.36,4.56
MG,JAPONVAR,12162.0,73.26,1.63,7.47,4.55
AL,CACIMBINHAS,12370.0,67.68,3.09,5.98,4.54
PI,SÃO MIGUEL DO TAPUIO,23342.0,83.54,4.45,4.63,4.54
CE,BELA CRUZ,32758.0,68.44,5.89,3.19,4.54
CE,SÃO BENEDITO,57374.0,70.58,6.44,2.64,4.54
PB,CONCEIÇÃO,23098.0,75.67,5.73,3.33,4.53
CE,FORTIM,25446.0,64.59,3.69,5.36,4.53
PE,CARNAUBEIRA DA PENHA,18136.0,89.71,1.95,7.1,4.53
MG,CIPOTÂNEA,7862.0,64.29,2.39,6.66,4.53
MG,MALACACHETA,20598.0,63.63,1.81,7.21,4.51
MG,CAPELA NOVA,7410.0,62.54,2.65,6.37,4.51
PI,ASSUNÇÃO DO PIAUÍ,10432.0,89.38,1.36,7.65,4.51
PI,TAMBORIL DO PIAUÍ,4262.0,83.15,4.65,4.36,4.5
PR,MATO RICO,5218.0,66.04,7.67,1.34,4.5
TO,IPUEIRAS,2914.0,68.28,4.74,4.26,4.5
PB,INGÁ,23848.0,63.43,3.29,5.69,4.49
PE,SÃO JOSÉ DO EGITO,37094.0,76.31,5.98,2.99,4.49
PI,SÃO JOSÉ DO DIVINO,8394.0,77.22,5.58,3.41,4.49
PB,DUAS ESTRADAS,5830.0,74.38,1.2,7.79,4.49
MG,ABRE CAMPO,18314.0,59.08,4.2,4.76,4.48
MG,ÁGUA BOA,15508.0,57.83,2.37,6.56,4.47
MG,RIACHINHO,8408.0,57.9,5.14,3.81,4.47
TO,SANTA MARIA DO TOCANTINS,4074.0,51.42,5.84,3.09,4.47
MG,FRANCISCO BADARÓ,9198.0,69.64,3.11,5.83,4.47
BA,MANSIDÃO,14164.0,83.31,3.66,5.28,4.47
MA,SÃO FRANCISCO DO MARANHÃO,14300.0,85.73,4.55,4.36,4.45
BA,TEOLÂNDIA,17962.0,73.78,6.37,2.49,4.43
MG,PALMÓPOLIS,8230.0,72.33,3.43,5.44,4.43
BA,SANTANA,32754.0,70.08,5.61,3.22,4.41
BA,ITAMARI,9596.0,66.56,7.57,1.21,4.39
PB,PRINCESA ISABEL,25136.0,81.28,5.55,3.19,4.37
PI,TANQUE DO PIAUÍ,4004.0,84.87,2.2,6.54,4.37
MG,CARVALHOS,6516.0,52.99,3.41,5.31,4.36
BA,SAÚDE,13730.0,73.18,5.94,2.77,4.36
MG,BIAS FORTES,5888.0,76.34,5.1,3.6,4.35
BA,ITAGI,15166.0,65.18,7.32,1.35,4.33
MG,IBERTIOGA,7788.0,71.9,3.72,4.93,4.33
BA,CAATIBA,9362.0,66.34,5.49,3.14,4.32
PI,MASSAPÊ DO PIAUÍ,9638.0,86.84,7.72,0.89,4.31
PE,INAJÁ,22082.0,90.3,5.29,3.31,4.3
SE,FEIRA NOVA,9706.0,72.28,4.47,4.12,4.3
PI,CAJAZEIRAS DO PIAUÍ,5732.0,83.97,4.08,4.5,4.29
MG,AMPARO DO SERRA,7268.0,75.45,2.2,6.38,4.29
RS,SÃO JOSÉ DO NORTE,33486.0,50.93,4.72,3.83,4.28
MG,SALTO DA DIVISA,7176.0,65.16,3.76,4.77,4.26
PB,IBIARA,8446.0,81.97,4.33,4.19,4.26
MG,TEIXEIRAS,16702.0,57.33,3.62,4.87,4.25
BA,SÍTIO DO QUINTO,15334.0,83.42,4.38,4.12,4.25
BA,IBIPITANGA,19112.0,70.01,4.59,3.89,4.24
CE,CEDRO,32328.0,80.87,4.31,4.18,4.24
PB,LASTRO,6954.0,81.59,5.44,3.05,4.24
BA,DOM MACEDO COSTA,7358.0,72.17,5.93,2.53,4.23
MG,CAMPO DO MEIO,15532.0,50.68,2.58,5.88,4.23
MG,VERMELHO NOVO,7598.0,59.16,3.84,4.58,4.21
BA,PRESIDENTE JÂNIO QUADROS,15608.0,80.3,3.15,5.27,4.21
PB,LAGOA SECA,35186.0,60.74,5.18,3.22,4.2
BA,VARZEDO,14438.0,69.34,6.5,1.9,4.2
BA,BOM JESUS DA SERRA,13590.0,85.48,6.9,1.5,4.2
MG,DELTA,10686.0,53.23,4.01,4.34,4.17
BA,ITIRUÇU,14392.0,72.16,4.34,3.97,4.16
MG,CRISTÁLIA,7236.0,69.53,1.38,6.94,4.16
PE,BUÍQUE,56292.0,84.66,6.6,1.67,4.14
MG,SENHORA DOS REMÉDIOS,13508.0,55.56,3.54,4.74,4.14
MG,MARTINS SOARES,12154.0,50.29,3.54,4.74,4.14
PB,AGUIAR,7636.0,78.06,6.89,1.39,4.14
PB,PARARI,3580.0,86.23,4.19,4.08,4.13
PB,SANTA CECÍLIA,11624.0,74.23,1.48,6.78,4.13
CE,VIÇOSA DO CEARÁ,73472.0,73.43,4.44,3.79,4.12
BA,JITAÚNA,19058.0,71.09,6.54,1.68,4.11
MG,GLAUCILÂNDIA,6232.0,74.52,2.05,6.16,4.11
MG,CAMACHO,5100.0,54.57,3.02,5.18,4.1
TO,LIZARDA,4704.0,68.47,3.1,5.1,4.1
MG,LEME DO PRADO,5846.0,67.93,1.51,6.67,4.09
GO,SÃO LUIZ DO NORTE,7296.0,54.57,5.43,2.74,4.08
CE,CRUZ,34884.0,56.17,3.16,4.97,4.07
MG,ERVÁLIA,25928.0,62.53,3.99,4.16,4.07
MG,PALMA,8324.0,70.21,5.31,2.81,4.06
MG,COUTO DE MAGALHÃES DE MINAS,5488.0,73.13,3.68,4.45,4.06
PI,SÃO FRANCISCO DO PIAUÍ,9200.0,63.69,1.76,6.35,4.05
BA,NOVA ITARANA,10090.0,76.91,4.52,3.57,4.04
AM,SANTO ANTÔNIO DO IÇÁ,25390.0,69.68,5.5,2.58,4.04
MG,SÃO FRANCISCO DE PAULA,9650.0,59.59,3.05,5.02,4.03
SP,BARRA DO CHAPÉU,6278.0,50.16,5.55,2.39,4.03
BA,BARRA DO MENDES,19752.0,89.12,5.65,2.41,4.03
PI,BOCAINA,9050.0,69.08,4.44,3.62,4.03
MG,BOTUMIRIM,7644.0,75.99,1.26,6.8,4.03
MG,DOM JOAQUIM,6052.0,62.31,4.33,3.67,4.0
AM,PAUINI,15462.0,65.78,2.59,5.41,4.0
PE,BREJÃO,14764.0,81.99,4.74,3.24,3.99
MA,PASTOS BONS,22566.0,78.93,3.99,4.0,3.99
CE,SALITRE,22038.0,79.02,3.79,4.17,3.98
BA,ITATIM,20172.0,65.74,6.11,1.82,3.97
PB,SÃO FRANCISCO,6870.0,69.5,6.11,1.83,3.97
CE,MORAÚJO,12524.0,78.38,3.39,4.49,3.94
PB,NATUBA,10694.0,70.95,3.87,4.0,3.94
PE,CAMUTANGA,11760.0,71.55,6.04,1.82,3.93
MG,ANTÔNIO PRADO DE MINAS,3026.0,59.31,3.83,4.03,3.93
MG,MATIAS CARDOSO,10214.0,72.1,1.64,6.19,3.92
MG,PAVÃO,8982.0,64.36,2.92,4.92,3.92
BA,GUAJERU,9848.0,87.59,6.44,1.38,3.91
BA,ALMADINA,7298.0,79.81,3.51,4.28,3.89
MG,PEDRA DO ANTA,5526.0,72.99,2.82,4.96,3.89
PI,SANTO ANTÔNIO DE LISBOA,9764.0,77.82,4.2,3.54,3.87
PB,RIACHÃO,4976.0,69.47,4.06,3.66,3.86
PI,CANTO DO BURITI,24320.0,76.9,5.9,1.81,3.86
PB,BELÉM,20632.0,64.46,3.64,4.09,3.86
PI,ITAUEIRA,13932.0,76.5,3.09,4.59,3.84
BA,TREMEDAL,22504.0,74.99,5.25,2.41,3.83
PE,CASINHAS,18610.0,78.2,6.7,0.95,3.82
MG,SÃO JOÃO DO PACUÍ,5840.0,75.08,3.73,3.9,3.82
MG,SÃO MIGUEL DO ANTA,10234.0,65.61,3.65,3.97,3.81
MG,SANTANA DO JACARÉ,6268.0,57.94,3.0,4.63,3.81
TO,CRIXÁS DO TOCANTINS,2648.0,58.22,2.87,4.76,3.81
BA,BONINAL,16518.0,65.4,6.48,1.13,3.8
PB,OURO VELHO,4978.0,78.49,4.42,3.17,3.8
CE,HIDROLÂNDIA,24518.0,76.88,4.32,3.23,3.78
CE,IPAUMIRIM,14904.0,82.53,4.7,2.86,3.78
MG,CONCEIÇÃO DA BARRA DE MINAS,6146.0,52.72,1.63,5.92,3.77
CE,MUCAMBO,19128.0,75.32,3.84,3.71,3.77
AL,CAMPO ALEGRE,37760.0,60.99,3.68,3.87,3.77
BA,ANTÔNIO GONÇALVES,13538.0,77.78,5.82,1.68,3.75
PB,POMBAL,40160.0,61.9,4.48,3.03,3.75
MA,TUNTUM,42956.0,67.3,2.48,4.99,3.74
MG,ITAIPÉ,12134.0,68.57,1.78,5.69,3.73
MG,VIRGOLÂNDIA,6352.0,65.81,0.91,6.52,3.72
BA,RODELAS,12112.0,76.2,2.59,4.85,3.72
MA,FORTUNA,18912.0,78.51,1.48,5.96,3.72
MG,SANTA CRUZ DO ESCALVADO,7676.0,74.85,3.7,3.73,3.71
MG,CATUTI,6638.0,70.57,3.28,4.13,3.71
BA,ITUAÇU,24990.0,68.84,3.98,3.43,3.7
MG,PAIVA,2794.0,71.1,3.44,3.94,3.69
CE,ITATIRA,28532.0,80.41,5.75,1.63,3.69
PE,CARNAÍBA,24546.0,84.4,4.1,3.28,3.69
MG,WENCESLAU BRAZ,4198.0,50.57,3.48,3.91,3.69
PE,OROBÓ,29466.0,76.97,6.51,0.88,3.69
PI,JAICÓS,20480.0,78.64,5.97,1.39,3.68
MG,HELIODORA,8396.0,64.08,4.84,2.48,3.66
PB,MANAÍRA,13434.0,89.0,4.03,3.26,3.65
PI,SANTA CRUZ DO PIAUÍ,9182.0,85.52,5.69,1.59,3.64
PB,JURU,11990.0,84.61,3.84,3.45,3.64
AM,MARAÃ,12156.0,64.9,3.32,3.93,3.63
TO,PINDORAMA DO TOCANTINS,5816.0,50.34,3.13,4.13,3.63
RS,NONOAI,15288.0,52.22,3.22,4.04,3.63
CE,IBIAPINA,29892.0,70.73,4.07,3.18,3.63
MG,SANTANA DO MANHUAÇU,11576.0,58.57,2.44,4.8,3.62
BA,SANTANÓPOLIS,14516.0,81.85,5.07,2.18,3.62
MG,JOSÉ RAYDAN,5578.0,61.21,1.86,5.38,3.62
PB,RIACHÃO DO BACAMARTE,7502.0,76.38,4.13,3.09,3.61
PE,MACHADOS,17146.0,70.38,5.67,1.55,3.61
MA,BERNARDO DO MEARIM,8094.0,69.73,3.56,3.63,3.6
MG,SANTA FÉ DE MINAS,4896.0,75.79,2.45,4.74,3.59
BA,BREJÕES,16886.0,69.97,4.09,3.08,3.58
PE,CUPIRA,31580.0,60.96,5.33,1.81,3.57
MG,PRESIDENTE BERNARDES,8408.0,64.65,2.85,4.28,3.57
AM,FONTE BOA,23296.0,73.09,2.08,5.05,3.56
MG,JORDÂNIA,10792.0,52.58,1.98,5.11,3.55
MG,RIO DO PRADO,6024.0,77.52,2.86,4.25,3.55
BA,MACURURÉ,10510.0,83.02,3.2,3.9,3.55
AM,ALVARÃES,17338.0,69.94,2.39,4.68,3.54
MG,SERRANOS,3332.0,64.11,3.54,3.54,3.54
BA,MAETINGA,9546.0,69.59,3.9,3.16,3.53
MG,LONTRA,11808.0,66.93,1.29,5.78,3.53
BA,LAJEDINHO,5584.0,84.43,3.37,3.69,3.53
PE,IBIMIRIM,30700.0,86.73,2.64,4.41,3.52
MG,TAPIRAÍ,3010.0,65.37,2.13,4.92,3.52
MG,SANTA MARIA DO SALTO,6082.0,59.3,2.73,4.31,3.52
PB,SERRA REDONDA,10394.0,74.14,3.04,3.98,3.51
MG,PONTO DOS VOLANTES,12876.0,67.91,3.08,3.95,3.51
PE,XEXÉU,15600.0,67.83,4.71,2.28,3.49
PE,PETROLÂNDIA,38838.0,77.8,2.71,4.25,3.48
MG,FARIA LEMOS,5092.0,58.12,3.38,3.57,3.48
MG,JOAÍMA,14622.0,70.09,2.45,4.5,3.47
PB,SANTA CRUZ,9210.0,82.07,3.71,3.24,3.47
PB,RIACHO DOS CAVALOS,13040.0,80.33,5.21,1.7,3.46
AL,TEOTÔNIO VILELA,43280.0,59.92,2.25,4.68,3.46
AL,FELIZ DESERTO,5146.0,66.49,1.94,4.97,3.46
MG,SERRA DOS AIMORÉS,8234.0,54.54,1.34,5.56,3.45
MG,FRANCISCÓPOLIS,6774.0,64.9,1.54,5.37,3.45
PE,LAJEDO,49444.0,67.95,3.64,3.23,3.43
MG,SÃO SEBASTIÃO DO MARANHÃO,11176.0,60.87,2.38,4.47,3.43
MG,RIO CASCA,15984.0,61.59,4.19,2.67,3.43
PE,PARANATAMA,17598.0,84.6,4.75,2.07,3.41
AL,CANAPI,19334.0,83.13,3.63,3.17,3.4
BA,SOUTO SOARES,22322.0,88.35,4.82,1.98,3.4
PB,SÃO JOÃO DO TIGRE,6420.0,79.18,4.74,2.06,3.4
PB,CATOLÉ DO ROCHA,35914.0,73.84,2.69,4.08,3.39
BA,IPECAETÁ,22834.0,81.06,5.15,1.63,3.39
MG,SÃO PEDRO DO SUAÇUÍ,6998.0,58.89,2.11,4.66,3.39
BA,LAJEDO DO TABOCAL,9918.0,75.75,5.18,1.59,3.39
MG,URUANA DE MINAS,5120.0,52.43,4.22,2.54,3.38
MG,RUBELITA,9666.0,80.73,2.38,4.39,3.38
RN,LUÍS GOMES,11604.0,84.17,4.43,2.29,3.36
PE,QUIPAPÁ,23026.0,78.58,4.92,1.79,3.35
TO,ANGICO,4248.0,63.21,4.28,2.4,3.34
PB,ASSUNÇÃO,6614.0,72.29,3.87,2.78,3.33
BA,DÁRIO MEIRA,12056.0,70.82,4.25,2.42,3.33
MG,NOVA PORTEIRINHA,9428.0,69.97,2.67,3.95,3.31
CE,ACARAÚ,73450.0,69.01,2.39,4.23,3.31
TO,SUCUPIRA,2726.0,51.92,2.35,4.26,3.3
BA,COCOS,24200.0,62.62,5.45,1.12,3.29
PE,IATI,22078.0,83.71,3.09,3.44,3.27
BA,ITAJU DO COLÔNIA,8144.0,55.61,2.5,4.03,3.27
MG,GUARACIAMA,7932.0,77.07,1.69,4.84,3.27
PB,POCINHOS,23068.0,64.19,3.29,3.23,3.26
MG,JOSENÓPOLIS,4478.0,77.72,1.38,5.09,3.24
MG,CACHOEIRA DE PAJEÚ,10038.0,63.4,4.28,2.19,3.24
CE,IPUEIRAS,46942.0,74.98,1.73,4.74,3.24
PI,FLORES DO PIAUÍ,6482.0,76.81,4.47,2.01,3.24
PB,VISTA SERRANA,4918.0,76.95,3.78,2.64,3.21
RS,ERVAL GRANDE,7118.0,53.18,3.62,2.75,3.19
MG,SEM PEIXE,5354.0,69.93,2.84,3.47,3.16
PI,RIO GRANDE DO PIAUÍ,8354.0,80.61,2.35,3.95,3.15
MG,ITURAMA,45290.0,50.53,2.5,3.78,3.14
PE,RIACHO DAS ALMAS,34354.0,67.7,4.6,1.67,3.13
MG,IPIAÇU,5408.0,61.35,2.55,3.7,3.12
PE,JUREMA,18306.0,79.14,2.61,3.62,3.11
MG,CONGONHAS DO NORTE,5922.0,71.06,2.97,3.24,3.11
MG,CANA VERDE,7750.0,51.85,3.17,3.02,3.1
MG,QUARTEL GERAL,5462.0,55.56,1.98,4.21,3.09
PE,SÃO JOÃO,28070.0,83.65,4.85,1.33,3.09
PR,NOVA ALIANÇA DO IVAÍ,2426.0,53.83,1.4,4.78,3.09
MG,ORATÓRIOS,6958.0,70.68,3.36,2.82,3.09
MG,ESTRELA DALVA,4316.0,63.54,2.09,4.08,3.08
MG,DURANDÉ,10090.0,54.46,2.24,3.92,3.08
PR,SÃO JOSÉ DAS PALMEIRAS,5472.0,50.56,3.91,2.23,3.07
BA,BARRA DA ESTIVA,33580.0,69.21,4.71,1.44,3.07
AL,JUNQUEIRO,29922.0,63.62,3.22,2.9,3.06
MG,PATIS,7672.0,77.86,1.04,5.06,3.05
MG,JEQUERI,15402.0,64.81,3.26,2.83,3.05
MG,NOVA BELÉM,5172.0,51.11,1.43,4.64,3.04
MA,GOVERNADOR ARCHER,12356.0,80.28,2.17,3.88,3.03
MG,CANAÃ,7160.0,61.03,3.35,2.71,3.03
MG,MARILAC,6214.0,58.25,1.26,4.8,3.03
PB,TAVARES,17148.0,86.14,3.27,2.79,3.03
MG,PAI PEDRO,7878.0,63.8,3.86,2.18,3.02
PA,BREJO GRANDE DO ARAGUAIA,10518.0,50.65,4.58,1.46,3.02
PE,ANGELIM,13888.0,71.48,4.64,1.34,2.99
CE,FARIAS BRITO,27502.0,86.72,3.04,2.93,2.99
BA,IBIQUERA,6060.0,80.33,3.86,1.98,2.92
CE,GRANJA,68390.0,83.86,3.89,1.94,2.92
PB,VÁRZEA,4456.0,85.83,3.05,2.78,2.92
BA,TAPIRAMUTÁ,16736.0,78.55,3.26,2.51,2.89
CE,ALTANEIRA,10274.0,84.37,1.97,3.8,2.88
PB,TACIMA,11918.0,72.04,2.67,3.09,2.88
PB,SALGADINHO,5118.0,80.09,3.24,2.5,2.87
BA,IRAJUBA,8260.0,78.02,3.56,2.18,2.87
CE,UMARI,9898.0,73.07,3.56,2.18,2.87
PI,JACOBINA DO PIAUÍ,8816.0,87.55,3.68,2.02,2.85
PI,NOSSA SENHORA DE NAZARÉ,9224.0,87.42,3.04,2.67,2.85
MG,PIEDADE DE PONTE NOVA,5900.0,64.7,3.32,2.34,2.83
PB,ZABELÊ,3848.0,84.09,3.69,1.98,2.83
MG,PASSA VINTE,3814.0,54.11,2.36,3.25,2.81
MG,ENGENHEIRO NAVARRO,9120.0,70.14,2.5,3.07,2.79
PE,TABIRA,32824.0,80.02,3.52,2.02,2.77
PI,FRONTEIRAS,15348.0,74.3,3.01,2.51,2.76
CE,PACUJÁ,9782.0,83.94,2.51,2.99,2.75
PE,TUPARETAMA,12864.0,83.0,4.23,1.24,2.74
BA,ITAQUARA,9900.0,70.77,3.78,1.68,2.73
PE,FREI MIGUELINHO,20466.0,68.34,3.79,1.65,2.72
BA,CRAVOLÂNDIA,6322.0,87.82,2.78,2.63,2.7
PB,SÃO JOSÉ DE CAIANA,7822.0,82.98,2.71,2.66,2.68
MG,SANTANA DOS MONTES,6160.0,58.65,1.88,3.41,2.65
BA,RIO DO PIRES,13278.0,76.84,2.82,2.46,2.64
BA,APUAREMA,9422.0,67.63,4.16,1.13,2.64
RN,PARANÁ,6424.0,88.18,3.86,1.4,2.63
PE,JATAÚBA,22994.0,74.7,3.74,1.5,2.62
MG,SÃO JOSÉ DO MANTIMENTO,4504.0,63.44,1.87,3.37,2.62
BA,JABORANDI,14410.0,74.78,2.57,2.66,2.62
TO,CENTENÁRIO,3076.0,64.11,3.12,2.08,2.6
PB,PAULISTA,16214.0,69.52,3.9,1.3,2.6
MG,SÃO ROMÃO,9202.0,72.29,2.06,3.09,2.58
CE,CARNAUBAL,21420.0,66.32,2.23,2.89,2.56
BA,PLANALTINO,10836.0,82.5,2.71,2.4,2.56
MG,DIOGO DE VASCONCELOS,5982.0,71.36,1.77,3.34,2.56
MG,SANTO ANTÔNIO DO GRAMA,6120.0,67.9,2.71,2.39,2.55
BA,MIRANTE,12206.0,80.22,2.61,2.47,2.54
PI,PAJEÚ DO PIAUÍ,5308.0,82.74,3.2,1.88,2.54
PE,PEDRA,29252.0,79.96,3.54,1.52,2.53
CE,CATUNDA,13948.0,82.34,3.27,1.75,2.51
CE,DEPUTADO IRAPUAN PINHEIRO,11960.0,87.19,2.86,2.14,2.5
MG,RECREIO,12216.0,55.44,2.01,2.96,2.49
PB,SÃO JOSÉ DE PRINCESA,5238.0,84.64,2.71,2.25,2.48
PB,JERICÓ,10904.0,82.75,3.19,1.76,2.48
CE,NOVA RUSSAS,37878.0,64.62,2.61,2.32,2.47
CE,BARROQUINHA,22454.0,78.78,2.47,2.43,2.45
PI,FLORESTA DO PIAUÍ,3960.0,89.59,2.83,2.07,2.45
PE,SANTA FILOMENA,18998.0,86.8,2.03,2.77,2.4
PB,BARRA DE SANTANA,12302.0,70.08,3.22,1.56,2.39
PE,LAGOA DOS GATOS,18196.0,77.81,3.18,1.54,2.36
MA,PASSAGEM FRANCA,20960.0,77.65,0.92,3.79,2.35
CE,CHAVAL,16820.0,81.54,2.87,1.82,2.34
MG,COMERCINHO,9366.0,77.37,2.99,1.67,2.33
MG,CARMÉSIA,3604.0,61.66,2.61,2.05,2.33
BA,CORDEIROS,10400.0,65.83,2.31,2.35,2.33
PE,CANHOTINHO,27014.0,65.22,3.62,0.99,2.31
MG,MAMONAS,9342.0,60.08,1.56,3.04,2.3
PE,ITAPETIM,18744.0,78.79,2.89,1.72,2.3
PB,BREJO DO CRUZ,16742.0,63.88,2.21,2.39,2.3
PE,SANTA TEREZINHA,12744.0,80.61,4.03,0.5,2.27
CE,CROATÁ,22298.0,79.18,1.92,2.59,2.26
PI,SÃO JOÃO DA CANABRAVA,7738.0,83.24,3.08,1.32,2.2
GO,MARZAGÃO,4000.0,53.41,3.35,1.05,2.2
PE,BELÉM DE MARIA,15274.0,70.09,2.67,1.72,2.19
PE,FLORES,25168.0,84.46,3.08,1.29,2.18
MG,VIEIRAS,6272.0,53.29,3.03,1.34,2.18
TO,ITAPIRATINS,5368.0,54.64,1.97,2.38,2.18
PB,BREJO DOS SANTOS,9776.0,76.34,3.05,1.27,2.16
PE,TACARATU,27046.0,85.12,2.46,1.83,2.14
PE,JATOBÁ,16632.0,82.46,2.87,1.38,2.13
PE,INGAZEIRA,6774.0,83.59,2.48,1.77,2.13
PE,ITAÍBA,29430.0,81.23,3.34,0.9,2.12
MG,NOVA MÓDICA,5214.0,50.14,1.38,2.84,2.11
PE,CORRENTES,19398.0,82.52,3.07,1.08,2.08
CE,IPAPORANGA,15554.0,79.28,2.26,1.86,2.06
PR,ALTAMIRA DO PARANÁ,5278.0,63.2,2.31,1.74,2.03
RN,VENHA-VER,5858.0,82.49,3.04,0.99,2.01
MG,VERDELÂNDIA,9748.0,69.76,2.13,1.85,1.99
PE,BREJINHO,11498.0,82.06,3.11,0.71,1.91
PB,LAGOA,7488.0,81.46,2.83,0.99,1.91
MG,ICARAÍ DE MINAS,12464.0,64.76,1.62,2.18,1.9
PR,MIRADOR,3368.0,50.44,0.89,2.91,1.9
PR,BRASILÂNDIA DO SUL,5048.0,58.07,1.74,2.06,1.9
PI,SANTA ROSA DO PIAUÍ,6970.0,77.9,1.49,2.27,1.88
PB,SÃO BENTO,45108.0,52.91,2.72,1.0,1.86
PB,SÃO JOSÉ DO BREJO DO CRUZ,3770.0,65.75,2.97,0.74,1.86
PB,SÃO DOMINGOS,5174.0,74.5,2.05,1.58,1.82
MG,BANDEIRA,6484.0,77.14,2.22,1.42,1.82
PB,SÃO JOSÉ DO SABUGI,7338.0,68.71,1.55,1.94,1.74
CE,ARARENDÁ,14764.0,75.84,1.48,1.94,1.71
PI,CURRAL NOVO DO PIAUÍ,7756.0,86.58,1.99,1.42,1.7
RN,MAJOR SALES,5106.0,86.29,1.45,1.88,1.66
BA,CAMPO FORMOSO,90916.0,66.97,2.6,0.67,1.63
PE,LAGOA DO OURO,16924.0,80.7,2.1,1.1,1.6
MG,JOSÉ GONÇALVES DE MINAS,5232.0,62.28,0.84,2.29,1.57
PE,BETÂNIA,14866.0,86.32,1.96,1.12,1.54
PE,PALMEIRINA,8974.0,79.1,2.32,0.74,1.53
PI,PORTO ALEGRE DO PIAUÍ,3298.0,82.83,0.73,2.3,1.52
PB,TENÓRIO,4890.0,72.61,1.47,1.55,1.51
PE,CALUMBI,10554.0,86.99,1.82,1.0,1.41
PE,MANARI,19174.0,87.32,1.97,0.72,1.35
MG,DIVISÓPOLIS,10216.0,62.72,1.27,1.39,1.33
PB,BELÉM DO BREJO DO CRUZ,10066.0,70.77,1.53,1.03,1.28
PB,MATO GROSSO,4656.0,89.1,1.37,0.82,1.1
PE,SOLIDÃO,8730.0,80.9,0.87,1.24,1.05
PB,BOM SUCESSO,7516.0,80.99,1.06,1.01,1.04
