SG_UF,NM_MUNICIPIO,num_eleitores,perc_lula,perc_votos_mulheres_fed,perc_votos_mulheres_est,perc_votos_mulheres_total
MT,CASTANHEIRA,8536.0,25.28,68.13,28.87,48.5
SC,MARAVILHA,33062.0,27.41,41.9,46.59,44.25
MT,JUARA,35404.0,20.46,18.97,66.99,42.98
MG,PATROCÍNIO,105872.0,34.22,30.33,54.44,42.39
SC,SÃO PEDRO DE ALCÂNTARA,7182.0,22.29,43.61,40.63,42.12
SP,SARAPUÍ,9950.0,39.12,43.47,39.01,41.35
MT,RONDOLÂNDIA,3814.0,41.05,26.06,56.37,41.22
SC,FRAIBURGO,42990.0,30.91,57.07,22.98,40.03
SC,BOMBINHAS,27016.0,24.34,26.09,53.87,39.98
GO,CABECEIRAS,10710.0,43.38,67.21,11.39,39.3
SC,TREZE TÍLIAS,10370.0,20.2,43.84,34.08,38.96
GO,CAMPESTRE DE GOIÁS,5740.0,47.82,70.07,7.07,38.57
GO,MINEIROS,73198.0,38.64,27.62,49.34,38.48
AL,PARIPUEIRA,17734.0,39.39,7.0,69.81,38.41
MT,NOVO HORIZONTE DO NORTE,4626.0,21.47,21.83,54.04,37.94
AL,MATRIZ DE CAMARAGIBE,27252.0,42.62,6.88,68.02,37.45
MT,ALTO ARAGUAIA,17958.0,29.98,13.75,60.73,37.24
GO,IPORÁ,39622.0,32.16,43.75,30.52,37.14
AP,PEDRA BRANCA DO AMAPARI,15168.0,47.76,53.63,20.54,37.08
GO,VALPARAÍSO DE GOIÁS,145360.0,39.05,34.9,39.02,36.96
MA,SÃO PEDRO DOS CRENTES,7288.0,37.67,3.49,69.43,36.46
RR,NORMANDIA,13350.0,41.8,44.76,27.85,36.31
GO,DOVERLÂNDIA,9016.0,37.78,66.66,5.81,36.24
SC,CAMPO BELO DO SUL,9762.0,45.1,62.59,8.91,35.75
SC,LAGES,199816.0,28.77,61.41,9.94,35.67
TO,MONTE SANTO DO TOCANTINS,3874.0,43.16,35.98,35.26,35.62
MA,LAJEADO NOVO,9906.0,47.0,9.55,61.64,35.59
GO,PORTELÂNDIA,4906.0,40.84,22.83,48.31,35.57
AL,SÃO LUÍS DO QUITUNDE,34328.0,48.91,6.74,64.37,35.55
MT,PORTO DOS GAÚCHOS,6030.0,23.03,14.39,56.58,35.49
SP,COLÔMBIA,7748.0,47.7,24.32,46.85,35.45
GO,DAMIANÓPOLIS,5652.0,44.8,65.96,4.78,35.37
GO,LAGOA SANTA,2288.0,34.51,66.96,3.67,35.31
SC,BOM JARDIM DA SERRA,5812.0,30.52,49.59,20.82,35.2
MG,ESTRELA DO INDAIÁ,4322.0,45.82,67.14,3.01,35.08
SP,SANTOS,453145.0,38.94,31.62,37.65,34.67
PR,TUNAS DO PARANÁ,8314.0,44.62,18.43,50.66,34.54
GO,TROMBAS,4458.0,49.2,60.7,8.03,34.37
PR,SANTA CECÍLIA DO PAVÃO,4938.0,35.71,66.26,1.86,34.06
MG,CRUZEIRO DA FORTALEZA,6350.0,38.09,53.13,14.71,33.92
SP,RESTINGA,9529.0,45.77,39.8,27.91,33.91
SP,ALAMBARI,6829.0,31.28,48.26,18.0,33.78
SP,ITAPETININGA,167989.0,28.48,54.34,11.97,33.71
GO,SÃO JOÃO D ALIANÇA,10954.0,40.95,56.13,11.25,33.69
TO,BREJINHO DE NAZARÉ,6458.0,49.57,39.39,27.97,33.68
RO,TEIXEIRÓPOLIS,6092.0,36.81,42.97,24.23,33.6
GO,DIVINÓPOLIS DE GOIÁS,7146.0,49.21,53.65,13.55,33.6
SC,BOM RETIRO,10690.0,25.97,46.92,19.93,33.42
SC,FREI ROGÉRIO,3686.0,34.18,47.04,19.37,33.21
SC,SÃO JOSÉ DO CERRITO,12480.0,48.01,51.25,15.06,33.16
RS,PORTO ALEGRE,1708276.0,48.49,35.95,30.29,33.12
GO,CRISTIANÓPOLIS,5886.0,37.92,62.73,2.85,32.79
RO,SÃO FRANCISCO DO GUAPORÉ,18760.0,20.05,16.61,48.43,32.52
RS,CRISTAL,10238.0,35.4,52.3,12.74,32.52
SC,SÃO JOÃO DO OESTE,8772.0,21.19,43.25,21.27,32.26
SP,SÃO JOÃO DO PAU D ALHO,2941.0,45.29,8.4,57.38,32.2
GO,FORMOSA,118486.0,37.69,11.28,53.05,32.17
SC,CAPÃO ALTO,4750.0,28.74,52.72,11.45,32.08
SC,CHAPECÓ,261928.0,32.6,36.3,27.84,32.07
RJ,BELFORD ROXO,526592.0,35.11,57.21,6.93,32.07
GO,SANTA RITA DO ARAGUAIA,6518.0,38.49,28.26,35.41,31.83
RS,DOIS IRMÃOS,41670.0,26.26,8.21,55.37,31.79
SP,PATROCÍNIO PAULISTA,13484.0,39.09,30.91,32.68,31.76
RR,PACARAIMA,13588.0,31.1,32.44,31.06,31.75
SC,IBIAM,3126.0,30.1,34.8,28.53,31.67
SC,TUNÁPOLIS,6866.0,30.14,44.1,19.05,31.58
SC,PALMEIRA,4712.0,32.15,55.56,7.51,31.54
GO,AMARALINA,4808.0,46.86,58.65,4.33,31.49
RS,NOVA PRATA,31832.0,21.19,14.88,47.93,31.4
SC,PONTE ALTA,6584.0,30.61,42.62,20.14,31.38
RJ,SÃO JOÃO DA BARRA,61304.0,34.65,24.19,38.27,31.23
MG,PARACATU,102066.0,38.16,5.81,56.43,31.12
GO,SANTA BÁRBARA DE GOIÁS,8508.0,43.24,59.14,3.08,31.11
MG,PATOS DE MINAS,175958.0,30.79,5.05,57.06,31.06
GO,VILA PROPÍCIO,7970.0,45.66,60.23,1.71,30.97
MT,JUÍNA,47900.0,25.63,53.16,8.77,30.97
SC,ANTÔNIO CARLOS,14578.0,17.72,31.5,30.16,30.83
GO,SANTA TEREZA DE GOIÁS,4768.0,41.72,53.82,7.84,30.83
SC,PORTO UNIÃO,39696.0,30.0,27.5,33.85,30.68
SC,CORREIA PINTO,19856.0,37.83,43.85,17.38,30.61
BA,OUROLÂNDIA,21832.0,49.91,31.82,29.38,30.6
SC,SÃO JOAQUIM,30310.0,34.42,38.96,22.16,30.56
SC,URUPEMA,3962.0,31.97,52.04,9.04,30.54
SC,BALNEÁRIO GAIVOTA,16034.0,27.67,52.79,8.23,30.51
SC,RANCHO QUEIMADO,5428.0,22.9,24.1,36.85,30.47
MT,NOVA GUARITA,5764.0,23.9,49.03,11.69,30.36
RO,CACOAL,102164.0,21.13,50.3,10.41,30.36
SP,GENERAL SALGADO,11609.0,30.23,21.32,39.57,30.35
AP,SERRA DO NAVIO,6062.0,39.94,46.32,14.38,30.35
SC,PRAIA GRANDE,10608.0,37.81,53.64,6.92,30.28
PA,ANANINDEUA,575304.0,44.72,44.69,15.83,30.26
SC,IRINEÓPOLIS,13202.0,29.01,40.92,19.57,30.25
SP,ANGATUBA,23218.0,33.55,40.57,18.77,30.19
MS,ELDORADO,12902.0,33.0,15.76,44.58,30.17
SC,DOUTOR PEDRINHO,4986.0,22.22,54.47,5.82,30.14
MG,VAZANTE,25138.0,44.67,31.0,29.22,30.11
SC,COCAL DO SUL,22908.0,19.27,30.53,29.67,30.1
AP,SANTANA,139238.0,39.03,37.77,22.39,30.08
SP,SANTO ANDRÉ,780952.0,42.9,16.37,43.29,30.08
SP,SÃO VICENTE,339356.0,40.98,36.12,23.68,29.87
SP,CRISTAIS PAULISTA,9947.0,33.13,28.52,31.14,29.8
MS,LADÁRIO,20694.0,44.06,30.99,28.56,29.78
SC,ANITA GARIBALDI,11542.0,45.07,54.43,5.11,29.77
RS,ALVORADA,217666.0,44.65,25.26,34.01,29.64
AC,MARECHAL THAUMATURGO,16560.0,34.1,42.52,16.61,29.57
MT,NOVO SÃO JOAQUIM,7810.0,29.33,35.62,23.48,29.55
MG,SÃO GONÇALO DO ABAETÉ,8038.0,40.56,45.33,13.68,29.51
PA,ANAJÁS,31560.0,45.82,28.67,30.21,29.44
PA,ULIANÓPOLIS,29856.0,42.35,11.94,46.82,29.38
SC,FLORIANÓPOLIS,654192.0,41.73,37.65,21.0,29.33
AC,RODRIGUES ALVES,18188.0,16.22,27.2,31.44,29.32
GO,INHUMAS,63840.0,39.94,53.84,4.76,29.3
SP,IPERÓ,29764.0,45.4,11.02,47.86,29.29
SC,PIRATUBA,8678.0,30.27,33.03,25.47,29.25
SP,ILHABELA,39384.0,39.4,25.41,33.33,29.25
AC,MÂNCIO LIMA,21132.0,25.49,37.91,20.48,29.2
RN,NATAL,930362.0,47.95,33.76,24.54,29.15
MT,COLÍDER,36010.0,17.88,49.4,8.84,29.12
RO,GUAJARÁ-MIRIM,41894.0,30.09,16.76,41.38,29.07
AC,CRUZEIRO DO SUL,93294.0,19.96,39.69,18.39,29.04
SP,BURITIZAL,5396.0,24.45,4.8,53.11,28.85
SP,ÁGUAS DE SÃO PEDRO,5682.0,27.53,32.19,25.68,28.83
AP,ITAUBAL,11960.0,47.34,27.81,29.82,28.81
SP,GUAREÍ,12965.0,32.84,42.41,14.14,28.79
SC,VIDEIRA,61230.0,24.08,36.83,20.7,28.76
GO,GOIÁS,29590.0,48.72,18.0,39.42,28.71
MA,BALSAS,100954.0,46.79,12.87,44.49,28.68
GO,CAMPINAÇU,5450.0,48.15,55.85,1.39,28.62
SC,LACERDÓPOLIS,3430.0,21.44,40.76,16.33,28.54
PA,SANTA BÁRBARA DO PARÁ,27618.0,49.0,44.58,12.43,28.5
SC,MELEIRO,10190.0,15.2,37.74,19.21,28.48
MT,ITAÚBA,5948.0,25.28,32.01,24.92,28.46
RO,MINISTRO ANDREAZZA,9266.0,31.93,41.33,15.56,28.45
SC,SÃO JOSÉ,305982.0,32.3,31.52,25.33,28.43
SP,CAPELA DO ALTO,19944.0,28.3,21.72,35.52,28.35
SC,RIO RUFINO,3796.0,40.89,48.52,8.06,28.29
SP,MATÃO,91027.0,34.31,11.4,44.93,28.28
AC,BRASILÉIA,29068.0,23.08,23.04,33.51,28.28
RO,COLORADO DO OESTE,19962.0,20.72,32.73,23.81,28.27
RR,AMAJARI,11196.0,17.13,33.58,22.78,28.18
PR,SAPOPEMA,8326.0,39.14,54.34,2.02,28.18
MG,SERRA DA SAUDADE,1830.0,46.15,51.48,4.81,28.14
MT,NOVA CANAÃ DO NORTE,14402.0,22.45,44.04,12.1,28.07
SP,BARUERI,381008.0,43.32,16.81,39.3,27.99
RJ,ANGRA DOS REIS,202930.0,29.08,14.78,41.19,27.99
SC,OTACÍLIO COSTA,21930.0,27.47,46.33,9.56,27.94
SC,SÃO FRANCISCO DO SUL,60010.0,26.15,35.77,20.07,27.92
MG,VESPASIANO,142414.0,42.94,10.26,45.59,27.92
RO,VALE DO PARAÍSO,8882.0,32.86,37.85,17.92,27.89
PR,GUARAPUAVA,214464.0,40.87,32.13,23.65,27.89
PR,PRADO FERREIRA,5176.0,38.13,46.99,8.73,27.86
MS,IGUATEMI,15622.0,36.34,16.26,39.44,27.85
SC,CANOINHAS,67520.0,26.2,42.92,12.75,27.83
RS,GUAÍBA,119374.0,44.89,22.24,33.33,27.79
RS,FARROUPILHA,94800.0,21.83,29.79,25.78,27.79
GO,CROMÍNIA,6106.0,44.49,47.89,7.63,27.76
SC,QUILOMBO,14012.0,39.44,21.27,34.23,27.75
GO,DAMOLÂNDIA,5600.0,43.68,51.39,4.11,27.75
PA,CURIONÓPOLIS,25350.0,39.35,51.51,3.72,27.61
SC,TIMBÉ DO SUL,7474.0,31.06,45.33,9.77,27.55
SP,FRANCA,345789.0,31.63,22.18,32.82,27.55
AC,PLÁCIDO DE CASTRO,19360.0,23.4,32.87,22.11,27.49
MT,ARIPUANÃ,18698.0,21.45,31.19,23.76,27.47
MT,RONDONÓPOLIS,257256.0,30.7,44.53,10.35,27.44
ES,ALEGRE,36810.0,41.32,49.19,5.57,27.38
RO,CHUPINGUAIA,10282.0,29.61,41.02,13.67,27.35
PA,CASTANHAL,230152.0,42.78,19.22,35.42,27.32
GO,DIORAMA,3706.0,39.97,43.28,11.33,27.31
PA,BELÉM,1764298.0,45.28,36.25,18.3,27.28
SP,LIMEIRA,331025.0,22.82,8.24,47.1,27.27
SC,PERITIBA,4718.0,35.37,46.71,7.76,27.24
PA,VITÓRIA DO XINGU,23236.0,40.2,42.81,11.67,27.24
SP,NOVA GRANADA,20881.0,43.27,27.84,26.54,27.21
GO,MAMBAÍ,9188.0,36.97,47.45,6.86,27.15
SP,SÃO MIGUEL ARCANJO,36062.0,31.65,39.98,14.0,27.11
SC,SÃO MIGUEL DO OESTE,50734.0,31.8,33.69,20.53,27.11
SP,JACI,7726.0,33.57,8.0,45.31,27.09
MG,CHIADOR,4810.0,34.51,6.36,47.65,27.01
RR,CAROEBE,11262.0,17.97,35.41,18.43,26.92
SC,BELA VISTA DO TOLDO,8512.0,38.42,36.82,16.99,26.9
SC,BALNEÁRIO PIÇARRAS,28822.0,22.94,29.39,24.36,26.88
SC,ITAPIRANGA,20422.0,26.47,33.54,20.13,26.83
RN,PARNAMIRIM,227184.0,41.4,37.07,16.45,26.76
AC,SENA MADUREIRA,44914.0,24.76,48.76,4.74,26.75
MG,ENGENHEIRO CALDAS,10848.0,43.57,2.01,51.44,26.72
RO,VILHENA,99920.0,19.26,30.28,23.16,26.72
GO,CAIAPÔNIA,19678.0,33.55,50.15,3.27,26.71
SC,IBICARÉ,4950.0,23.96,36.81,16.57,26.69
RO,ALVORADA DO OESTE,16630.0,32.95,37.28,16.08,26.68
GO,SÃO MIGUEL DO PASSA QUATRO,5792.0,39.58,44.79,8.49,26.64
SC,NAVEGANTES,91716.0,25.86,27.13,26.11,26.62
SP,NHANDEARA,10631.0,26.87,32.77,20.21,26.62
AL,PORTO DE PEDRAS,11196.0,46.02,6.07,47.12,26.6
GO,CACHOEIRA DOURADA,10858.0,43.94,49.03,4.13,26.58
RS,SANTA CRUZ DO SUL,172794.0,35.15,11.38,41.76,26.57
PA,MARITUBA,139510.0,48.86,40.36,12.78,26.57
GO,SANTA CRUZ DE GOIÁS,5014.0,38.24,50.38,2.71,26.55
SC,ANITÁPOLIS,5438.0,25.6,32.66,20.41,26.54
SC,UNIÃO DO OESTE,4252.0,30.86,43.18,9.88,26.53
PA,TAILÂNDIA,80610.0,48.5,45.42,7.63,26.53
RS,CIDREIRA,16388.0,47.12,17.13,35.87,26.5
SC,CORDILHEIRA ALTA,6860.0,46.54,34.4,18.48,26.44
SC,OURO VERDE,3316.0,41.75,33.53,19.3,26.42
BA,EUNÁPOLIS,126950.0,48.5,12.98,39.85,26.41
SP,ENGENHEIRO COELHO,20759.0,31.42,14.82,38.01,26.33
AC,EPITACIOLÂNDIA,19864.0,23.05,35.65,16.76,26.21
SC,BOCAINA DO SUL,5268.0,38.98,36.03,16.4,26.21
SP,CAMPINA DO MONTE ALEGRE,7265.0,36.13,33.45,18.73,26.18
GO,CORUMBÁ DE GOIÁS,11548.0,36.26,43.9,8.37,26.13
ES,BOM JESUS DO NORTE,12212.0,43.9,31.08,21.16,26.12
SC,URUBICI,12854.0,21.34,35.43,16.74,26.09
SP,TATUÍ,117925.0,28.64,15.5,38.48,26.08
SP,RIBEIRÃO CORRENTE,5758.0,34.46,28.63,23.12,26.0
MT,CAMPO NOVO DO PARECIS,39898.0,28.78,47.61,4.37,25.99
PR,FRANCISCO BELTRÃO,110762.0,41.05,27.75,24.2,25.98
RS,NOVA SANTA RITA,30428.0,36.61,11.61,40.36,25.98
GO,SILVÂNIA,25062.0,36.23,24.95,26.99,25.97
MG,CAPITÃO ANDRADE,5558.0,37.77,1.69,49.98,25.84
PR,CAPITÃO LEÔNIDAS MARQUES,18764.0,40.03,19.78,31.71,25.75
SC,OURO,9714.0,28.88,40.02,11.39,25.71
MG,SÃO GERALDO DO BAIXIO,4568.0,37.81,3.55,47.85,25.7
SC,TIGRINHOS,3350.0,39.76,29.19,22.09,25.64
SC,SÃO LOURENÇO DO OESTE,30672.0,31.85,21.65,29.51,25.58
SC,CORONEL FREITAS,13796.0,32.9,32.81,18.34,25.57
RO,CORUMBIARA,8810.0,31.24,34.44,16.64,25.54
SC,VARGEM,4076.0,47.92,44.65,6.38,25.52
SC,CELSO RAMOS,4362.0,31.14,36.5,14.53,25.52
MT,PEDRA PRETA,21388.0,40.95,36.7,14.31,25.5
SC,RIO FORTUNA,7850.0,7.33,41.71,9.25,25.48
SC,SAUDADES,13300.0,27.64,41.79,9.16,25.47
MS,ALCINÓPOLIS,5394.0,46.34,21.54,29.4,25.47
PR,CÂNDIDO DE ABREU,18438.0,34.9,45.44,5.41,25.43
RS,LAJEADO,103646.0,29.39,8.32,42.48,25.4
PA,RONDON DO PARÁ,41948.0,41.63,46.07,4.73,25.4
SC,MODELO,5842.0,30.37,40.5,10.27,25.39
AP,FERREIRA GOMES,10090.0,44.73,30.53,20.26,25.39
TO,CRISTALÂNDIA,8672.0,48.0,33.95,16.79,25.37
RS,PALMARES DO SUL,16324.0,37.07,32.86,17.85,25.36
RS,SÃO JORGE,4300.0,20.27,36.05,14.65,25.35
AP,MACAPÁ,506394.0,40.17,28.8,21.9,25.35
RS,TRÊS PASSOS,31316.0,43.45,8.51,42.04,25.27
SC,NOVA ITABERABA,6860.0,38.84,31.46,19.07,25.26
MT,NOVA BANDEIRANTES,13216.0,16.49,28.25,22.2,25.23
SC,SANTO AMARO DA IMPERATRIZ,32498.0,26.91,34.43,15.91,25.17
RS,SANTO CRISTO,22102.0,39.8,2.83,47.49,25.16
RJ,ARARUAMA,157580.0,28.02,14.37,35.94,25.15
RO,CABIXI,7184.0,28.69,38.95,11.33,25.14
RS,VERA CRUZ,33324.0,37.98,6.94,43.34,25.14
SP,ITIRAPUÃ,6402.0,47.19,15.79,34.85,25.1
GO,BRITÂNIA,7394.0,41.36,46.44,3.73,25.09
TO,PALMAS,328666.0,34.99,22.65,27.5,25.08
MS,PONTA PORÃ,105996.0,32.75,30.22,19.89,25.06
MG,RIO ACIMA,14142.0,43.58,33.84,16.22,25.03
MS,CORUMBÁ,105258.0,44.47,22.06,27.98,25.02
PR,PINHAIS,154618.0,32.86,9.55,40.47,25.01
MS,BATAYPORÃ,12452.0,41.24,23.08,26.86,24.97
PR,RIO AZUL,18972.0,24.48,46.7,3.22,24.96
RR,CANTÁ,22568.0,21.4,24.88,24.97,24.93
SP,CATANDUVA,117580.0,26.44,13.08,37.56,24.91
MG,LAGOA FORMOSA,24166.0,39.31,5.44,44.38,24.91
RO,URUPÁ,13634.0,36.22,33.45,16.36,24.9
SC,BIGUAÇU,86152.0,29.7,27.19,22.3,24.74
SP,SÃO JOÃO DE IRACEMA,2592.0,49.37,5.14,45.15,24.73
RR,BONFIM,17294.0,19.99,27.47,21.93,24.7
SC,IOMERÊ,4698.0,20.31,33.42,15.96,24.69
SP,ITAPEVA,94102.0,32.37,26.43,22.78,24.62
SC,GAROPABA,34800.0,36.88,29.7,19.38,24.54
RO,PORTO VELHO,551752.0,30.92,27.42,21.61,24.52
SP,HORTOLÂNDIA,233458.0,40.44,11.87,37.39,24.51
SC,ITÁ,9880.0,44.85,35.91,13.08,24.49
SC,SÃO JOSÉ DO CEDRO,18492.0,26.97,37.94,11.0,24.47
SC,ROMELÂNDIA,6800.0,44.73,36.32,12.59,24.46
GO,GOIANDIRA,7036.0,41.17,47.24,1.68,24.46
SC,SIDERÓPOLIS,17456.0,29.15,41.87,7.05,24.46
SC,IPORÃ DO OESTE,12386.0,28.26,36.9,12.01,24.46
SP,URÂNIA,8993.0,36.91,12.89,36.22,24.45
GO,PIRANHAS,14484.0,38.67,42.18,6.7,24.44
RS,PASSO DO SOBRADO,8722.0,37.71,4.59,44.28,24.43
RR,CARACARAÍ,23350.0,23.58,21.82,27.02,24.42
MG,ARAÇAÍ,3948.0,48.28,25.79,23.0,24.39
AC,SENADOR GUIOMARD,28440.0,22.31,40.97,7.76,24.37
RO,PARECIS,4978.0,27.85,44.15,4.5,24.33
SP,SÃO LOURENÇO DA SERRA,15925.0,40.46,17.87,31.01,24.3
SC,ITAJAÍ,270822.0,23.26,18.97,29.52,24.24
GO,TRINDADE,139382.0,38.11,42.7,5.72,24.21
RJ,MIRACEMA,34744.0,48.6,16.26,32.14,24.2
RS,ESTEIO,107038.0,44.05,27.32,21.04,24.18
GO,PADRE BERNARDO,29014.0,39.58,38.08,10.27,24.17
SP,ARIRANHA,9146.0,33.82,7.36,42.35,24.16
SC,GUARUJÁ DO SUL,6514.0,33.19,29.69,18.61,24.15
SC,BALNEÁRIO CAMBORIÚ,160702.0,21.81,28.3,19.96,24.13
RO,PRESIDENTE MÉDICI,23046.0,20.96,43.47,4.78,24.13
RS,CACHOEIRINHA,164114.0,36.67,18.67,29.58,24.12
SP,SÃO BERNARDO DO CAMPO,886631.0,48.82,13.6,33.57,24.1
SP,BARRA BONITA,39044.0,29.91,13.08,35.01,24.09
SC,SANTA ROSA DE LIMA,3412.0,20.52,36.05,12.13,24.09
SC,ÁGUAS MORNAS,10608.0,23.13,26.62,21.53,24.08
SC,SÃO DOMINGOS,12408.0,36.81,35.67,12.48,24.07
MT,COTRIGUAÇU,12398.0,27.57,33.1,14.89,24.0
MS,TAQUARUSSU,5626.0,46.65,9.14,38.71,23.92
SC,JABORÁ,6564.0,25.78,27.24,20.48,23.86
SC,LUIZ ALVES,16948.0,13.23,26.95,20.7,23.83
SP,AMÉRICO BRASILIENSE,41159.0,49.88,14.64,33.11,23.83
SC,ASCURRA,10296.0,14.16,36.19,11.46,23.82
SP,JUMIRIM,3215.0,34.09,27.22,20.2,23.79
SC,PENHA,35376.0,22.96,19.92,27.63,23.78
SC,TIJUCAS,49880.0,24.41,30.32,17.22,23.77
TO,TABOCÃO,4886.0,49.58,26.81,20.71,23.76
SC,GALVÃO,4624.0,38.58,25.74,21.76,23.75
MS,NOVA ANDRADINA,51952.0,36.66,40.0,7.39,23.7
SP,JANDIRA,106167.0,45.81,15.24,32.63,23.66
GO,FIRMINÓPOLIS,13240.0,31.26,41.37,5.95,23.66
SC,URUSSANGA,26460.0,19.11,34.47,12.84,23.65
MG,BICAS,17902.0,48.73,23.79,23.45,23.62
RO,SERINGUEIRAS,14810.0,27.54,27.21,20.03,23.62
SC,CAMBORIÚ,89532.0,23.64,28.22,19.0,23.61
GO,APARECIDA DO RIO DOCE,4440.0,45.83,45.09,2.12,23.6
MT,TABAPORÃ,10130.0,18.4,16.03,31.08,23.55
SC,SALTO VELOSO,5818.0,34.59,23.34,23.65,23.5
SC,MONTE CARLO,11210.0,41.39,30.9,16.04,23.47
PA,MONTE ALEGRE,78728.0,43.45,33.13,13.79,23.46
SC,NOVA VENEZA,20596.0,15.8,42.32,4.5,23.41
PR,RENASCENÇA,8766.0,46.57,27.72,19.1,23.41
RO,MIRANTE DA SERRA,13054.0,34.7,38.09,8.72,23.4
AP,PORTO GRANDE,21184.0,49.9,28.6,18.19,23.4
SC,MAFRA,69614.0,21.64,20.18,26.57,23.37
SC,PEDRAS GRANDES,6778.0,22.63,39.75,6.93,23.34
MG,ANTÔNIO DIAS,13514.0,48.11,43.05,3.61,23.33
MA,AÇAILÂNDIA,120260.0,41.08,17.24,29.33,23.29
SC,ARARANGUÁ,83872.0,26.35,31.83,14.66,23.24
DF,BRASÍLIA,3614968.0,36.43,28.9,17.52,23.21
RR,BOA VISTA,383632.0,17.45,27.07,19.35,23.21
PR,LONDRINA,634132.0,23.35,26.76,19.54,23.15
SP,ITARIRI,11837.0,38.9,30.73,14.68,23.15
SP,ARARAQUARA,234813.0,45.49,13.35,32.69,23.14
SP,PRACINHA,1821.0,44.86,15.01,31.64,23.12
MT,SAPEZAL,26536.0,26.22,37.74,8.51,23.12
MT,TAPURAH,13260.0,19.18,36.65,9.58,23.11
TO,JAÚ DO TOCANTINS,4468.0,48.58,15.85,30.35,23.1
GO,RUBIATABA,24154.0,28.49,12.25,33.96,23.1
SC,IPIRA,6384.0,37.24,30.04,16.1,23.07
SP,PERUÍBE,73264.0,37.33,30.09,15.88,23.06
SP,MOTUCA,5024.0,46.55,6.3,41.54,23.05
MT,DIAMANTINO,24892.0,32.51,35.14,10.94,23.04
AC,BUJARI,15064.0,25.02,36.29,9.73,23.01
SC,CRICIÚMA,242936.0,24.11,33.53,12.47,23.0
SC,ARROIO TRINTA,5342.0,24.25,28.12,17.82,22.97
SC,FAXINAL DOS GUEDES,14850.0,44.17,32.51,13.4,22.96
MG,SARZEDO,41032.0,39.16,10.61,35.3,22.96
MG,ITAGUARA,17654.0,43.27,6.77,39.06,22.92
SC,IRANI,12590.0,37.04,36.84,9.01,22.92
GO,MONTIVIDIU DO NORTE,5438.0,39.43,43.29,2.54,22.91
RS,GRAVATAÍ,303824.0,35.13,14.61,31.2,22.91
SP,VALINHOS,126309.0,31.09,20.39,25.32,22.89
TO,XAMBIOÁ,13402.0,46.66,15.59,30.09,22.84
SC,ITAPEMA,78880.0,20.25,23.16,22.51,22.83
RS,SAPUCAIA DO SUL,163966.0,46.14,18.55,27.08,22.82
PR,IBIPORÃ,62588.0,27.24,31.04,14.53,22.79
RS,CAPIVARI DO SUL,6036.0,36.98,24.98,20.54,22.76
SC,ABDON BATISTA,4268.0,32.22,37.63,7.87,22.75
RS,SÃO LOURENÇO DO SUL,56660.0,39.77,23.05,22.39,22.72
SP,NEVES PAULISTA,9441.0,39.05,9.59,36.25,22.71
TO,TALISMÃ,3960.0,49.12,3.74,41.67,22.7
SC,SANTA CECÍLIA,19062.0,32.92,18.95,26.46,22.7
SC,MONTE CASTELO,11208.0,38.46,29.28,16.1,22.69
SP,PAULO DE FARIA,8118.0,45.33,10.76,35.18,22.68
SP,PIRAPORA DO BOM JESUS,18873.0,46.52,15.8,30.09,22.66
RS,CANDELÁRIA,37574.0,36.49,5.76,39.54,22.65
PR,CORUMBATAÍ DO SUL,5620.0,48.4,39.36,5.87,22.62
MG,TIROS,8784.0,23.68,30.83,14.41,22.62
PA,BENEVIDES,76196.0,49.29,36.86,8.33,22.6
SC,ÁGUA DOCE,8864.0,26.8,29.2,15.97,22.59
SC,SOMBRIO,36198.0,25.3,36.91,8.25,22.58
RO,JI-PARANÁ,139114.0,21.01,33.1,12.05,22.58
GO,GOIÂNIA,1637796.0,31.56,31.06,14.09,22.57
SP,IBITINGA,57940.0,30.83,14.16,31.31,22.55
SP,ITU,165443.0,31.43,27.41,17.68,22.53
SP,POMPÉIA,24397.0,24.97,11.23,33.71,22.53
RO,COSTA MARQUES,13776.0,34.09,12.89,32.16,22.52
SP,RAFARD,10035.0,23.69,14.37,30.21,22.5
GO,CEZARINA,11266.0,37.0,41.26,3.73,22.49
SP,SANTA LÚCIA,9454.0,48.87,15.1,29.9,22.49
GO,QUIRINÓPOLIS,53996.0,41.18,23.97,20.99,22.48
SC,CURITIBANOS,48052.0,35.96,34.51,10.4,22.46
ES,RIO NOVO DO SUL,14688.0,22.13,43.01,1.88,22.45
SP,CAMPINAS,1143889.0,38.92,18.33,26.5,22.45
MT,SÃO JOSÉ DO POVO,4228.0,36.63,39.07,5.72,22.4
RJ,QUISSAMÃ,29868.0,47.12,32.06,12.72,22.39
MT,NOVA MARILÂNDIA,4092.0,31.69,27.71,17.06,22.39
SP,ITANHAÉM,97550.0,40.11,27.72,16.89,22.37
SC,CAPINZAL,28252.0,31.82,31.21,13.51,22.36
SP,JALES,50644.0,27.61,20.13,24.51,22.34
SC,ÁGUAS FRIAS,4362.0,42.84,35.17,9.45,22.31
SP,CORUMBATAÍ,4908.0,27.08,30.81,13.31,22.27
SP,GUAPIAÇU,20250.0,33.99,17.2,27.51,22.23
BA,LUÍS EDUARDO MAGALHÃES,110154.0,36.62,11.6,32.83,22.22
SC,ERMO,3938.0,30.26,39.46,4.98,22.22
SP,VINHEDO,86165.0,28.64,21.25,23.1,22.19
SP,PILAR DO SUL,31978.0,33.45,16.15,28.4,22.15
SC,SÃO CARLOS,14050.0,34.38,28.85,15.4,22.13
GO,MONTIVIDIU,14716.0,28.34,42.97,1.21,22.09
RJ,RIO DE JANEIRO,7564904.0,42.38,20.13,24.02,22.08
PA,SANTARÉM,382800.0,39.54,9.98,34.12,22.05
SC,CORONEL MARTINS,3430.0,46.56,28.05,15.98,22.01
SP,GUZOLÂNDIA,5023.0,45.42,32.22,11.08,22.0
MG,MÁRIO CAMPOS,19966.0,39.73,7.1,36.9,22.0
MG,DIVINÓPOLIS,280852.0,39.48,18.82,25.18,22.0
RS,IVOTI,29088.0,24.08,11.78,32.18,21.98
MG,PIEDADE DE CARATINGA,11752.0,38.78,10.35,33.58,21.96
SP,JUQUITIBA,33166.0,44.56,21.62,22.31,21.96
SP,ITATIBA,115396.0,29.1,18.44,25.34,21.95
SP,SALTO DE PIRAPORA,40957.0,36.44,10.74,34.36,21.94
MG,BELO HORIZONTE,3140722.0,40.83,18.13,25.73,21.93
MT,SERRA NOVA DOURADA,2312.0,32.52,35.99,7.87,21.93
RS,PROTÁSIO ALVES,3284.0,22.9,5.97,37.88,21.92
RS,CAMPO BOM,85982.0,27.84,10.59,33.24,21.92
SP,SÃO SIMÃO,14986.0,35.18,7.68,35.6,21.9
SP,IGARAÇU DO TIETÊ,25369.0,36.02,11.94,32.06,21.88
AC,FEIJÓ,31708.0,47.69,25.61,18.16,21.88
SP,TAUBATÉ,327474.0,29.43,24.53,19.19,21.88
SP,MACEDÔNIA,4420.0,30.18,6.63,37.37,21.86
SC,IMBITUBA,60422.0,36.58,27.34,16.36,21.85
GO,BELA VISTA DE GOIÁS,34990.0,33.88,35.64,8.04,21.84
GO,APORÉ,4632.0,31.05,39.94,3.71,21.83
RS,ARROIO DO MEIO,29134.0,23.1,6.38,37.26,21.82
TO,CHAPADA DE AREIA,3612.0,48.89,35.27,8.36,21.82
SC,SÃO JOÃO DO SUL,11372.0,20.82,37.0,6.61,21.81
PE,TORITAMA,54990.0,47.6,17.82,25.79,21.81
SP,ARAÇATUBA,205065.0,26.65,9.16,34.82,21.81
SC,SANTA ROSA DO SUL,12274.0,24.29,33.16,10.4,21.78
SC,PLANALTO ALEGRE,4738.0,43.48,23.51,20.05,21.78
SP,SÃO PAULO,11868564.0,48.53,22.74,20.8,21.77
SP,SÃO JOSÉ DOS CAMPOS,776939.0,32.85,17.23,26.45,21.77
RS,SAPIRANGA,102366.0,31.75,8.88,34.66,21.77
SC,NOVO HORIZONTE,4320.0,37.92,18.43,25.09,21.76
GO,ITAPIRAPUÃ,10352.0,49.23,36.13,7.4,21.76
RR,ALTO ALEGRE,18568.0,22.36,19.65,23.84,21.74
GO,JATAÍ,108830.0,32.62,34.22,9.24,21.73
SP,TAPIRAÍ,7009.0,32.17,31.41,11.99,21.7
SP,CUBATÃO,129787.0,47.1,20.15,23.21,21.69
SC,TRÊS BARRAS,23348.0,35.26,28.64,14.66,21.65
PA,SANTA ISABEL DO PARÁ,78152.0,49.13,25.06,18.23,21.64
SC,NOVA ERECHIM,6668.0,33.2,31.79,11.46,21.63
MG,ITANHANDU,19846.0,35.07,8.7,34.57,21.63
MT,NOVA UBIRATÃ,11254.0,25.84,29.25,14.0,21.63
SC,RIQUEZA,6704.0,37.8,35.53,7.73,21.63
RO,MACHADINHO D OESTE,33044.0,23.12,36.54,6.7,21.62
SC,CAMPOS NOVOS,41846.0,31.3,27.31,15.92,21.61
SP,ROSANA,17206.0,46.97,16.49,27.25,21.61
MG,UNAÍ,95860.0,35.24,31.7,11.5,21.6
RJ,SÃO JOSÉ DE UBÁ,11880.0,31.15,34.11,9.01,21.56
SC,SÃO BENTO DO SUL,102400.0,19.12,14.35,28.76,21.55
SP,NOVA LUZITÂNIA,3565.0,41.4,6.38,37.32,21.54
SC,CUNHA PORÃ,15104.0,10.48,29.83,13.2,21.52
SC,BALNEÁRIO ARROIO DO SILVA,17334.0,29.9,31.93,11.11,21.52
GO,CACHOEIRA ALTA,12134.0,39.49,36.69,6.3,21.49
SP,DRACENA,46035.0,25.21,13.35,29.84,21.48
SC,FLOR DO SERTÃO,2890.0,49.86,29.07,13.84,21.45
GO,ARAÇU,6666.0,37.28,38.13,4.77,21.45
MT,ALTA FLORESTA,61374.0,25.0,30.31,12.54,21.43
TO,COMBINADO,6006.0,47.73,25.74,17.08,21.41
GO,ABADIA DE GOIÁS,18516.0,36.13,29.88,12.94,21.41
RS,CHUVISCA,7374.0,30.02,28.4,14.4,21.4
PR,CORNÉLIO PROCÓPIO,56878.0,31.4,21.05,21.75,21.4
MS,ANTÔNIO JOÃO,11798.0,49.52,36.02,6.76,21.39
SC,CAIBI,8242.0,20.96,33.05,9.68,21.37
RS,CAMAQUÃ,79716.0,35.96,34.18,8.55,21.36
SP,SÃO CAETANO DO SUL,198523.0,35.22,23.07,19.66,21.35
SC,PASSO DE TORRES,11628.0,36.07,34.28,8.43,21.35
SP,GLICÉRIO,5081.0,42.02,4.91,38.67,21.35
GO,CIDADE OCIDENTAL,70718.0,41.2,28.2,14.49,21.34
RS,FORQUETINHA,4190.0,22.5,2.43,40.19,21.31
PB,CABEDELO,81578.0,47.04,19.03,23.52,21.28
SC,TURVO,17264.0,12.51,37.57,4.99,21.28
SC,ALFREDO WAGNER,13448.0,23.05,26.89,15.66,21.27
RS,VALE DO SOL,14142.0,40.71,3.83,38.68,21.26
MG,SÃO JOSÉ DA LAPA,32412.0,42.92,10.55,31.97,21.26
SP,IACRI,7613.0,27.66,5.47,36.77,21.2
GO,AVELINÓPOLIS,5486.0,30.56,39.12,3.28,21.2
SC,FORMOSA DO SUL,4030.0,49.98,19.11,23.23,21.17
MA,IMPERATRIZ,294696.0,40.3,23.49,18.83,21.16
SC,PINHALZINHO,25838.0,31.68,35.35,6.88,21.12
SC,LUZERNA,8604.0,15.6,29.01,13.23,21.12
SC,LAJEADO GRANDE,2616.0,26.75,27.75,14.45,21.1
MT,BRASNORTE,16708.0,23.26,26.11,16.08,21.09
SC,PALHOÇA,227738.0,29.93,25.26,16.91,21.09
ES,SÃO DOMINGOS DO NORTE,12468.0,46.53,9.14,33.01,21.08
MT,TANGARÁ DA SERRA,105216.0,22.9,37.25,4.81,21.03
SP,BARRINHA,33164.0,48.88,18.03,24.27,21.02
GO,BONFINÓPOLIS,11050.0,39.0,36.43,5.59,21.01
MG,LAGAMAR,9912.0,37.73,18.56,23.45,21.0
GO,NERÓPOLIS,36180.0,36.36,35.7,6.3,21.0
RS,CANOAS,412628.0,40.2,21.56,20.39,20.98
MG,MARTINHO CAMPOS,17242.0,33.26,11.08,30.87,20.97
SC,PAULO LOPES,11240.0,28.36,24.84,17.1,20.97
RO,OURO PRETO DO OESTE,41890.0,24.72,33.3,8.6,20.95
MT,RIBEIRÃO CASCALHEIRA,10300.0,21.23,39.67,2.21,20.94
GO,MARA ROSA,12780.0,47.04,38.06,3.77,20.92
SC,ZORTÉA,5034.0,33.8,23.64,18.2,20.92
MG,UBERLÂNDIA,831530.0,41.93,30.87,10.97,20.92
SP,IBIRÁ,12781.0,25.23,15.64,26.08,20.91
RS,TAPES,18328.0,38.16,35.15,6.67,20.91
AL,RIO LARGO,101892.0,47.0,4.67,37.15,20.91
SP,CANANÉIA,13435.0,35.18,17.52,24.3,20.89
PA,MEDICILÂNDIA,30832.0,28.45,22.13,19.64,20.89
RS,SÃO FRANCISCO DE PAULA,25594.0,39.53,21.91,19.84,20.88
SC,JOAÇABA,36486.0,23.64,29.79,11.93,20.86
SP,QUADRA,4774.0,33.06,17.41,24.61,20.86
SC,BLUMENAU,432048.0,21.18,28.58,13.07,20.83
GO,SENADOR CANEDO,133222.0,40.16,30.11,11.49,20.8
SP,POTIRENDABA,19947.0,28.04,8.01,33.61,20.79
SC,BENEDITO NOVO,13622.0,11.98,31.49,10.07,20.78
SP,PEDRO DE TOLEDO,9832.0,31.12,29.29,11.84,20.75
SP,PROMISSÃO,36985.0,37.73,11.97,29.52,20.74
PR,TIBAGI,23014.0,44.29,26.31,15.1,20.71
SC,BALNEÁRIO BARRA DO SUL,16206.0,26.06,19.03,22.4,20.71
ES,ITAPEMIRIM,56234.0,27.34,37.25,4.15,20.7
SC,GASPAR,79890.0,23.13,26.89,14.44,20.67
SP,GARÇA,46362.0,28.15,12.1,28.98,20.66
SC,SÃO BONIFÁCIO,4794.0,18.62,29.58,11.72,20.65
SP,ARAÇOIABA DA SERRA,34221.0,31.76,20.09,21.23,20.65
SC,BELMONTE,3970.0,39.67,27.56,13.75,20.65
PA,BRASIL NOVO,24356.0,31.38,24.59,16.69,20.64
SP,RIBEIRÃO BRANCO,20045.0,48.73,13.27,28.46,20.61
GO,CAMPINORTE,13822.0,33.49,35.35,5.86,20.6
SP,TAQUARIVAÍ,6910.0,39.61,18.39,22.95,20.58
SC,JOINVILLE,713570.0,19.99,22.72,18.39,20.56
SP,CONCHAS,15929.0,30.04,18.07,23.19,20.55
PR,COLOMBO,254108.0,34.19,11.96,29.06,20.51
SP,CAMPOS DO JORDÃO,51762.0,32.84,27.11,13.93,20.5
ES,VITÓRIA,438014.0,40.39,25.24,15.72,20.48
RS,BALNEÁRIO PINHAL,14288.0,46.88,18.76,22.2,20.48
PA,ANAPU,33270.0,31.22,23.4,17.55,20.48
SP,PONTALINDA,4069.0,47.28,14.02,27.05,20.47
PR,RIO BOM,4830.0,34.64,39.79,1.12,20.46
SP,MOGI MIRIM,94956.0,25.69,14.65,26.32,20.45
PR,CAPANEMA,24700.0,39.87,24.46,16.43,20.45
GO,NOVO GAMA,80776.0,40.16,35.76,5.15,20.45
GO,APARECIDA DE GOIÂNIA,525780.0,37.26,31.64,9.25,20.44
SC,BOM JESUS,4144.0,42.91,20.85,19.98,20.42
SC,JOSÉ BOITEUX,7018.0,30.64,26.39,14.45,20.42
SP,MONGAGUÁ,60579.0,43.42,18.9,21.96,20.42
MS,PARAÍSO DAS ÁGUAS,6128.0,18.77,5.16,35.67,20.41
GO,NOVA IGUAÇU DE GOIÁS,4154.0,48.22,31.78,9.05,20.41
SP,OSVALDO CRUZ,31080.0,27.73,9.7,31.32,20.39
SP,MACAUBAL,9064.0,19.63,8.57,32.49,20.39
RS,MORRO REUTER,9326.0,24.58,6.07,34.7,20.38
AC,RIO BRANCO,420864.0,23.68,30.75,9.97,20.36
AC,PORTO ACRE,21156.0,20.43,34.52,6.14,20.33
MT,ARENÁPOLIS,12242.0,35.78,21.76,18.9,20.33
RS,SÃO LEOPOLDO,263528.0,39.19,16.77,23.87,20.32
SC,MORRO GRANDE,4608.0,19.08,33.94,6.68,20.31
AC,MANOEL URBANO,11520.0,34.01,34.58,5.97,20.28
SP,JABORANDI,6875.0,41.13,18.26,22.6,20.28
ES,GOVERNADOR LINDENBERG,13616.0,40.79,9.96,30.54,20.25
RO,ALTA FLORESTA D OESTE,28162.0,24.9,19.59,20.91,20.25
SC,PONTE ALTA DO NORTE,4030.0,34.47,33.25,7.25,20.25
GO,ADELÂNDIA,4460.0,34.91,37.89,2.6,20.25
SP,CAPIVARI,52636.0,27.48,11.58,28.65,20.24
RS,PRESIDENTE LUCENA,4546.0,15.29,5.15,35.33,20.24
GO,RIO VERDE,224276.0,33.5,38.27,2.21,20.24
SP,SÃO JOSÉ DO RIO PRETO,467026.0,27.91,14.62,25.95,20.23
SC,PINHEIRO PRETO,4734.0,27.14,25.64,14.79,20.22
SP,PINDORAMA,14704.0,28.99,7.34,34.37,20.21
GO,CACHOEIRA DE GOIÁS,2852.0,37.88,38.36,2.03,20.2
MG,SERRANIA,9816.0,48.29,32.62,7.78,20.2
SP,MARÍLIA,243743.0,26.49,12.43,28.02,20.2
MG,IPATINGA,276712.0,30.47,27.17,13.19,20.18
SC,SALETE,10130.0,22.36,33.29,7.05,20.17
MT,LUCIARA,3344.0,38.33,21.11,19.14,20.13
SC,MATOS COSTA,3788.0,43.28,22.65,17.58,20.12
ES,SÃO GABRIEL DA PALHA,39172.0,38.08,18.11,22.05,20.08
SP,RIO CLARO,212485.0,28.14,14.06,26.17,20.07
SC,PAPANDUVA,24392.0,35.14,22.47,17.66,20.06
SC,PORTO BELO,25810.0,23.75,25.98,14.13,20.05
RO,NOVA UNIÃO,8264.0,40.56,37.22,2.86,20.04
BA,TEIXEIRA DE FREITAS,163386.0,45.36,21.27,18.77,20.02
RO,GOVERNADOR JORGE TEIXEIRA,10834.0,27.66,22.0,18.02,20.01
SC,XAXIM,37722.0,28.97,19.52,20.46,19.99
MG,PRESIDENTE OLEGÁRIO,23948.0,40.01,8.87,31.08,19.98
PA,RIO MARIA,21408.0,38.59,20.68,19.25,19.97
ES,VILA PAVÃO,12256.0,47.08,11.99,27.9,19.95
MG,CAPINÓPOLIS,17792.0,48.48,7.19,32.69,19.94
MT,ARAPUTANGA,17486.0,26.12,13.84,26.04,19.94
SP,BANANAL,10723.0,49.75,9.18,30.73,19.93
RJ,NITERÓI,653016.0,46.2,19.91,19.96,19.93
RO,THEOBROMA,11660.0,25.37,19.54,20.31,19.92
SP,LOURDES,2816.0,38.38,22.89,16.91,19.92
SP,SALES,7133.0,24.86,11.6,27.69,19.87
RO,PIMENTEIRAS DO OESTE,3016.0,30.43,24.07,15.65,19.86
GO,ITAJÁ,5684.0,36.26,36.77,2.96,19.86
GO,GOIANIRA,61878.0,39.78,30.83,8.9,19.86
MG,TAQUARAÇU DE MINAS,7384.0,39.74,3.87,35.81,19.84
SP,RIBEIRÃO PIRES,126431.0,43.69,19.13,20.49,19.82
PR,PARANAGUÁ,170786.0,29.51,24.77,14.88,19.82
PA,DOM ELISEU,46072.0,46.79,23.69,15.94,19.81
ES,MARATAÍZES,48752.0,28.25,34.94,4.62,19.78
GO,AMORINÓPOLIS,5784.0,36.43,29.81,9.75,19.78
SP,OURO VERDE,8850.0,49.47,9.08,30.97,19.77
ES,APIACÁ,9580.0,47.97,16.78,22.73,19.76
SC,BARRA VELHA,39560.0,23.33,22.08,17.39,19.73
ES,SERRA,555736.0,41.94,30.44,9.0,19.72
SP,PIEDADE,58261.0,32.12,11.14,28.24,19.72
TO,PAU D ARCO,5418.0,38.64,31.89,7.53,19.71
SP,NOVA EUROPA,10621.0,49.29,8.84,31.57,19.7
SP,SANTO ANASTÁCIO,20238.0,34.92,6.61,33.3,19.68
MT,JACIARA,31314.0,27.87,31.09,8.28,19.68
SC,BRUSQUE,159276.0,18.22,25.4,13.92,19.66
ES,DIVINO DE SÃO LOURENÇO,6908.0,32.87,23.65,15.58,19.61
PR,FOZ DO IGUAÇU,316912.0,29.48,19.22,19.98,19.6
TO,PEQUIZEIRO,6930.0,49.84,8.2,30.94,19.57
PR,CURITIBA,2299172.0,30.79,16.68,22.44,19.56
GO,LEOPOLDO DE BULHÕES,10402.0,49.06,32.71,6.4,19.55
SC,ANCHIETA,8402.0,38.81,20.78,18.31,19.54
PB,JOÃO PESSOA,950166.0,45.1,20.36,18.7,19.53
PR,MARIÓPOLIS,8774.0,37.36,33.07,5.99,19.53
SP,SOROCABA,727183.0,34.28,19.2,19.87,19.53
PR,CLEVELÂNDIA,20476.0,43.51,28.14,10.89,19.52
GO,PORTEIRÃO,5334.0,44.67,36.75,2.29,19.52
SP,TURIÚBA,2265.0,29.36,17.21,22.1,19.51
SP,ONDA VERDE,5241.0,39.39,8.04,30.54,19.48
PR,PALMAS,48144.0,48.62,29.91,9.0,19.45
MT,ÁGUA BOA,28616.0,16.68,36.32,2.49,19.41
SC,XANXERÊ,58224.0,31.47,27.87,10.95,19.41
SC,SEARA,23730.0,35.57,29.4,9.37,19.38
SC,JACINTO MACHADO,14970.0,20.94,30.61,8.12,19.37
SP,COTIA,249389.0,45.86,20.94,17.68,19.35
PR,SÃO MIGUEL DO IGUAÇU,35398.0,31.68,11.72,26.95,19.33
SP,BREJO ALEGRE,3580.0,49.21,5.73,34.17,19.33
TO,ALVORADA,11410.0,36.53,7.85,30.82,19.33
PA,PARAGOMINAS,113080.0,36.02,24.81,13.79,19.3
SC,ERVAL VELHO,6570.0,20.2,25.39,13.18,19.28
GO,URUAÇU,44588.0,39.76,20.51,18.0,19.26
SP,PIRAJUÍ,20418.0,30.39,24.03,14.35,19.26
MT,NOVA MUTUM,49542.0,21.73,34.14,4.35,19.25
PR,ANTONINA,23754.0,27.8,19.63,18.85,19.24
RO,VALE DO ANARI,9478.0,24.0,27.62,10.78,19.2
MG,SANTANA DO PARAÍSO,36000.0,37.67,29.24,9.12,19.18
MG,GUIMARÂNIA,10674.0,37.0,8.21,30.11,19.16
RS,COQUEIROS DO SUL,3992.0,30.56,3.51,34.82,19.16
SC,PRINCESA,4260.0,29.87,27.93,10.33,19.13
MG,BETIM,494978.0,42.61,24.25,14.01,19.13
PR,PONTAL DO PARANÁ,32310.0,36.64,18.95,19.3,19.12
RS,RIOZINHO,6856.0,48.14,13.51,24.74,19.12
MG,SANTA MARGARIDA,20744.0,49.89,2.25,35.99,19.12
MS,ROCHEDO,6838.0,35.65,11.14,27.08,19.11
GO,NOVA VENEZA,12462.0,34.47,33.86,4.35,19.11
GO,ARAGUAPAZ,9204.0,38.61,29.42,8.76,19.09
GO,INDIARA,18044.0,41.17,27.91,10.21,19.06
PA,MOJUÍ DOS CAMPOS,32244.0,38.44,7.28,30.82,19.05
SC,PALMITOS,20110.0,25.12,22.91,15.15,19.03
SC,MORRO DA FUMAÇA,22252.0,15.45,30.25,7.78,19.02
RS,EREBANGO,4176.0,42.86,15.85,22.17,19.01
SC,TREZE DE MAIO,11200.0,10.93,28.2,9.8,19.0
SP,SANTA MERCEDES,3673.0,40.91,22.93,14.81,19.0
RS,MINAS DO LEÃO,10228.0,49.5,13.3,24.68,18.99
MS,TRÊS LAGOAS,131458.0,36.2,13.51,24.43,18.97
TO,COLINAS DO TOCANTINS,36902.0,37.16,8.66,29.27,18.96
MT,NOVA MONTE VERDE,8888.0,20.56,23.85,14.04,18.95
SC,SANGÃO,13916.0,16.4,31.14,6.75,18.95
SC,IÇARA,67994.0,22.27,27.23,10.66,18.94
RS,GETÚLIO VARGAS,21024.0,22.28,5.79,32.07,18.93
RS,MAXIMILIANO DE ALMEIDA,6616.0,19.98,5.11,32.74,18.92
SP,IARAS,5551.0,44.76,8.35,29.29,18.9
GO,GAMELEIRA DE GOIÁS,5246.0,37.19,30.61,7.17,18.89
SC,ILHOTA,18310.0,20.82,19.38,18.39,18.89
MG,QUELUZITO,4210.0,48.45,3.61,34.16,18.88
SC,RIO NEGRINHO,50162.0,20.73,16.77,20.98,18.88
SC,ABELARDO LUZ,19386.0,40.96,23.52,14.25,18.88
RS,SERTÃO SANTANA,8692.0,25.77,14.04,23.7,18.87
SC,BOM JESUS DO OESTE,3278.0,27.5,27.46,10.25,18.85
AC,ASSIS BRASIL,10036.0,35.17,21.92,15.7,18.81
RS,NOVO HAMBURGO,288676.0,27.37,21.0,16.61,18.8
SP,PALMEIRA D OESTE,10410.0,37.08,10.34,27.18,18.78
SP,NOVA GUATAPORANGA,2732.0,44.37,6.01,31.53,18.78
RJ,CARDOSO MOREIRA,17928.0,30.75,33.81,3.73,18.77
SC,SÃO JOÃO BATISTA,36220.0,18.08,25.51,11.97,18.74
RS,PORTÃO,41740.0,33.79,12.46,25.0,18.73
SP,ITIRAPINA,13115.0,38.11,15.47,22.23,18.73
SP,GUARUJÁ,320803.0,38.57,21.57,15.78,18.7
PR,QUINTA DO SOL,6846.0,45.54,12.42,24.98,18.7
SP,BADY BASSITT,19889.0,24.51,12.47,25.11,18.7
GO,ANÁPOLIS,443014.0,25.42,16.47,20.89,18.68
MT,CAMPOS DE JÚLIO,7818.0,23.75,27.32,10.03,18.67
MG,PIEDADE DOS GERAIS,7640.0,41.8,4.95,32.36,18.65
PA,PLACAS,21046.0,31.24,6.82,30.44,18.63
SC,MARACAJÁ,10606.0,25.04,28.44,8.81,18.62
SP,CACHOEIRA PAULISTA,34134.0,36.32,14.66,22.6,18.61
MG,SÃO JOÃO NEPOMUCENO,32104.0,46.88,26.31,10.86,18.59
GO,ITAGUARU,8756.0,49.6,34.95,2.22,18.58
PR,MATINHOS,46584.0,36.54,16.88,20.27,18.58
RJ,ITALVA,17654.0,32.49,30.53,6.58,18.56
PB,BAYEUX,125424.0,47.47,19.3,17.81,18.55
ES,PANCAS,22674.0,40.8,5.35,31.76,18.55
RS,BAGÉ,138326.0,48.68,9.92,27.17,18.54
RJ,PARATY,50190.0,34.79,17.63,19.43,18.53
PR,IRATI,75606.0,34.43,31.84,5.21,18.53
RS,GUABIJU,2370.0,24.83,7.93,29.11,18.52
MT,NOVA OLÍMPIA,18798.0,43.9,21.6,15.41,18.5
RJ,SILVA JARDIM,29740.0,30.96,20.71,16.23,18.47
SP,ÁLVARO DE CARVALHO,4299.0,39.9,15.86,21.02,18.47
SP,IGUAPE,29278.0,36.25,24.77,11.92,18.44
RR,RORAINÓPOLIS,33318.0,22.94,17.24,19.64,18.44
PR,QUATRO BARRAS,27726.0,26.71,16.74,20.13,18.43
SC,BRAÇO DO NORTE,41066.0,16.25,23.54,13.32,18.43
AM,PRESIDENTE FIGUEIREDO,36980.0,48.24,6.57,30.21,18.39
SC,SANTA HELENA,3934.0,43.73,24.81,11.95,18.38
GO,SERRANÓPOLIS,9368.0,42.16,28.01,8.75,18.38
SC,ARAQUARI,37074.0,25.46,19.06,17.68,18.37
PR,PONTA GROSSA,412868.0,30.5,6.71,30.03,18.37
RS,CARLOS BARBOSA,39896.0,21.79,11.09,25.63,18.36
RS,ELDORADO DO SUL,42772.0,45.77,22.75,13.98,18.36
SC,NOVA TRENTO,18178.0,16.63,25.72,10.98,18.35
MG,CONTAGEM,758360.0,39.63,12.33,24.34,18.33
PR,ASTORGA,32120.0,25.31,17.09,19.57,18.33
RS,SANTA MARIA DO HERVAL,9394.0,31.68,5.3,31.34,18.32
SC,SUL BRASIL,4284.0,35.1,26.61,10.04,18.32
SP,CARAPICUÍBA,406985.0,48.47,18.35,18.24,18.3
PR,CHOPINZINHO,27074.0,33.85,25.61,10.97,18.29
AM,RIO PRETO DA EVA,28774.0,49.98,5.24,31.33,18.28
SP,ICÉM,8653.0,44.31,13.11,23.35,18.26
GO,NAZÁRIO,11368.0,32.46,32.69,3.84,18.26
MT,SÃO FÉLIX DO ARAGUAIA,10354.0,36.25,29.07,7.44,18.25
PA,PACAJÁ,42542.0,35.19,23.52,12.96,18.24
RS,JAGUARI,14532.0,38.8,6.22,30.25,18.24
SC,MAJOR VIEIRA,9770.0,41.14,21.99,14.47,18.23
MS,COSTA RICA,32166.0,35.98,12.84,23.59,18.21
MG,SÃO JOAQUIM DE BICAS,33538.0,48.77,9.02,27.34,18.18
MG,CARMO DO CAJURU,30800.0,40.44,19.03,17.31,18.17
RJ,TANGUÁ,41176.0,37.23,28.99,7.35,18.17
GO,COCALZINHO DE GOIÁS,24510.0,35.52,21.17,15.14,18.15
AC,CAPIXABA,12332.0,20.91,29.89,6.39,18.14
RR,SÃO JOÃO DA BALIZA,8536.0,25.73,24.41,11.81,18.11
SC,PONTE SERRADA,13046.0,46.16,26.21,9.98,18.1
MG,MARLIÉRIA,6770.0,42.66,30.93,5.26,18.09
PA,MÃE DO RIO,39076.0,46.39,29.84,6.34,18.09
SP,SANTO ANTÔNIO DO ARACANGUÁ,10090.0,40.72,9.26,27.44,18.08
MG,UBERABA,371722.0,41.05,14.82,21.33,18.08
MG,LAGOA SANTA,80164.0,33.85,17.78,18.37,18.07
MG,PRATINHA,4702.0,33.94,31.69,4.42,18.06
GO,SANTO ANTÔNIO DE GOIÁS,9834.0,36.78,31.89,4.19,18.04
SC,CUNHATAÍ,3108.0,25.98,23.68,12.36,18.02
SP,BARBOSA,7029.0,45.26,5.76,30.94,18.01
RS,CAPÃO DA CANOA,65030.0,31.09,20.74,15.27,18.01
MT,BOM JESUS DO ARAGUAIA,6960.0,31.26,31.81,4.2,18.0
RS,ARROIO DOS RATOS,16394.0,44.86,17.42,18.57,17.99
RJ,PARAÍBA DO SUL,53036.0,39.28,9.19,26.76,17.98
SC,TANGARÁ,11028.0,27.63,26.79,9.16,17.97
SC,BANDEIRANTE,4770.0,41.81,24.36,11.57,17.97
MG,INIMUTABA,9592.0,49.01,30.44,5.48,17.96
PR,LARANJEIRAS DO SUL,39152.0,49.36,24.33,11.58,17.96
MS,CORONEL SAPUCAIA,18398.0,47.45,17.82,18.1,17.96
SP,TORRE DE PEDRA,3521.0,27.42,22.92,12.79,17.95
GO,VARJÃO,5824.0,34.08,29.5,6.35,17.93
PA,BELTERRA,24500.0,46.35,9.46,26.4,17.93
PA,RURÓPOLIS,28526.0,32.07,14.96,20.88,17.92
SP,MONTEIRO LOBATO,5587.0,36.62,14.4,21.55,17.92
GO,LUZIÂNIA,199722.0,34.99,12.88,22.96,17.92
SP,CESÁRIO LANGE,17991.0,25.96,11.16,25.13,17.91
SP,AMERICANA,247108.0,28.49,21.04,14.68,17.9
SC,GUABIRUBA,28230.0,18.66,25.48,10.33,17.9
MT,PRIMAVERA DO LESTE,77994.0,20.85,23.14,12.59,17.86
PR,CAMPO MOURÃO,111562.0,33.71,30.5,5.22,17.86
SC,ITAPOÁ,27368.0,28.11,22.23,13.48,17.85
RS,HUMAITÁ,6966.0,34.77,5.0,30.69,17.84
RS,TRAMANDAÍ,54554.0,38.57,18.96,16.68,17.82
MG,IBIRITÉ,203220.0,44.81,8.01,27.61,17.81
RS,ESTAÇÃO,8318.0,28.76,6.08,29.5,17.79
MT,COLNIZA,24880.0,20.92,29.83,5.73,17.78
AC,ACRELÂNDIA,14586.0,19.82,25.3,10.24,17.77
PR,QUATIGUÁ,10746.0,28.35,33.05,2.48,17.76
SC,BARRA BONITA,2964.0,32.81,17.48,18.02,17.75
SC,IMARUÍ,15434.0,37.3,28.7,6.8,17.75
SP,PIRACICABA,412106.0,27.89,16.94,18.49,17.73
PR,SALGADO FILHO,5984.0,37.76,11.73,23.73,17.73
MG,CLARAVAL,7326.0,35.38,31.89,3.58,17.73
ES,SANTA MARIA DE JETIBÁ,49888.0,22.16,17.84,17.62,17.73
SP,POLONI,5762.0,42.49,15.62,19.87,17.67
TO,PORTO NACIONAL,70988.0,47.56,16.81,18.5,17.66
SP,TACIBA,7625.0,48.21,3.31,32.94,17.65
RS,SALDANHA MARINHO,4664.0,41.33,5.53,29.76,17.65
SP,SÃO SEBASTIÃO,86103.0,44.2,21.65,13.39,17.64
PA,ELDORADO DOS CARAJÁS,29910.0,44.52,20.14,15.14,17.64
ES,BOA ESPERANÇA,17042.0,45.04,6.3,28.99,17.64
SP,MAIRINQUE,53393.0,39.68,17.25,18.04,17.63
SP,SANTA ERNESTINA,7717.0,43.33,10.29,25.21,17.62
PR,IMBITUVA,38834.0,32.17,15.5,19.71,17.61
SC,HERVAL D OESTE,27108.0,28.16,27.45,7.72,17.59
RS,SÃO JERÔNIMO,25448.0,48.02,10.73,24.43,17.58
SP,PRESIDENTE PRUDENTE,228972.0,27.8,10.04,25.72,17.57
MG,NOVA LIMA,123370.0,46.12,17.6,17.53,17.57
MT,JURUENA,9102.0,23.29,24.74,10.37,17.56
AL,BARRA DE SÃO MIGUEL,12254.0,45.52,5.06,30.05,17.55
RJ,RIO CLARO,24190.0,42.5,15.49,19.59,17.54
SC,RIO DAS ANTAS,8506.0,22.61,22.88,12.2,17.54
PA,NOVO REPARTIMENTO,66658.0,38.97,32.5,2.59,17.54
SP,PRAIA GRANDE,320696.0,36.93,17.7,17.36,17.53
RR,IRACEMA,9972.0,27.29,13.92,21.14,17.53
SP,CAFELÂNDIA,17319.0,32.91,20.24,14.85,17.5
MG,CAPITÓLIO,12014.0,38.68,16.53,18.45,17.49
MT,CÁCERES,95152.0,43.39,12.92,22.04,17.48
MT,ARAGUAINHA,1666.0,31.31,12.36,22.57,17.47
MT,CANABRAVA DO NORTE,5196.0,28.44,30.06,4.85,17.46
AL,PORTO CALVO,31626.0,45.0,3.2,31.68,17.44
SP,ARAMINA,6197.0,34.35,10.8,24.07,17.43
SC,SERRA ALTA,4888.0,20.26,28.31,6.55,17.43
MG,MONTE CARMELO,56120.0,46.72,25.18,9.65,17.42
GO,ALEXÂNIA,32260.0,28.56,25.55,9.27,17.41
SC,TREVISO,6506.0,39.48,28.68,6.12,17.4
MG,SERRA DO SALITRE,13996.0,35.66,14.1,20.71,17.4
SP,VOTORANTIM,129368.0,34.56,15.76,19.08,17.39
SP,SÃO ROQUE,79536.0,38.85,19.67,14.89,17.38
SP,OSASCO,821577.0,45.4,21.79,13.21,17.38
SP,ELISIÁRIO,3903.0,32.62,7.22,28.11,17.37
RJ,SAQUAREMA,112542.0,30.48,12.27,22.45,17.36
PR,VIRMOND,5826.0,33.05,24.41,10.23,17.32
SC,LAURO MÜLLER,20386.0,27.16,25.67,8.97,17.32
RS,PORTO LUCENA,6470.0,49.63,2.23,32.4,17.31
SP,UBATUBA,102800.0,32.25,18.63,16.0,17.31
RJ,MARICÁ,228460.0,43.29,11.49,23.12,17.3
SC,DIONÍSIO CERQUEIRA,17430.0,35.93,21.04,13.53,17.29
SC,JUPIÁ,3788.0,44.61,16.95,17.63,17.29
SP,ALUMÍNIO,19393.0,39.31,13.08,21.61,17.27
SP,EMBU-GUAÇU,72766.0,45.84,17.83,16.68,17.25
RR,MUCAJAÍ,20846.0,16.34,14.08,20.42,17.25
GO,GUAPÓ,20952.0,43.71,28.76,5.75,17.25
SP,TIETÊ,42894.0,27.78,18.39,16.08,17.25
SC,ORLEANS,31284.0,17.53,26.75,7.68,17.22
SC,ARABUTÃ,6406.0,35.45,27.29,7.15,17.22
MT,NORTELÂNDIA,7524.0,43.2,19.27,15.12,17.2
SC,BALNEÁRIO RINCÃO,19146.0,27.01,20.41,13.98,17.19
SP,NOVA ODESSA,67786.0,30.4,17.18,17.17,17.17
RJ,QUEIMADOS,160716.0,36.35,18.29,16.05,17.17
GO,ARAGOIÂNIA,13794.0,44.43,27.78,6.57,17.17
RS,ENCANTADO,28350.0,24.32,20.54,13.79,17.16
SP,MONTE MOR,61274.0,40.22,12.84,21.58,17.15
MT,NOVA SANTA HELENA,4542.0,21.47,15.1,19.2,17.15
TO,ARAGUAÍNA,186136.0,36.98,19.31,14.97,17.14
RS,XANGRI-LÁ,19768.0,25.34,16.76,17.51,17.14
GO,BOM JARDIM DE GOIÁS,10766.0,47.17,27.14,7.13,17.14
SP,BAURU,370818.0,34.31,10.41,23.62,17.12
SP,ADOLFO,5903.0,28.39,7.96,26.41,17.11
SC,APIÚNA,13366.0,21.78,17.3,16.92,17.11
PR,GUARAQUEÇABA,10810.0,34.33,21.65,12.58,17.11
RS,FORTALEZA DOS VALOS,6504.0,43.11,4.49,29.74,17.11
RS,CAPITÃO,4722.0,33.42,5.68,28.55,17.11
SC,JARAGUÁ DO SUL,210356.0,19.57,26.85,7.37,17.11
ES,FUNDÃO,22442.0,45.89,24.08,10.11,17.1
AC,XAPURI,19366.0,35.78,30.52,3.67,17.09
SP,MENDONÇA,7504.0,44.2,7.19,27.07,17.08
AL,SANTA LUZIA DO NORTE,10150.0,39.48,5.48,28.67,17.07
TO,PARAÍSO DO TOCANTINS,53620.0,27.84,25.5,8.63,17.07
SP,MIGUELÓPOLIS,20489.0,42.15,11.03,23.46,17.03
ES,VARGEM ALTA,25086.0,26.61,30.98,3.08,17.03
MG,SABARÁ,155906.0,45.59,18.28,15.77,17.03
SP,MARIÁPOLIS,4282.0,47.0,17.83,16.27,17.02
GO,ALVORADA DO NORTE,10210.0,42.17,27.62,6.41,17.01
MT,TERRA NOVA DO NORTE,12642.0,31.36,22.62,11.37,17.0
GO,PALMINÓPOLIS,6540.0,30.22,29.02,4.98,17.0
RS,VIAMÃO,260802.0,48.46,20.22,13.75,16.99
SP,PAULÍNIA,117380.0,36.05,17.33,16.62,16.97
SP,PIQUETE,13214.0,25.26,16.55,17.38,16.95
RS,ESTÂNCIA VELHA,60588.0,24.78,13.64,20.25,16.94
RN,SÃO PAULO DO POTENGI,22784.0,48.15,17.6,16.23,16.92
RJ,BOM JESUS DO ITABAPOANA,46352.0,38.89,14.57,19.21,16.89
SC,DESCANSO,11868.0,25.34,22.75,10.99,16.87
MS,MUNDO NOVO,21496.0,32.69,7.71,26.02,16.87
GO,BRAZABRANTES,5430.0,48.19,28.99,4.71,16.85
RO,SÃO MIGUEL DO GUAPORÉ,25856.0,29.33,20.05,13.64,16.85
MT,SANTO AFONSO,3486.0,35.76,18.3,15.38,16.84
GO,ITAUÇU,11910.0,45.74,28.88,4.79,16.83
SC,LAGUNA,56910.0,34.02,23.92,9.71,16.81
SC,CANELINHA,15080.0,23.06,20.4,13.16,16.78
SP,NIPOÃ,5047.0,38.58,6.82,26.82,16.76
GO,ITARUMÃ,6716.0,47.02,30.73,2.77,16.75
SP,JARINU,32919.0,36.48,12.04,21.13,16.74
MT,FELIZ NATAL,9180.0,29.64,18.5,14.99,16.74
ES,MIMOSO DO SUL,32138.0,46.51,24.95,8.53,16.74
MT,QUERÊNCIA,21482.0,19.36,27.15,6.32,16.73
GO,ARAGARÇAS,20630.0,33.09,26.51,6.95,16.73
SP,CORDEIRÓPOLIS,27935.0,29.43,8.8,24.86,16.72
RO,CEREJEIRAS,20062.0,15.56,23.3,10.1,16.7
SP,PARAGUAÇU PAULISTA,43127.0,36.29,12.73,20.8,16.68
SP,LARANJAL PAULISTA,30046.0,24.24,14.04,19.36,16.66
SP,LINS,70975.0,24.3,21.25,11.7,16.66
PA,OURILÂNDIA DO NORTE,34116.0,31.57,19.64,13.64,16.64
MT,GAÚCHA DO NORTE,7974.0,21.63,27.01,6.22,16.62
SP,LUCÉLIA,18405.0,31.85,10.99,22.23,16.61
PA,ÁGUA AZUL DO NORTE,15268.0,36.08,13.81,19.35,16.58
SP,RIBEIRÃO PRETO,613135.0,35.66,15.93,17.25,16.58
SP,MAIRIPORÃ,87673.0,34.68,18.53,14.75,16.57
RO,NOVO HORIZONTE DO OESTE,10874.0,27.44,25.69,7.45,16.57
ES,ALTO RIO NOVO,9128.0,42.13,4.82,28.31,16.56
MG,BAMBUÍ,28956.0,45.34,15.46,17.63,16.55
RS,MONTENEGRO,76092.0,35.52,15.75,17.36,16.55
PR,SABÁUDIA,10148.0,29.63,20.75,12.32,16.54
PR,SÃO PEDRO DO IVAÍ,11142.0,36.56,21.61,11.45,16.53
PA,TUCUMÃ,40704.0,29.74,15.99,17.02,16.51
MG,PEDRO LEOPOLDO,79058.0,39.9,12.07,20.92,16.5
SP,ASPÁSIA,2654.0,30.07,11.84,21.23,16.5
MG,MONTE ALEGRE DE MINAS,22386.0,44.25,9.77,23.24,16.5
ES,MUQUI,18148.0,37.99,20.92,12.07,16.49
MT,PARANATINGA,22406.0,25.54,19.53,13.43,16.48
PR,ROSÁRIO DO IVAÍ,7224.0,42.53,16.97,15.92,16.45
SP,LOUVEIRA,51739.0,31.77,15.63,17.27,16.45
SC,GRÃO-PARÁ,9664.0,16.14,25.83,7.08,16.45
SC,CAPIVARI DE BAIXO,28940.0,31.64,15.76,17.09,16.43
SP,HERCULÂNDIA,9453.0,33.52,4.68,28.7,16.43
MT,CUIABÁ,715452.0,33.87,20.91,11.94,16.43
PR,CORONEL VIVIDA,28552.0,44.91,20.64,12.19,16.42
PA,TRAIRÃO,17138.0,29.43,8.66,24.18,16.42
ES,JERÔNIMO MONTEIRO,15498.0,32.37,29.68,3.14,16.41
RJ,RIO DAS OSTRAS,145838.0,31.4,18.22,14.58,16.4
ES,GUARAPARI,149506.0,30.09,21.92,10.88,16.4
PR,UMUARAMA,128378.0,24.45,6.48,26.3,16.39
SP,REGISTRO,58258.0,33.0,18.44,14.19,16.39
SP,VERA CRUZ,11115.0,35.09,10.5,22.4,16.38
SP,PAULICÉIA,7651.0,32.05,8.9,24.4,16.36
PR,ITAPEJARA D OESTE,14894.0,46.22,19.3,13.39,16.34
MT,GUIRATINGA,12842.0,48.72,25.21,7.48,16.34
MS,SONORA,16848.0,35.29,10.98,21.68,16.33
PA,SENADOR JOSÉ PORFÍRIO,19156.0,49.74,23.03,9.63,16.33
PR,CENTENÁRIO DO SUL,13624.0,48.62,27.86,4.77,16.32
MT,NOVO SANTO ANTÔNIO,2580.0,39.3,26.82,5.81,16.32
RO,SANTA LUZIA D OESTE,9830.0,26.64,20.85,11.74,16.3
RS,ALECRIM,9380.0,44.0,3.22,29.36,16.29
RS,AMARAL FERRADOR,7564.0,43.6,19.25,13.33,16.29
SP,PRESIDENTE BERNARDES,13839.0,36.71,9.11,23.62,16.28
MG,GUARDA-MOR,8748.0,47.07,5.19,27.34,16.27
SP,BERTIOGA,62381.0,38.52,14.6,17.99,16.26
RS,CERRO BRANCO,5954.0,36.19,2.02,30.5,16.26
SP,ARAÇARIGUAMA,22545.0,37.83,14.54,17.94,16.25
BA,ITAPETINGA,77160.0,48.02,17.83,14.64,16.24
SC,VARGEÃO,5106.0,34.55,24.17,8.3,16.24
SP,GUARÁ,20563.0,47.06,12.75,19.84,16.23
SC,IBIRAMA,23704.0,19.64,20.33,12.12,16.23
PR,FLOR DA SERRA DO SUL,7486.0,44.14,18.25,14.21,16.23
GO,JOVIÂNIA,8874.0,44.3,28.44,4.01,16.23
MT,ITANHANGÁ,7694.0,13.65,18.4,14.04,16.22
SP,MERIDIANO,5408.0,30.91,9.67,22.88,16.22
SP,PALMARES PAULISTA,11249.0,43.98,4.85,28.26,16.21
SC,GRAVATAL,15066.0,21.04,25.34,7.08,16.21
MT,DOM AQUINO,9700.0,37.14,28.25,4.14,16.2
SC,MASSARANDUBA,22090.0,14.21,27.08,5.29,16.18
GO,CALDAZINHA,5120.0,41.57,25.94,6.41,16.17
SC,MONDAÍ,12654.0,33.08,23.68,8.66,16.17
RO,PRIMAVERA DE RONDÔNIA,4534.0,25.54,19.36,12.97,16.17
RS,SÃO PEDRO DO SUL,20976.0,39.89,16.34,15.98,16.16
RS,SANTA BÁRBARA DO SUL,11456.0,37.06,11.35,20.93,16.14
RO,CAMPO NOVO DE RONDÔNIA,11128.0,27.74,23.78,8.47,16.12
SP,BIRIGUI,117266.0,23.03,9.1,23.79,16.1
RJ,ITAGUAÍ,148622.0,31.2,15.3,16.9,16.1
SP,CERQUEIRA CÉSAR,19966.0,34.83,18.62,13.58,16.1
MG,PASSA TEMPO,11690.0,40.36,11.22,20.98,16.1
SP,SÃO CARLOS,262346.0,43.05,18.85,13.33,16.09
MG,CAPUTIRA,12796.0,44.76,8.63,23.55,16.09
SC,SCHROEDER,23084.0,19.02,22.03,10.15,16.09
SC,PARAÍSO,5900.0,38.32,23.25,8.88,16.07
GO,TURVÂNIA,7504.0,37.25,29.66,2.45,16.06
RS,ALMIRANTE TAMANDARÉ DO SUL,3340.0,29.44,15.39,16.71,16.05
SP,UCHOA,11787.0,32.9,9.65,22.65,16.03
SC,RIO DO CAMPO,9038.0,19.33,26.69,5.38,16.03
SP,ASSIS,98882.0,33.01,14.04,17.99,16.02
SC,XAVANTINA,6146.0,29.43,27.17,4.85,16.01
SP,MARACAÍ,15469.0,30.06,7.42,24.33,16.01
RJ,RIO BONITO,72576.0,30.42,15.18,16.82,16.0
MS,ÁGUA CLARA,16690.0,36.68,6.47,25.54,16.0
MT,SANTO ANTÔNIO DO LESTE,3654.0,36.7,17.73,14.18,15.96
SC,TIMBÓ,56108.0,16.19,22.83,9.09,15.96
RS,FAXINALZINHO,3838.0,39.88,20.27,11.62,15.95
MT,PARANAÍTA,13772.0,27.63,25.84,6.04,15.94
SP,DUARTINA,14259.0,35.93,10.41,21.37,15.93
GO,IPAMERI,30938.0,38.03,28.22,3.63,15.93
SP,LUÍS ANTÔNIO,13745.0,43.41,6.29,25.44,15.92
SC,VARGEM BONITA,6630.0,41.43,23.02,8.81,15.91
SC,RODEIO,16008.0,13.89,24.53,7.27,15.9
SP,JAGUARIÚNA,58914.0,30.94,13.47,18.33,15.9
PE,FERNANDO DE NORONHA,4600.0,43.57,16.74,15.04,15.89
SP,COROADOS,5108.0,27.94,6.66,26.36,15.88
GO,PALESTINA DE GOIÁS,5546.0,45.54,24.16,7.57,15.87
RJ,PETRÓPOLIS,370328.0,33.16,16.49,15.23,15.86
SP,GUARULHOS,1363771.0,41.39,15.48,16.23,15.86
RS,BARRA DO RIBEIRO,16198.0,39.02,15.19,16.51,15.85
RS,SANTA CLARA DO SUL,9262.0,26.41,3.48,28.2,15.84
MT,NOVA XAVANTINA,22658.0,26.34,23.23,8.42,15.83
MG,IRAÍ DE MINAS,9982.0,38.03,7.83,23.8,15.82
SP,PLANALTO,5329.0,43.3,20.62,10.74,15.82
MG,JABOTICATUBAS,23872.0,44.05,7.25,24.35,15.8
GO,TEREZÓPOLIS DE GOIÁS,10260.0,37.67,20.35,11.23,15.79
RS,IMBÉ,30602.0,37.38,14.74,16.82,15.78
SP,GAVIÃO PEIXOTO,6001.0,49.39,4.66,27.6,15.78
PA,JACAREACANGA,18000.0,44.18,10.36,21.21,15.78
PR,MORRETES,21874.0,35.65,16.86,14.67,15.77
SP,TANABI,27559.0,27.13,15.16,16.43,15.77
MS,CAMPO GRANDE,1053472.0,32.78,19.61,11.9,15.76
SP,FLOREAL,3549.0,34.58,13.99,17.38,15.75
SP,ITUVERAVA,38948.0,35.01,10.04,21.65,15.75
GO,POSSE,38366.0,46.15,9.45,22.05,15.75
GO,CÓRREGO DO OURO,4698.0,29.53,26.95,4.51,15.73
SP,AMPARO,78341.0,27.98,13.22,18.07,15.73
MS,NAVIRAÍ,55802.0,29.6,11.74,19.68,15.71
PR,CAMBÉ,120016.0,26.67,18.69,12.71,15.7
RS,URUGUAIANA,126112.0,32.43,11.09,20.27,15.68
MT,ALTO BOA VISTA,5866.0,19.82,24.28,7.09,15.68
SP,SALTO GRANDE,8934.0,35.73,6.19,26.4,15.65
MG,BRUMADINHO,51948.0,44.19,15.63,15.68,15.65
SC,ANGELINA,8782.0,38.07,19.9,11.34,15.62
RS,VILA FLORES,5790.0,24.24,11.33,19.86,15.6
SP,MOGI GUAÇU,160389.0,25.62,16.45,14.73,15.6
SP,TREMEMBÉ,41003.0,30.71,15.34,15.85,15.6
SP,TAQUARAL,3103.0,34.44,21.88,8.84,15.6
SC,CAMPO ALEGRE,15972.0,15.46,8.23,22.95,15.59
RO,NOVA BRASILÂNDIA D OESTE,21036.0,27.68,26.9,4.29,15.59
AL,PASSO DE CAMARAGIBE,18854.0,48.51,2.81,28.35,15.58
MT,VALE DE SÃO DOMINGOS,3880.0,22.31,7.06,24.07,15.57
MS,JARAGUARI,8170.0,42.46,14.93,16.21,15.57
RS,SÃO GABRIEL,68242.0,46.46,15.69,15.45,15.57
MT,PORTO ALEGRE DO NORTE,11434.0,33.12,19.99,11.12,15.56
SP,ATIBAIA,163559.0,31.77,14.23,16.73,15.55
MT,COCALINHO,6462.0,36.48,21.08,10.03,15.55
SP,MAGDA,3623.0,29.28,12.53,18.88,15.54
RJ,CARMO,23508.0,49.06,15.67,15.41,15.54
RS,LINDOLFO COLLOR,7888.0,34.83,9.28,21.75,15.52
RS,OSÓRIO,58584.0,43.22,15.21,15.83,15.52
SC,ALTO BELA VISTA,3052.0,25.32,18.68,12.32,15.5
SP,OLÍMPIA,57543.0,30.35,12.49,18.45,15.49
RS,GLORINHA,10418.0,29.53,9.77,21.19,15.48
RS,CAXIAS DO SUL,563890.0,29.25,23.42,7.52,15.47
PR,ALMIRANTE TAMANDARÉ,119984.0,37.42,16.01,14.87,15.44
RS,VALE VERDE,5092.0,44.05,4.91,25.96,15.44
SP,SANTANA DE PARNAÍBA,138994.0,40.27,15.33,15.54,15.43
SP,ALTAIR,3830.0,43.87,10.02,20.85,15.43
RS,SANTA ROSA,94978.0,28.31,8.08,22.75,15.42
PA,ALENQUER,66170.0,42.81,18.3,12.51,15.4
SC,GOVERNADOR CELSO RAMOS,24594.0,21.06,15.69,15.1,15.4
RO,JARU,60052.0,19.78,16.14,14.66,15.4
RO,CUJUBIM,15838.0,19.56,26.46,4.34,15.4
RS,SÃO DOMINGOS DO SUL,4478.0,31.83,7.82,22.96,15.39
SC,ITAIÓPOLIS,26988.0,21.82,17.04,13.72,15.38
MT,SANTA TEREZINHA,7024.0,48.28,23.35,7.4,15.38
SP,PLATINA,3622.0,31.1,8.12,22.84,15.38
PR,IPIRANGA,19052.0,33.99,4.71,26.01,15.36
SP,IGARAPAVA,24693.0,44.93,10.89,20.07,15.34
SP,SANTO ANTÔNIO DO PINHAL,8367.0,39.04,14.57,16.16,15.33
SP,MURUTINGA DO SUL,4828.0,34.47,20.45,9.99,15.33
MG,ITAPECERICA,29026.0,48.77,7.17,23.5,15.33
SP,RIBEIRÃO DO SUL,5810.0,44.76,9.51,21.28,15.32
RS,PAROBÉ,65194.0,29.14,13.8,16.82,15.31
SP,SALTINHO,10032.0,15.25,12.69,17.86,15.31
RS,TORRES,48532.0,31.92,15.74,14.88,15.31
SP,OUROESTE,10400.0,35.75,9.81,20.37,15.3
SP,PINDAMONHANGABA,161514.0,31.55,16.3,14.27,15.29
SP,BOITUVA,63334.0,29.41,12.85,17.78,15.29
RJ,BARRA DO PIRAÍ,108692.0,45.02,15.04,15.53,15.29
SC,ARVOREDO,4240.0,40.86,20.66,9.91,15.28
AL,SÃO MIGUEL DOS CAMPOS,66458.0,48.23,4.29,26.24,15.27
MG,POÇOS DE CALDAS,183408.0,36.86,7.21,23.3,15.26
RS,CAMPO NOVO,6548.0,48.04,14.57,15.91,15.24
SC,GARUVA,19348.0,24.45,20.17,10.32,15.24
AL,MACEIÓ,1013642.0,38.0,12.56,17.9,15.23
SP,AURIFLAMA,14265.0,26.51,10.16,20.81,15.23
ES,VILA VELHA,554272.0,34.42,12.8,17.67,15.23
SP,CAJATI,29204.0,26.75,13.34,17.26,15.22
SP,MIRASSOL,59396.0,27.81,10.98,19.62,15.2
GO,JUSSARA,22400.0,32.95,23.79,6.62,15.2
RJ,SÃO JOÃO DE MERITI,579112.0,35.25,19.83,10.58,15.2
SC,CATANDUVAS,13656.0,32.12,22.22,8.11,15.17
SP,GUAÍRA,36238.0,32.75,12.87,17.58,15.15
MG,MESQUITA,7652.0,46.72,26.06,4.23,15.15
SP,NOVA INDEPENDÊNCIA,4491.0,45.6,8.94,21.29,15.14
SP,RIVERSUL,5956.0,44.78,9.15,21.53,15.14
MG,TIMÓTEO,94348.0,35.3,21.76,8.48,15.12
SP,GUARANTÃ,6894.0,33.78,12.13,18.03,15.11
SP,IBIÚNA,81288.0,29.21,10.99,19.5,15.1
SC,JARDINÓPOLIS,2882.0,39.36,20.47,9.72,15.09
RS,MARIANA PIMENTEL,5818.0,40.52,11.89,18.25,15.07
SP,VARGEM GRANDE PAULISTA,59314.0,41.09,12.82,17.3,15.06
SP,EMILIANÓPOLIS,3693.0,48.47,6.0,24.79,15.03
GO,EDÉIA,14932.0,32.84,26.79,3.28,15.03
RJ,GUAPIMIRIM,66004.0,34.33,23.55,6.49,15.02
PA,SÃO FÉLIX DO XINGU,60276.0,29.11,10.14,19.88,15.01
PR,SÃO JOÃO,14972.0,30.98,17.93,12.1,15.01
MS,BELA VISTA,23892.0,39.99,19.82,10.2,15.01
RS,ANDRÉ DA ROCHA,2218.0,24.67,4.78,25.25,15.01
SP,EMBAÚBA,3297.0,35.84,12.32,17.89,15.01
SP,COSMÓPOLIS,62576.0,37.15,11.73,18.21,15.0
MG,ITAÚNA,114452.0,31.25,19.95,10.05,15.0
PR,FAROL,4560.0,38.5,4.87,25.13,15.0
PR,DOIS VIZINHOS,53428.0,42.71,14.87,15.08,14.98
GO,ISRAELÂNDIA,4272.0,41.12,23.74,6.23,14.98
SP,CEDRAL,10132.0,20.17,10.26,19.73,14.98
SP,APIAÍ,25410.0,41.75,18.66,11.13,14.97
MT,CANARANA,23548.0,18.6,24.17,5.75,14.96
SP,HOLAMBRA,17617.0,30.42,16.01,13.87,14.96
SP,PORANGABA,9770.0,35.35,13.5,16.42,14.94
MG,FERVEDOURO,13216.0,47.58,2.57,27.32,14.94
MG,LAVRAS,118266.0,43.5,19.52,10.37,14.94
SP,RIO DAS PEDRAS,35857.0,30.78,11.31,18.53,14.94
PR,NOVA FÁTIMA,9560.0,41.38,21.95,7.93,14.94
RJ,SANTO ANTÔNIO DE PÁDUA,50352.0,34.7,16.92,12.94,14.93
SP,BERNARDINO DE CAMPOS,11208.0,23.07,8.01,22.24,14.93
SP,SUD MENNUCCI,7769.0,47.06,4.15,25.36,14.91
SP,BURITAMA,17438.0,28.17,13.57,16.29,14.9
RS,CRUZEIRO DO SUL,16378.0,30.35,6.31,23.45,14.88
RJ,CARAPEBUS,20154.0,41.17,15.09,14.66,14.88
SP,TABATINGA,16164.0,39.85,6.78,23.25,14.88
MT,VÁRZEA GRANDE,294290.0,36.48,21.37,8.38,14.87
SC,INDAIAL,76708.0,17.95,19.78,9.96,14.87
RJ,CASIMIRO DE ABREU,51792.0,28.57,17.29,12.42,14.86
SP,CERQUILHO,48865.0,24.01,13.03,16.79,14.86
MS,DOURADOS,267686.0,32.61,10.36,19.31,14.84
SP,FERNANDÓPOLIS,69161.0,32.76,10.14,19.5,14.84
ES,ECOPORANGA,28572.0,49.11,6.42,23.23,14.83
SP,SANTÓPOLIS DO AGUAPEÍ,4713.0,36.0,5.78,24.24,14.83
SP,SÃO BENTO DO SAPUCAÍ,12931.0,34.2,11.34,18.59,14.82
SP,AVAÍ,5556.0,28.94,11.89,17.75,14.81
RO,ITAPUÃ DO OESTE,9124.0,35.07,18.43,11.16,14.8
RO,CANDEIAS DO JAMARI,27408.0,35.19,20.53,9.05,14.79
SP,RIBEIRÃO BONITO,11436.0,40.0,8.86,20.91,14.78
PB,CAMPINA GRANDE,512376.0,46.82,12.63,16.94,14.78
ES,SÃO MATEUS,133614.0,46.84,11.34,18.22,14.78
MG,CONFINS,11126.0,38.58,12.21,17.33,14.77
SP,AVARÉ,89074.0,31.93,11.49,18.08,14.76
SP,ILHA SOLTEIRA,26019.0,41.4,13.67,15.88,14.75
PR,FERNANDES PINHEIRO,9004.0,44.31,26.54,2.91,14.73
MT,PEIXOTO DE AZEVEDO,33632.0,34.91,22.13,7.33,14.73
ES,ITAGUAÇU,17898.0,40.85,20.36,9.1,14.73
MT,SANTA CARMEM,5762.0,17.27,15.45,13.99,14.72
PR,REALEZA,23146.0,36.91,11.28,18.14,14.71
PR,PALMEIRA,44486.0,27.31,8.32,21.1,14.71
MT,TESOURO,4300.0,47.98,21.72,7.67,14.7
SP,SÃO JOAQUIM DA BARRA,50964.0,41.6,12.47,16.99,14.69
SP,BARRETOS,115012.0,32.64,15.43,13.96,14.69
GO,CHAPADÃO DO CÉU,12688.0,24.15,15.49,13.89,14.69
RS,MORRINHOS DO SUL,5312.0,22.09,14.08,15.29,14.68
SP,APARECIDA,39758.0,34.68,15.5,13.82,14.68
RS,TAQUARA,66826.0,28.65,14.12,15.22,14.67
GO,ARENÓPOLIS,5282.0,48.85,25.03,4.32,14.67
RS,CANELA,53038.0,29.06,14.09,15.22,14.66
MT,SÃO PEDRO DA CIPA,5532.0,38.47,26.17,3.15,14.66
GO,BURITI DE GOIÁS,5272.0,30.13,23.79,5.54,14.66
SP,SANTO ANTÔNIO DO JARDIM,6787.0,36.04,23.12,5.53,14.65
SP,VÁRZEA PAULISTA,118593.0,36.52,13.4,15.91,14.65
SP,NOVO HORIZONTE,40926.0,26.66,8.32,21.23,14.65
SP,JACUPIRANGA,16268.0,27.54,15.51,13.72,14.64
PR,PATO BRANCO,103528.0,34.04,20.0,9.2,14.6
GO,SANCLERLÂNDIA,11212.0,40.72,15.7,13.5,14.6
GO,ABADIÂNIA,17344.0,23.46,24.34,4.75,14.55
SP,SANTA RITA DO PASSA QUATRO,24691.0,26.43,17.58,11.55,14.53
SP,ORIENTE,7514.0,34.08,6.15,22.61,14.52
MG,BOA ESPERANÇA,48702.0,41.17,4.0,25.05,14.52
GO,CARMO DO RIO VERDE,11176.0,43.49,24.68,4.35,14.51
PA,ALTAMIRA,130186.0,32.95,17.25,11.74,14.5
SP,SERRA AZUL,10734.0,44.82,5.9,23.6,14.49
SP,ANALÂNDIA,5473.0,27.27,11.43,17.93,14.49
MG,CAMBUÍ,33526.0,36.93,5.23,23.74,14.48
ES,CACHOEIRO DE ITAPEMIRIM,224496.0,26.51,23.71,5.2,14.46
SP,RUBIÁCEA,3380.0,40.26,8.43,20.84,14.44
MT,CARLINDA,11672.0,39.27,24.3,4.59,14.44
RO,SÃO FELIPE D OESTE,6840.0,28.67,21.05,7.81,14.43
MG,MORADA NOVA DE MINAS,10918.0,37.27,22.53,6.32,14.43
MG,SETE LAGOAS,280360.0,36.78,7.16,21.67,14.41
GO,CAÇU,16352.0,29.35,23.3,5.53,14.41
SP,TAMBAÚ,21035.0,38.01,10.58,18.13,14.4
AL,JAPARATINGA,11434.0,42.8,3.31,25.45,14.38
PR,SANTA LÚCIA,5230.0,37.6,16.41,12.35,14.38
PR,JATAIZINHO,15052.0,32.7,23.29,5.46,14.38
GO,CAMPO LIMPO DE GOIÁS,9664.0,30.35,17.94,10.82,14.38
GO,INACIOLÂNDIA,7314.0,47.58,25.79,2.95,14.37
SP,BRODOWSKI,25124.0,25.52,10.55,18.34,14.36
PR,BOM SUCESSO DO SUL,5014.0,29.23,25.61,3.11,14.36
SP,ARTUR NOGUEIRA,53889.0,32.03,17.02,11.61,14.36
RS,CARAZINHO,75500.0,34.89,8.83,19.88,14.35
RS,QUATRO IRMÃOS,2818.0,33.32,1.42,27.25,14.34
MG,CORDISBURGO,11238.0,44.81,5.21,23.46,14.34
PR,BOM JESUS DO SUL,5950.0,46.12,3.93,24.74,14.34
ES,IBITIRAMA,11476.0,24.23,17.36,11.31,14.33
SP,JACAREÍ,232534.0,32.82,13.7,15.01,14.33
SP,PEREIRA BARRETO,26361.0,37.97,10.36,18.24,14.29
SP,JABOTICABAL,71825.0,31.35,13.43,15.13,14.27
RO,NOVA MAMORÉ,26790.0,17.08,13.91,14.62,14.26
SC,JAGUARUNA,24466.0,23.15,18.37,10.13,14.25
SP,LENÇÓIS PAULISTA,71891.0,21.98,13.9,14.59,14.25
RS,GUAPORÉ,31934.0,19.28,9.07,19.42,14.24
RS,CERRO GRANDE DO SUL,11544.0,35.18,21.14,7.29,14.22
SP,MARINÓPOLIS,2414.0,39.56,8.4,19.76,14.21
SP,SANTO EXPEDITO,3955.0,39.49,6.57,22.46,14.21
SP,CARDOSO,12776.0,39.66,14.03,14.39,14.21
SP,MAUÁ,425332.0,48.2,17.49,10.91,14.21
RJ,CABO FRIO,250542.0,29.02,19.39,9.0,14.19
SP,AVANHANDAVA,10173.0,43.67,7.65,21.25,14.19
SP,IRAPUÃ,7589.0,28.05,10.27,18.18,14.18
SP,ITAJOBI,17584.0,18.19,6.88,21.58,14.18
MG,MONTES CLAROS,466346.0,43.77,6.06,22.31,14.18
AM,IRANDUBA,61592.0,49.86,6.4,21.95,14.18
GO,PLANALTINA,94750.0,43.44,19.65,8.7,14.17
SP,PARANAPANEMA,20178.0,40.64,15.82,12.53,14.17
AM,MANAUS,2399854.0,34.08,9.72,18.58,14.15
MT,SÃO JOSÉ DO XINGU,5888.0,32.8,20.58,7.71,14.15
SP,UNIÃO PAULISTA,1910.0,37.21,15.24,12.84,14.14
RJ,ITATIAIA,40242.0,37.5,18.21,10.05,14.13
PR,KALORÉ,6416.0,26.5,25.47,2.77,14.12
GO,CALDAS NOVAS,98518.0,31.3,25.26,2.98,14.12
SP,MONTE APRAZÍVEL,23109.0,30.86,10.54,17.71,14.1
RJ,JAPERI,117570.0,36.92,19.34,8.87,14.1
SP,UBIRAJARA,5520.0,35.11,7.33,20.39,14.09
RS,FLORES DA CUNHA,41862.0,15.15,8.02,20.16,14.09
SP,ITAPIRA,74128.0,28.4,17.76,10.44,14.08
MT,POXORÉU,19970.0,40.31,18.11,10.04,14.07
RS,SELBACH,7452.0,24.03,4.11,24.02,14.06
SP,IRAPURU,6461.0,39.32,10.13,18.06,14.05
PR,BOCAIÚVA DO SUL,15172.0,36.96,10.88,17.23,14.05
SP,JAMBEIRO,6947.0,38.7,11.66,16.36,14.03
SP,NOVA ALIANÇA,7626.0,21.5,11.08,16.73,14.02
SP,ILHA COMPRIDA,13407.0,40.41,16.06,11.87,14.01
SP,SANTA SALETE,2448.0,31.49,14.66,13.32,14.01
SC,PRESIDENTE CASTELLO BRANCO,2806.0,17.79,19.53,8.48,14.01
SP,LUCIANÓPOLIS,3114.0,43.21,5.18,23.36,14.0
SP,GASTÃO VIDIGAL,4188.0,42.41,9.99,18.19,13.99
SC,POUSO REDONDO,19492.0,18.98,24.14,3.83,13.99
MT,CAMPO VERDE,48170.0,26.8,22.03,5.95,13.99
SC,AGRONÔMICA,7458.0,15.78,16.33,11.64,13.98
RS,BARROS CASSAL,13584.0,47.65,3.89,24.07,13.98
MT,JUSCIMEIRA,13850.0,36.53,22.83,5.13,13.98
SP,SANTA CRUZ DO RIO PARDO,47399.0,23.85,9.91,18.08,13.98
MT,NOVA MARINGÁ,6064.0,16.8,15.57,12.4,13.98
SP,APARECIDA D OESTE,5388.0,42.2,14.22,13.7,13.96
RS,SINIMBU,12094.0,43.7,5.37,22.54,13.96
SP,ALFREDO MARCONDES,5633.0,34.13,6.1,22.41,13.95
SP,MONTE ALEGRE DO SUL,9738.0,29.5,14.28,13.63,13.95
SP,PARAIBUNA,19015.0,43.52,11.56,16.42,13.94
SC,GUARAMIRIM,51978.0,21.03,19.24,8.62,13.93
SP,MORUNGABA,14509.0,30.39,11.82,15.93,13.93
RJ,DUQUE DE CAXIAS,1059058.0,36.91,15.66,12.2,13.93
MG,BELO ORIENTE,29724.0,46.64,24.26,3.59,13.92
SP,CAIEIRAS,94423.0,43.55,14.12,13.7,13.91
SP,MESÓPOLIS,2553.0,47.84,3.39,23.82,13.91
RJ,MESQUITA,217154.0,33.71,15.39,12.42,13.9
GO,PALMELO,3590.0,46.22,25.13,2.67,13.9
SP,BOM JESUS DOS PERDÕES,25412.0,35.22,14.4,13.42,13.89
SC,MAREMA,3592.0,38.34,15.37,12.42,13.89
MT,ROSÁRIO OESTE,19594.0,43.82,18.62,9.16,13.89
PR,CRUZEIRO DO IGUAÇU,5968.0,46.66,13.57,14.21,13.89
RO,ALTO ALEGRE DOS PARECIS,12922.0,27.3,20.77,7.0,13.88
RS,ARARICÁ,9500.0,30.43,7.05,20.72,13.88
SP,ELDORADO,13707.0,43.24,9.77,18.2,13.88
RS,COLINAS,3932.0,32.95,3.76,23.96,13.86
RS,PANAMBI,53014.0,25.6,16.42,11.25,13.84
MT,VILA RICA,19658.0,25.67,22.77,4.91,13.84
SP,SÃO PEDRO,36883.0,24.53,19.66,8.62,13.84
PR,PÉROLA D OESTE,8758.0,44.75,14.89,12.79,13.84
RS,TRIUNFO,35126.0,33.02,12.13,15.5,13.82
MG,CORONEL FABRICIANO,123950.0,36.54,20.91,6.72,13.81
RJ,ITAPERUNA,115518.0,30.34,10.37,17.23,13.8
SP,PIRASSUNUNGA,75164.0,26.28,13.48,14.15,13.8
MG,TRÊS MARIAS,36332.0,41.05,5.46,22.13,13.79
RJ,ARMAÇÃO DOS BÚZIOS,50388.0,29.68,16.72,10.83,13.78
PR,BITURUNA,20104.0,49.92,8.93,18.6,13.77
PR,ARAUCÁRIA,171668.0,40.11,13.98,13.55,13.77
SP,GUARANI D OESTE,2284.0,44.79,6.41,20.47,13.75
RS,SANTA MARIA,330162.0,42.74,14.26,13.21,13.74
SP,CAJAMAR,92029.0,44.12,14.09,13.37,13.73
RS,PASSO FUNDO,241700.0,38.44,14.36,13.08,13.72
RJ,SÃO PEDRO DA ALDEIA,107820.0,24.02,17.01,10.44,13.72
RS,MACHADINHO,7972.0,31.82,4.24,23.21,13.72
AC,TARAUACÁ,38604.0,38.03,23.07,4.32,13.7
SP,JUNQUEIRÓPOLIS,19788.0,28.51,9.09,18.52,13.69
SP,TURMALINA,2354.0,43.95,7.63,19.48,13.68
RS,ITATI,5372.0,43.0,8.3,19.06,13.68
RS,NOVA HARTZ,24736.0,35.99,9.86,17.47,13.67
SP,BURI,22497.0,37.04,17.42,9.93,13.66
SP,AGUDOS,41233.0,28.96,10.03,17.27,13.65
RJ,NOVA IGUAÇU,969780.0,32.49,16.89,10.4,13.65
MT,ALTO GARÇAS,12426.0,30.26,18.45,8.85,13.65
SC,PALMA SOLA,9030.0,43.09,13.55,13.75,13.65
RS,ESTRELA,42142.0,23.96,7.21,20.08,13.64
SP,OSCAR BRESSANE,3424.0,24.9,8.1,19.71,13.64
GO,PIRACANJUBA,28116.0,40.66,23.48,3.78,13.63
SP,TUPI PAULISTA,15751.0,28.93,10.36,16.97,13.62
MG,SACRAMENTO,30828.0,36.61,13.42,13.83,13.62
RN,BOA SAÚDE,12406.0,42.72,17.44,9.75,13.6
RJ,NOVA FRIBURGO,238718.0,35.83,17.77,9.4,13.59
MT,BARRA DO BUGRES,35772.0,44.31,23.19,3.92,13.56
SP,BILAC,8785.0,25.8,7.35,20.09,13.55
GO,CAMPO ALEGRE DE GOIÁS,8316.0,41.78,24.89,2.14,13.52
SP,ECHAPORÃ,7306.0,29.44,10.48,16.53,13.52
RS,POUSO NOVO,2806.0,38.57,3.64,23.38,13.51
MG,LUISBURGO,8820.0,32.3,4.01,22.99,13.5
SC,FORQUILHINHA,34974.0,24.65,21.75,5.24,13.5
MS,AQUIDAUANA,52820.0,43.54,16.48,10.53,13.5
RS,GRAMADO,52634.0,21.58,12.53,14.43,13.48
SP,BENTO DE ABREU,2635.0,41.21,4.72,23.05,13.47
SP,JOSÉ BONIFÁCIO,38118.0,29.03,8.35,18.85,13.47
GO,CATURAÍ,7586.0,45.35,22.36,4.59,13.47
SP,LORENA,90050.0,30.25,14.09,12.85,13.46
PA,CONCEIÇÃO DO ARAGUAIA,49260.0,41.59,20.53,6.38,13.45
GO,TAQUARAL DE GOIÁS,6996.0,43.23,22.98,3.83,13.41
GO,PORANGATU,47388.0,37.24,12.88,13.94,13.41
RS,CACHOEIRA DO SUL,98736.0,35.2,6.86,19.94,13.4
RJ,ARRAIAL DO CABO,48466.0,31.4,14.4,12.4,13.4
SP,FLÓRIDA PAULISTA,11514.0,35.09,6.48,20.21,13.4
SP,LEME,100497.0,30.44,9.34,17.36,13.39
RJ,IGUABA GRANDE,41660.0,29.67,14.72,12.03,13.38
PR,NOVA AMÉRICA DA COLINA,5298.0,45.63,24.54,2.23,13.38
SP,IPEÚNA,7183.0,25.34,9.61,17.33,13.38
PR,REBOUÇAS,20208.0,43.44,20.25,6.51,13.38
SP,CABRÁLIA PAULISTA,4877.0,38.12,4.8,21.8,13.37
SP,IBATÉ,36508.0,41.53,8.42,18.37,13.36
ES,RIO BANANAL,23590.0,40.01,12.26,14.46,13.36
RS,BOQUEIRÃO DO LEÃO,9232.0,45.29,7.52,19.19,13.36
BA,ITAMARAJU,71046.0,45.21,9.18,17.5,13.34
SP,TAQUARITINGA,50421.0,34.89,9.76,17.23,13.33
TO,NOVO ACORDO,6206.0,42.5,10.83,15.82,13.33
SP,ÁGUAS DE LINDÓIA,20445.0,24.34,15.02,11.72,13.33
RS,PAULO BENTO,3664.0,37.6,8.3,18.34,13.32
RJ,TERESÓPOLIS,199720.0,27.86,13.73,12.91,13.32
SP,PARAÍSO,6445.0,28.78,9.1,17.79,13.31
SP,TEODORO SAMPAIO,22126.0,48.54,7.58,19.63,13.3
PR,PIRAQUARA,110472.0,38.14,11.73,14.87,13.3
RS,SÃO MARCOS,28062.0,19.59,9.9,16.69,13.3
SC,CHAPADÃO DO LAGEADO,4528.0,27.29,16.25,10.34,13.3
SP,CRUZEIRO,78906.0,35.77,12.2,14.46,13.3
SP,POTIM,18718.0,33.29,15.13,11.42,13.29
PR,PRUDENTÓPOLIS,63376.0,22.89,10.43,16.15,13.29
SP,CAPÃO BONITO,48853.0,34.2,16.44,10.01,13.29
PR,FAZENDA RIO GRANDE,130892.0,35.15,12.39,14.18,13.29
SC,IRACEMINHA,6218.0,28.59,14.92,11.64,13.28
PR,GENERAL CARNEIRO,13364.0,46.4,15.91,10.66,13.28
TO,PALMEIRÓPOLIS,8976.0,41.71,11.5,15.0,13.25
RO,ESPIGÃO DO OESTE,36482.0,20.22,15.75,10.75,13.25
MT,CONFRESA,32314.0,26.12,21.04,5.45,13.25
RJ,CAMPOS DOS GOYTACAZES,576916.0,32.33,14.49,12.02,13.25
SP,NOVA CASTILHO,2003.0,37.3,9.73,16.7,13.23
SP,PRESIDENTE ALVES,4574.0,31.42,11.31,15.16,13.23
SC,VITOR MEIRELES,7286.0,30.15,20.04,6.4,13.22
SP,MONTE CASTELO,5204.0,40.99,6.71,20.14,13.22
PR,JAGUAPITÃ,16564.0,37.2,21.81,4.64,13.22
RJ,SÃO FRANCISCO DE ITABAPOANA,56812.0,26.42,16.84,9.6,13.22
RJ,MIGUEL PEREIRA,37348.0,37.11,16.87,9.58,13.22
PR,MANGUEIRINHA,21794.0,49.58,12.68,13.74,13.21
SC,MAJOR GERCINO,5036.0,22.15,19.3,7.07,13.19
SP,SÃO JOÃO DA BOA VISTA,94819.0,30.33,14.86,11.46,13.18
SP,PARANAPUÃ,5037.0,39.16,8.33,17.77,13.18
SP,ALVINLÂNDIA,3473.0,47.12,11.33,14.92,13.16
SP,PORTO FELIZ,55022.0,27.77,9.65,17.01,13.16
RS,SENADOR SALGADO FILHO,4578.0,28.28,5.59,20.71,13.15
MT,SINOP,163790.0,19.69,17.92,8.35,13.14
SP,CRUZÁLIA,3014.0,43.54,6.33,20.47,13.14
SP,ORLÂNDIA,41729.0,33.95,7.58,19.38,13.14
PR,MARINGÁ,471524.0,28.06,10.63,15.63,13.13
SC,VIDAL RAMOS,9172.0,19.96,8.7,17.55,13.13
SP,PARIQUERA-AÇU,19885.0,23.7,15.22,10.92,13.12
MG,ANGELÂNDIA,9386.0,48.91,19.99,6.22,13.1
MT,LUCAS DO RIO VERDE,74248.0,21.56,23.21,3.0,13.1
SC,CONCÓRDIA,97376.0,25.49,18.07,8.13,13.1
SC,PRESIDENTE GETÚLIO,22496.0,14.75,16.07,10.13,13.1
SP,SANTA GERTRUDES,27981.0,26.77,9.93,16.24,13.1
ES,IBIRAÇU,15252.0,36.79,9.45,16.72,13.09
SP,SERTÃOZINHO,129353.0,38.42,12.09,14.1,13.08
MT,DENISE,9024.0,39.64,19.13,7.0,13.07
SP,VISTA ALEGRE DO ALTO,8219.0,35.12,5.0,22.16,13.07
SP,SÃO LUÍS DO PARAITINGA,13968.0,44.62,10.61,15.66,13.07
RJ,VASSOURAS,46714.0,44.02,14.09,12.04,13.07
MG,CARMO DO PARANAÍBA,33520.0,30.58,6.46,19.66,13.06
AL,SÃO JOSÉ DA LAJE,25786.0,49.27,5.89,20.22,13.05
GO,SÃO JOÃO DA PARAÚNA,3374.0,45.36,23.71,2.37,13.04
SP,BOFETE,10350.0,31.23,7.94,18.35,13.03
SP,PRADÓPOLIS,19084.0,39.41,13.58,12.44,13.02
SP,GUARATINGUETÁ,127634.0,30.26,14.14,11.82,13.02
MG,ESMERALDAS,82448.0,48.0,9.1,16.89,13.0
SC,CORUPÁ,19970.0,21.6,19.8,6.2,13.0
ES,ANCHIETA,37664.0,36.56,15.28,10.7,12.99
PR,CAMPINA GRANDE DO SUL,54122.0,30.36,11.64,14.29,12.97
MG,JOÃO MONLEVADE,95630.0,44.57,10.68,15.26,12.97
GO,SANTO ANTÔNIO DA BARRA,6328.0,47.75,24.75,1.2,12.97
MT,SÃO JOSÉ DO RIO CLARO,17006.0,19.47,19.05,6.88,12.97
ES,ALFREDO CHAVES,19402.0,26.65,9.56,16.37,12.96
TO,MIRANORTE,15734.0,47.55,12.28,13.64,12.96
RS,ROLANTE,27792.0,30.65,10.41,15.51,12.96
MS,MARACAJU,44504.0,27.8,11.41,14.52,12.96
SC,ITUPORANGA,31956.0,16.25,13.22,12.7,12.96
SP,VITÓRIA BRASIL,2155.0,43.18,9.51,16.23,12.95
RS,FORMIGUEIRO,9202.0,43.39,5.17,20.73,12.95
SC,LINDÓIA DO SUL,5996.0,28.45,22.21,3.67,12.94
GO,MONTES CLAROS DE GOIÁS,10506.0,27.59,20.16,5.73,12.94
SP,REGINÓPOLIS,6861.0,30.76,10.72,15.11,12.94
MS,CASSILÂNDIA,22766.0,28.14,8.5,17.39,12.94
MG,VARGINHA,165932.0,34.83,8.31,17.56,12.93
SP,DOIS CÓRREGOS,25976.0,29.53,6.95,18.87,12.93
PR,TAMARANA,13020.0,39.99,21.72,4.13,12.93
SP,RINÓPOLIS,10147.0,29.18,12.51,13.34,12.93
SP,ITAPORANGA,14823.0,31.35,7.88,18.18,12.92
PR,SÃO JORGE D OESTE,13556.0,41.6,17.88,7.95,12.92
SP,PRESIDENTE EPITÁCIO,38076.0,36.43,7.85,18.15,12.92
MG,CORONEL PACHECO,4700.0,44.23,17.15,8.64,12.89
PR,BARRACÃO,12116.0,37.31,12.68,13.06,12.87
RS,SÃO PEDRO DO BUTIÁ,4444.0,38.21,13.32,12.42,12.87
ES,SOORETAMA,30050.0,47.07,15.31,10.42,12.87
SP,OCAUÇU,5041.0,40.56,7.63,17.91,12.85
MT,SALTO DO CÉU,4562.0,30.84,13.55,12.14,12.85
SP,BASTOS,24100.0,26.44,8.22,17.56,12.85
MG,BOM DESPACHO,60016.0,29.05,7.84,17.87,12.85
MG,IGARAPÉ,50478.0,45.1,7.74,17.96,12.85
GO,ANICUNS,24376.0,34.54,22.96,2.72,12.84
ES,MONTANHA,22212.0,46.55,11.88,13.81,12.84
SP,ITAQUAQUECETUBA,356734.0,48.26,9.88,15.74,12.83
MG,TIRADENTES,11362.0,46.82,11.86,13.8,12.83
RS,CHAPADA,13514.0,32.5,4.59,21.04,12.82
SP,SANTA CRUZ DA CONCEIÇÃO,5191.0,26.73,8.79,16.65,12.81
SP,OURINHOS,103935.0,32.89,9.16,17.03,12.81
SC,TIMBÓ GRANDE,8820.0,45.47,19.0,6.62,12.81
RS,TUCUNDUVA,8090.0,26.31,2.03,23.56,12.79
RS,LAJEADO DO BUGRE,3224.0,41.1,2.92,22.64,12.78
SP,QUINTANA,7782.0,28.79,6.9,18.59,12.76
RS,SALTO DO JACUÍ,12942.0,47.36,10.42,15.1,12.76
SP,IPIGUÁ,5766.0,24.69,10.95,14.62,12.76
MT,JAURU,10096.0,23.26,12.48,13.0,12.74
SP,ADAMANTINA,35898.0,23.58,10.35,15.15,12.74
SC,SÃO LUDGERO,15724.0,16.97,19.77,5.71,12.74
SP,PIRAJU,30833.0,41.07,13.26,12.25,12.74
SP,CAMPO LIMPO PAULISTA,85298.0,37.05,12.13,13.33,12.74
SP,BÁLSAMO,10515.0,30.19,7.25,18.75,12.74
SP,SANTA ADÉLIA,15427.0,35.59,5.87,20.33,12.73
MS,JARDIM,26662.0,32.64,9.44,16.02,12.73
RJ,SANTA MARIA MADALENA,14086.0,42.63,19.04,6.42,12.73
SC,WITMARSUM,5814.0,20.63,19.64,5.81,12.73
SP,JUNDIAÍ,464824.0,31.83,15.1,10.32,12.73
AC,JORDÃO,8292.0,40.86,24.53,0.92,12.72
RS,PAVERAMA,9780.0,37.2,4.34,21.1,12.72
SP,PENÁPOLIS,61568.0,30.03,13.68,11.73,12.71
RS,GUARANI DAS MISSÕES,10208.0,34.67,5.29,20.12,12.71
MG,PERIQUITO,9220.0,49.53,16.57,8.83,12.7
PR,VITORINO,8988.0,36.24,16.82,8.57,12.69
SP,SALTO,133688.0,34.12,13.23,12.05,12.65
SP,PALESTINA,11995.0,39.31,10.54,14.77,12.64
RS,DOUTOR RICARDO,3426.0,21.79,9.22,16.05,12.64
RO,PIMENTA BUENO,40756.0,21.26,18.08,7.19,12.64
SP,FARTURA,17422.0,43.91,10.01,15.42,12.63
RS,SOBRADINHO,18104.0,32.18,5.81,19.43,12.62
SP,QUATÁ,13465.0,29.27,9.88,15.45,12.61
MG,SÃO DOMINGOS DAS DORES,8346.0,40.55,6.3,18.91,12.6
MT,ACORIZAL,11150.0,43.4,18.04,7.16,12.6
MG,BURITIS,28308.0,42.87,21.39,3.82,12.6
SP,CASA BRANCA,26705.0,26.69,11.29,13.91,12.6
SP,ÁGUAS DA PRATA,8384.0,25.09,11.42,13.8,12.6
MS,CORGUINHO,6112.0,44.48,8.48,16.69,12.58
SP,FLORA RICA,2100.0,49.07,9.8,15.4,12.57
RJ,BARRA MANSA,215500.0,40.87,11.32,13.81,12.57
SC,RIO DO SUL,82066.0,20.09,17.09,8.05,12.57
SC,GUARACIABA,15242.0,37.42,12.98,12.14,12.56
RR,SÃO LUIZ,10086.0,16.13,10.45,14.67,12.56
GO,CATALÃO,115538.0,44.92,22.24,2.85,12.55
PR,NOVO ITACOLOMI,4802.0,33.61,16.03,9.04,12.54
SP,JUQUIÁ,19867.0,30.56,15.97,8.94,12.54
MG,RIBEIRÃO DAS NEVES,352076.0,45.62,12.42,12.66,12.54
MG,ALTEROSA,19302.0,38.66,21.02,4.03,12.53
SP,CHAVANTES,12600.0,37.08,9.01,16.35,12.53
ES,MUNIZ FREIRE,22148.0,41.61,17.68,7.35,12.52
RS,PROGRESSO,8652.0,41.56,3.4,21.64,12.52
MS,INOCÊNCIA,9244.0,38.87,3.53,21.51,12.52
RS,SANTO ANTÔNIO DO PALMA,3322.0,35.82,11.14,13.91,12.52
RJ,SEROPÉDICA,91834.0,33.34,14.35,10.65,12.5
RJ,CANTAGALO,25192.0,37.93,16.18,8.81,12.5
SP,PEDRINHAS PAULISTA,4049.0,43.05,7.44,17.07,12.5
TO,SANTA RITA DO TOCANTINS,3350.0,34.31,10.51,14.45,12.48
RS,GRAMADO XAVIER,4982.0,47.05,2.53,22.44,12.48
PR,BARRA DO JACARÉ,4342.0,38.2,23.22,1.75,12.48
MT,TORIXORÉU,5402.0,40.03,9.48,15.48,12.48
SC,IPUMIRIM,10134.0,35.78,16.66,8.31,12.48
MT,RESERVA DO CABAÇAL,2766.0,42.57,13.02,11.93,12.47
RJ,ITABORAÍ,276524.0,37.27,15.44,9.49,12.47
PR,MEDIANEIRA,60408.0,27.05,16.76,8.18,12.47
SP,CARAGUATATUBA,136278.0,35.86,15.44,9.63,12.46
MG,CAXAMBU,26150.0,48.07,12.02,12.9,12.46
MG,FORMIGA,86104.0,33.21,9.08,15.81,12.45
RS,DOIS LAJEADOS,5086.0,23.35,4.44,20.45,12.45
SP,GUARARAPES,31325.0,30.73,15.51,9.14,12.43
PR,ORTIGUEIRA,29012.0,48.71,16.39,8.47,12.43
MG,FERNANDES TOURINHO,3876.0,43.86,1.55,23.27,12.41
PR,TEIXEIRA SOARES,12956.0,33.43,12.69,12.13,12.41
SP,MONÇÕES,2973.0,30.2,10.26,14.67,12.41
SP,ÁLVARES MACHADO,26076.0,32.45,6.51,18.69,12.41
RO,RIO CRESPO,4778.0,17.39,21.56,3.26,12.41
SP,TABAPUÃ,12832.0,27.87,5.35,20.01,12.41
SP,CANAS,5381.0,34.23,8.79,16.21,12.4
RJ,PORTO REAL,28678.0,35.65,14.06,10.71,12.39
RS,COXILHA,4576.0,35.62,16.0,8.74,12.37
PR,ALVORADA DO SUL,11224.0,36.64,20.42,4.29,12.36
PA,MARABÁ,284772.0,41.08,19.87,4.86,12.36
SP,ROSEIRA,12247.0,34.9,12.03,12.65,12.34
SP,IRACEMÁPOLIS,26948.0,24.86,6.68,17.98,12.32
SP,ITÁPOLIS,39808.0,26.19,12.34,12.31,12.32
SP,ÁGUAS DE SANTA BÁRBARA,7043.0,28.08,10.33,14.29,12.31
MG,CACHOEIRA DA PRATA,5734.0,43.52,6.03,18.56,12.3
SP,ÓLEO,3389.0,26.5,8.48,16.31,12.3
SP,MIRASSOLÂNDIA,5665.0,26.04,7.15,17.55,12.29
SP,ITOBI,8151.0,37.08,19.69,4.41,12.29
SP,AGUAÍ,32190.0,37.34,11.59,12.98,12.28
RJ,MENDES,24516.0,41.08,15.02,9.54,12.28
MT,NOVO MUNDO,7758.0,23.43,21.66,2.91,12.28
PR,SANTO ANTÔNIO DA PLATINA,51460.0,33.83,18.88,5.65,12.26
MT,PONTAL DO ARAGUAIA,7608.0,28.3,16.46,8.07,12.26
ES,DORES DO RIO PRETO,9666.0,40.53,21.95,2.55,12.25
SP,SAGRES,2799.0,31.53,8.86,16.18,12.25
GO,ALTO HORIZONTE,9132.0,35.02,19.82,4.66,12.24
RS,TUPARENDI,11874.0,18.04,2.22,22.23,12.23
MG,NOVA PONTE,19086.0,43.39,12.78,11.67,12.23
GO,NOVO PLANALTO,5660.0,43.54,20.85,3.6,12.23
PR,ASSAÍ,19512.0,25.14,20.9,3.54,12.22
SP,CAJOBI,9981.0,33.45,11.63,12.89,12.22
SP,MONTE AZUL PAULISTA,20156.0,31.59,8.98,15.68,12.2
SP,NAZARÉ PAULISTA,20733.0,33.52,14.68,9.83,12.19
GO,GOIANÁPOLIS,16410.0,23.42,19.7,4.69,12.19
PA,REDENÇÃO,95652.0,26.66,13.67,10.69,12.18
RJ,CACHOEIRAS DE MACACU,70696.0,34.25,13.02,11.32,12.17
PR,FLORESTÓPOLIS,15652.0,46.75,19.84,4.49,12.16
RS,DOM FELICIANO,17120.0,47.71,11.5,12.8,12.15
MG,ROCHEDO DE MINAS,3896.0,37.87,7.19,17.09,12.14
PR,ROLÂNDIA,78248.0,22.18,16.32,7.95,12.13
GO,FAZENDA NOVA,8602.0,40.56,16.55,7.7,12.13
RS,NOVA BASSANO,12408.0,9.67,5.13,19.12,12.12
PR,CALIFÓRNIA,11362.0,25.92,10.1,14.13,12.12
SC,MIRIM DOCE,3918.0,22.53,11.18,13.07,12.12
RS,SANTO ÂNGELO,94168.0,40.42,11.75,12.49,12.12
SP,PACAEMBU,11074.0,29.28,11.37,12.89,12.12
ES,CARIACICA,435412.0,38.75,11.53,12.69,12.11
RJ,MANGARATIBA,58750.0,31.57,12.73,11.5,12.11
MT,BARRA DO GARÇAS,68444.0,34.48,19.41,4.79,12.1
GO,HIDROLÂNDIA,29328.0,38.57,20.3,3.88,12.09
PR,SANTO ANTÔNIO DO SUDOESTE,24776.0,44.43,11.99,12.2,12.09
SP,LUTÉCIA,3433.0,42.75,6.4,18.12,12.09
RS,GARIBALDI,44508.0,20.7,13.49,10.69,12.09
MS,ANASTÁCIO,27090.0,41.02,14.07,10.09,12.08
MT,GUARANTÃ DO NORTE,32680.0,17.3,18.98,5.18,12.08
SP,SUMARÉ,257519.0,37.87,10.03,14.42,12.08
SC,RIO DOS CEDROS,14538.0,17.49,16.05,8.1,12.08
RO,ALTO PARAÍSO,17254.0,21.88,16.45,7.69,12.07
RS,ARROIO DO TIGRE,17180.0,34.79,2.78,21.35,12.07
SP,TRÊS FRONTEIRAS,6157.0,30.73,11.96,12.18,12.07
SP,VALENTIM GENTIL,14698.0,31.34,8.92,15.14,12.07
RJ,SÃO GONÇALO,1036816.0,39.69,12.82,11.32,12.07
RJ,MACAÉ,263730.0,40.72,12.32,11.8,12.06
RO,CASTANHEIRAS,4592.0,34.63,19.95,4.18,12.06
GO,MUTUNÓPOLIS,5240.0,39.1,9.43,14.69,12.06
MT,SANTA RITA DO TRIVELATO,3316.0,27.84,13.09,11.04,12.06
SC,TROMBUDO CENTRAL,8808.0,18.02,18.48,5.61,12.05
RS,TENENTE PORTELA,17214.0,48.58,5.03,19.05,12.04
ES,PRESIDENTE KENNEDY,19654.0,29.51,21.72,2.35,12.03
SP,ESTIVA GERBI,12689.0,28.65,10.24,13.79,12.03
SP,BATATAIS,58075.0,38.56,12.19,11.83,12.02
MG,ALFENAS,93996.0,36.35,14.66,9.39,12.02
MG,POUSO ALTO,9002.0,28.31,3.93,20.08,12.01
PR,JAGUARIAÍVA,41500.0,30.86,7.81,16.21,12.01
SC,ARMAZÉM,11216.0,22.44,14.87,9.15,12.01
MG,MOEDA,8442.0,42.9,6.28,17.72,12.0
GO,JANDAIA,9422.0,33.05,19.15,4.86,12.0
SP,ANHEMBI,7402.0,33.48,9.87,14.06,12.0
SP,PITANGUEIRAS,35167.0,37.86,6.84,17.39,11.99
SP,BOCAINA,12122.0,26.2,6.97,17.2,11.99
PR,SÃO JERÔNIMO DA SERRA,12878.0,46.99,20.21,3.77,11.99
MG,PEDRINÓPOLIS,5044.0,41.15,9.79,14.2,11.99
RS,TURUÇU,5574.0,28.44,7.79,16.18,11.98
MG,NANUQUE,41114.0,45.0,3.83,20.13,11.98
RS,ERNESTINA,4794.0,37.58,10.51,13.43,11.97
RS,NOVA PETRÓPOLIS,29018.0,22.18,14.52,9.42,11.97
RS,VANINI,3462.0,28.79,7.86,16.06,11.96
PR,MARIALVA,46884.0,29.51,7.2,16.71,11.95
RS,FREDERICO WESTPHALEN,41206.0,32.01,4.77,19.12,11.94
GO,OURO VERDE DE GOIÁS,6040.0,40.66,14.11,9.74,11.92
GO,SANTA TEREZINHA DE GOIÁS,11926.0,46.97,16.27,7.56,11.92
ES,ITARANA,14966.0,28.64,8.73,15.09,11.91
SP,URU,1958.0,29.64,17.41,6.55,11.9
SP,CATIGUÁ,8696.0,33.7,8.22,15.63,11.87
TO,PUGMIL,3336.0,37.07,8.45,15.29,11.87
RS,CÂNDIDO GODÓI,9938.0,27.77,4.95,18.8,11.87
MT,CLÁUDIA,12586.0,20.76,16.51,7.23,11.87
RS,PINHAL DA SERRA,3810.0,43.96,9.29,14.44,11.86
SP,SEVERÍNIA,17325.0,36.62,9.91,13.83,11.86
RS,MUÇUM,7012.0,27.94,8.78,14.92,11.85
RS,CAMBARÁ DO SUL,8132.0,31.59,11.24,12.44,11.84
SP,VARGEM GRANDE DO SUL,43098.0,29.87,16.95,6.54,11.84
RS,TRAVESSEIRO,3450.0,38.03,3.25,20.41,11.83
SP,CAÇAPAVA,99698.0,29.37,14.38,8.99,11.83
MT,RIO BRANCO,6060.0,39.04,14.03,9.64,11.83
RJ,SÃO JOSÉ DO VALE DO RIO PRETO,25896.0,18.62,12.71,10.92,11.82
SP,ESPÍRITO SANTO DO TURVO,4892.0,40.07,4.17,19.75,11.82
SP,SUZANO,321241.0,41.86,13.11,10.51,11.82
SC,SÃO JOÃO DO ITAPERIÚ,6158.0,18.57,14.81,8.83,11.82
PR,PRESIDENTE CASTELO BRANCO,6310.0,41.82,13.41,10.21,11.81
BA,ITABUNA,234980.0,47.92,12.44,11.16,11.8
RJ,MAGÉ,310290.0,35.28,17.22,6.39,11.8
SP,SÃO JOSÉ DO RIO PARDO,53423.0,31.69,12.08,11.49,11.79
MG,SÃO JOÃO DEL REI,113222.0,42.7,10.85,12.71,11.78
SP,TERRA ROXA,8803.0,41.42,7.01,17.03,11.76
SP,LUIZIÂNIA,5236.0,33.99,5.43,18.41,11.75
SP,GUAIÇARA,10459.0,29.67,11.21,12.27,11.74
SP,UBARANA,6319.0,33.33,5.98,17.55,11.73
SP,IPAUSSU,15618.0,25.48,9.29,14.15,11.72
PR,PORECATU,15302.0,43.39,16.18,7.25,11.72
SP,SOCORRO,41576.0,22.05,13.36,10.13,11.72
RS,VENÂNCIO AIRES,89102.0,31.75,12.49,10.94,11.72
RS,WESTFALIA,4566.0,20.22,4.6,18.79,11.7
RS,BENTO GONÇALVES,150686.0,20.71,13.5,9.88,11.69
SP,MACATUBA,19046.0,24.92,10.56,12.79,11.68
SP,GUARAÇAÍ,8771.0,32.67,6.76,17.03,11.67
SP,BORÁ,1414.0,41.77,5.87,18.52,11.67
SP,CÂNDIDO MOTA,33427.0,24.46,9.43,13.89,11.66
ES,CASTELO,46522.0,22.46,19.92,3.39,11.66
SP,RIFAINA,6182.0,39.95,7.87,15.75,11.65
PR,JANIÓPOLIS,7688.0,45.47,4.29,19.02,11.65
RS,ALEGRETE,85138.0,47.87,12.3,10.99,11.65
MG,JOANÉSIA,7132.0,45.52,17.5,5.8,11.65
SP,RANCHARIA,31150.0,37.61,7.76,15.57,11.64
TO,LAGOA DA CONFUSÃO,13620.0,41.8,7.33,15.92,11.62
SP,PIRAPOZINHO,27932.0,35.59,5.7,17.71,11.62
RS,VITÓRIA DAS MISSÕES,5506.0,43.89,3.09,20.16,11.62
TO,BANDEIRANTES DO TOCANTINS,4450.0,43.4,4.99,18.25,11.62
RS,TEUTÔNIA,42428.0,31.42,8.38,14.84,11.61
SP,RUBINÉIA,4474.0,34.62,11.54,11.66,11.6
ES,IBATIBA,29744.0,24.35,13.82,9.38,11.6
MT,ALTO TAQUARI,10922.0,28.59,11.26,11.92,11.59
PA,XINGUARA,53728.0,34.4,13.83,9.35,11.59
SP,SANTA ISABEL,63017.0,31.31,9.43,13.7,11.57
MG,ABADIA DOS DOURADOS,9212.0,49.17,12.44,10.7,11.57
BA,IBIRAPUÃ,11766.0,42.05,5.37,17.75,11.56
RS,VALE REAL,8182.0,28.34,9.34,13.76,11.55
SC,CAÇADOR,83360.0,35.67,12.73,10.36,11.55
SP,INDIANA,5608.0,31.4,10.2,13.03,11.55
SP,IBIRAREMA,7186.0,28.56,17.65,5.85,11.54
RS,NOVA BOA VISTA,3526.0,24.57,4.08,19.0,11.54
RS,TABAÍ,6520.0,40.08,5.86,17.21,11.53
SP,JOANÓPOLIS,13116.0,28.44,16.35,6.95,11.52
MT,NOBRES,18310.0,29.1,12.28,10.77,11.52
RS,IMIGRANTE,4400.0,29.56,4.32,18.73,11.52
PR,BARBOSA FERRAZ,13404.0,39.18,14.67,8.37,11.52
RS,BOA VISTA DO INCRA,3736.0,30.65,2.52,20.5,11.51
SP,SEBASTIANÓPOLIS DO SUL,4108.0,34.24,6.15,17.02,11.51
PR,SANTA AMÉLIA,4882.0,46.0,20.52,2.5,11.51
RS,PARAÍ,10414.0,16.54,6.99,16.04,11.51
RS,PARECI NOVO,5728.0,27.92,7.02,15.99,11.5
MT,MATUPÁ,19538.0,20.21,17.36,5.61,11.49
RJ,NILÓPOLIS,209216.0,34.73,12.73,10.25,11.49
GO,ORIZONA,18778.0,39.62,18.6,4.39,11.49
MG,ARAXÁ,125800.0,39.52,5.02,17.95,11.49
SC,TUBARÃO,129616.0,21.49,13.58,9.39,11.49
SP,SÃO PEDRO DO TURVO,7746.0,35.98,7.08,16.13,11.46
MS,RIBAS DO RIO PARDO,20564.0,41.82,10.85,12.07,11.46
SC,DONA EMMA,5400.0,22.42,14.93,7.96,11.44
RJ,SÃO FIDÉLIS,47520.0,34.37,12.8,10.08,11.44
RS,ROCA SALES,13482.0,29.26,10.67,12.22,11.44
SP,ITAOCA,3901.0,47.68,8.98,13.95,11.43
RS,IBIRUBÁ,27698.0,29.35,9.46,13.39,11.42
GO,AURILÂNDIA,4892.0,44.67,17.46,5.36,11.41
RJ,CORDEIRO,27370.0,43.04,16.49,6.34,11.41
SP,PIRANGI,11731.0,24.37,9.62,13.22,11.4
SP,CLEMENTINA,7720.0,33.12,6.89,16.17,11.39
AM,TAPAUÁ,19404.0,48.38,2.1,20.68,11.39
SP,BALBINOS,2001.0,40.89,10.11,12.73,11.39
PR,ARARUNA,17992.0,32.08,9.29,13.48,11.39
MG,SÃO SEBASTIÃO DO OESTE,10336.0,38.43,9.19,13.56,11.38
RS,INHACORÁ,3216.0,38.86,1.87,20.9,11.38
SP,DESCALVADO,34721.0,27.18,12.78,9.95,11.38
SP,PALMITAL,23416.0,28.04,10.53,12.23,11.38
PR,CAMPO DO TENENTE,10242.0,28.4,3.75,18.96,11.36
MG,CURVELO,91850.0,47.18,14.22,8.51,11.36
SP,JAÚ,138779.0,24.25,8.67,14.07,11.36
MS,SETE QUEDAS,11178.0,33.74,6.19,16.53,11.36
TO,GUARAÍ,27478.0,41.0,9.84,12.85,11.35
SP,IPUÃ,15749.0,48.67,5.24,18.12,11.34
PR,PALMITAL,16988.0,48.93,10.16,12.53,11.34
PR,RIO BRANCO DO SUL,44000.0,48.68,8.91,13.76,11.34
MG,PERDIZES,20108.0,39.05,8.79,13.86,11.32
SP,CACONDE,17887.0,41.17,13.02,9.52,11.32
RS,TRÊS CACHOEIRAS,13654.0,18.88,9.8,12.83,11.32
MG,SÃO GONÇALO DO SAPUCAÍ,29008.0,38.64,4.47,18.15,11.31
ES,SANTA LEOPOLDINA,16128.0,41.99,8.87,13.73,11.3
PR,NOVA ESPERANÇA,31750.0,31.35,11.99,10.61,11.3
SP,TAIÚVA,5562.0,25.11,13.82,8.38,11.29
MT,CHAPADA DOS GUIMARÃES,25670.0,44.23,16.67,5.9,11.29
SP,NARANDIBA,6138.0,38.52,4.12,17.77,11.29
RS,SÃO SEBASTIÃO DO CAÍ,28914.0,31.9,10.35,12.22,11.29
GO,MINAÇU,33328.0,41.16,12.11,10.45,11.28
PA,SÃO GERALDO DO ARAGUAIA,30230.0,40.94,20.54,2.03,11.28
SP,PINHALZINHO,15461.0,26.65,12.35,10.24,11.27
PR,QUEDAS DO IGUAÇU,36918.0,36.85,15.41,7.13,11.27
AL,SATUBA,20894.0,48.3,4.58,17.97,11.27
MG,ALTO JEQUITIBÁ,11284.0,32.97,3.97,18.57,11.27
MG,TUPACIGUARA,30960.0,49.58,9.32,13.17,11.24
SP,PIRACAIA,29582.0,28.96,12.33,10.2,11.23
SP,SANTA BRANCA,17412.0,32.22,10.73,11.74,11.23
RS,TAQUARUÇU DO SUL,4754.0,39.54,8.96,13.5,11.23
SP,BROTAS,24000.0,26.61,12.0,10.43,11.23
SP,PEREIRAS,9359.0,37.96,11.18,11.26,11.22
SP,POÁ,135516.0,43.73,12.97,9.5,11.22
RS,PALMEIRA DAS MISSÕES,39722.0,41.54,9.45,12.97,11.21
MS,ITAQUIRAÍ,20538.0,42.38,5.51,16.89,11.2
RS,CAMPESTRE DA SERRA,4484.0,14.8,5.49,16.9,11.2
RS,ARROIO DO SAL,12410.0,28.67,13.33,9.06,11.19
SP,ALTINÓPOLIS,17220.0,40.65,8.62,13.97,11.18
RS,UNIÃO DA SERRA,2560.0,13.81,4.84,17.5,11.17
MG,JAPARAÍBA,5844.0,47.11,5.0,17.32,11.16
GO,PIRES DO RIO,33226.0,31.77,18.58,3.71,11.14
MG,SANTO ANTÔNIO DO MONTE,32244.0,23.2,15.79,6.48,11.13
RS,PINHAL,3988.0,26.88,4.56,17.7,11.13
MG,MATEUS LEME,42382.0,42.11,9.49,12.76,11.13
PR,PAIÇANDU,46090.0,37.48,11.66,10.59,11.12
SP,COLINA,18056.0,40.96,8.86,13.58,11.11
RS,SARANDI,28460.0,31.17,6.22,15.98,11.1
RS,CARAÁ,10004.0,36.93,4.48,17.69,11.09
SP,PRESIDENTE VENCESLAU,38290.0,27.74,8.7,13.51,11.09
RJ,AREAL,15846.0,31.74,9.81,12.33,11.07
PR,ARAPONGAS,134242.0,20.47,16.98,5.13,11.06
RO,ROLIM DE MOURA,59790.0,22.3,17.02,5.11,11.06
SP,PEDRANÓPOLIS,3629.0,28.37,6.92,14.95,11.05
TO,PONTE ALTA DO TOCANTINS,8566.0,46.61,10.88,11.21,11.04
MG,CAETÉ,53844.0,49.25,10.19,11.9,11.04
RS,NOVA PÁDUA,4090.0,11.01,6.41,15.65,11.03
RS,CHARRUA,4088.0,41.43,3.13,18.93,11.03
RJ,VARRE-SAI,13554.0,31.54,17.49,4.56,11.02
SC,SÃO MARTINHO,5672.0,14.38,15.83,6.21,11.02
SP,CABREÚVA,49736.0,32.85,12.16,9.87,11.01
MG,FLORESTAL,10582.0,43.73,9.36,12.66,11.01
SP,URUPÊS,14576.0,27.26,5.38,17.2,11.01
SP,ARUJÁ,100707.0,37.87,10.84,11.13,10.99
MG,BOM SUCESSO,23228.0,49.46,9.44,12.52,10.98
SP,ITUPEVA,60423.0,31.78,13.02,8.8,10.97
RS,PICADA CAFÉ,7620.0,16.07,6.67,15.25,10.96
MG,LUMINÁRIAS,7282.0,44.16,4.26,17.66,10.96
ES,BREJETUBA,15034.0,31.09,15.87,6.0,10.94
MS,AMAMBAI,39992.0,37.87,14.25,7.62,10.94
MT,ITIQUIRA,13324.0,38.91,14.76,7.1,10.93
ES,ICONHA,18356.0,32.75,13.25,8.62,10.93
RS,ALEGRIA,5524.0,37.27,1.67,20.17,10.92
RS,NICOLAU VERGUEIRO,3578.0,35.4,9.84,11.96,10.9
SP,BRAÚNA,6397.0,31.16,9.61,12.22,10.9
RS,VACARIA,73472.0,27.27,8.17,13.62,10.89
SP,PEDREIRA,48122.0,24.26,8.25,13.35,10.89
SP,PEDERNEIRAS,47402.0,27.1,8.97,12.75,10.88
ES,ARACRUZ,111634.0,37.93,13.82,7.92,10.87
SP,ITAÍ,24150.0,45.58,9.14,12.59,10.87
RS,BOM PRINCÍPIO,17790.0,20.1,8.43,13.3,10.87
RS,SANTO ANTÔNIO DA PATRULHA,53472.0,35.24,13.35,8.36,10.86
SP,LUPÉRCIO,4811.0,43.63,6.94,14.77,10.85
MG,IAPU,12412.0,47.41,16.39,5.29,10.84
SP,IACANGA,12310.0,34.83,8.05,13.64,10.84
RJ,NATIVIDADE,19894.0,40.56,12.37,9.3,10.83
MT,SANTA CRUZ DO XINGU,2640.0,25.38,17.88,3.79,10.83
PR,PORTO BARREIRO,5216.0,46.09,18.6,3.07,10.83
TO,ALIANÇA DO TOCANTINS,6674.0,46.64,4.41,17.23,10.82
RJ,QUATIS,17584.0,44.73,11.0,10.65,10.82
PR,NOVA PRATA DO IGUAÇU,14268.0,47.97,10.5,11.14,10.82
RS,COLORADO,5088.0,29.34,3.3,18.32,10.81
ES,SANTA TERESA,31126.0,30.6,14.98,6.64,10.81
MS,COXIM,38344.0,39.83,10.33,11.29,10.81
SP,CÂNDIDO RODRIGUES,3436.0,19.75,6.68,15.31,10.8
MS,ANGÉLICA,12940.0,40.86,14.54,7.05,10.8
RS,ESTRELA VELHA,4976.0,40.81,2.53,19.05,10.79
RS,PALMITINHO,10196.0,49.3,3.3,18.28,10.79
GO,CERES,27064.0,32.93,17.22,4.35,10.78
RS,FAZENDA VILANOVA,5806.0,26.22,6.96,14.61,10.78
MG,JUATUBA,36546.0,44.14,7.48,14.08,10.78
SP,VARGEM,8258.0,32.77,9.84,11.61,10.78
SP,PANORAMA,13804.0,32.53,9.1,12.69,10.78
PR,GUAMIRANGA,11118.0,42.28,11.89,9.68,10.78
MG,DESTERRO DE ENTRE RIOS,9966.0,35.05,3.05,18.46,10.76
PR,MARILÂNDIA DO SUL,11568.0,34.94,17.95,3.54,10.75
PR,CAMPO LARGO,149822.0,30.48,11.63,9.87,10.75
GO,ITAPURANGA,35156.0,42.16,17.5,3.99,10.75
GO,PALMEIRAS DE GOIÁS,33828.0,34.45,16.43,5.07,10.75
SP,INDIAPORÃ,4107.0,45.64,5.52,15.39,10.74
TO,BARROLÂNDIA,7318.0,48.36,6.7,14.76,10.73
SC,POMERODE,42406.0,16.52,14.23,7.22,10.72
RS,NOVA ARAÇÁ,6628.0,19.6,6.19,15.24,10.71
SP,PIACATU,6124.0,34.1,5.08,16.44,10.71
RS,BOA VISTA DO SUL,4184.0,19.16,6.41,15.01,10.71
MG,BALDIM,11148.0,48.79,6.12,15.3,10.71
MT,IPIRANGA DO NORTE,7400.0,18.75,14.32,7.08,10.7
MS,IVINHEMA,31808.0,33.99,15.8,5.58,10.69
SP,MOGI DAS CRUZES,472616.0,38.34,9.81,11.51,10.65
RJ,VOLTA REDONDA,358710.0,42.16,11.47,9.82,10.64
MG,LAGOA DA PRATA,56966.0,33.66,9.89,11.38,10.64
SP,ORINDIÚVA,6842.0,44.8,8.79,12.36,10.64
TO,GOIANORTE,7308.0,49.05,7.83,13.44,10.63
ES,BARRA DE SÃO FRANCISCO,48810.0,40.33,14.58,6.68,10.63
GO,ÁGUA FRIA DE GOIÁS,6964.0,29.6,16.34,4.91,10.63
SP,PONTAL,39724.0,42.36,6.14,15.55,10.61
MT,NOVA BRASILÂNDIA,5570.0,46.67,17.13,4.09,10.61
SP,ANHUMAS,4411.0,36.8,5.35,16.15,10.61
MT,SÃO JOSÉ DOS QUATRO MARCOS,20528.0,29.0,17.65,3.56,10.61
SP,SÃO FRANCISCO,3481.0,40.67,9.68,11.51,10.6
RS,SÉRIO,3452.0,45.57,2.55,18.66,10.6
PR,MANDAGUAÇU,29934.0,35.5,10.08,11.09,10.59
PR,SANTA MARIANA,14566.0,38.47,16.08,5.11,10.59
RJ,TRÊS RIOS,98778.0,47.97,9.51,11.67,10.59
GO,BARRO ALTO,14620.0,40.57,18.32,2.85,10.58
SP,SÃO JOÃO DAS DUAS PONTES,3139.0,48.07,10.64,10.51,10.58
SC,LONTRAS,14700.0,14.49,15.88,5.28,10.58
SP,PARAPUÃ,11057.0,35.13,7.43,13.8,10.57
RJ,CONCEIÇÃO DE MACABU,27560.0,47.03,12.56,8.58,10.57
SC,RIO DO OESTE,10134.0,23.57,15.89,5.23,10.56
SP,BARÃO DE ANTONINA,3591.0,45.37,5.73,15.11,10.55
SP,SANTA CRUZ DA ESPERANÇA,2844.0,35.37,13.53,7.11,10.55
RS,GENERAL CÂMARA,10088.0,49.23,7.83,13.24,10.54
GO,MORRINHOS,55462.0,37.62,19.12,1.92,10.52
MG,SANTA RITA DE MINAS,9194.0,42.31,10.44,10.59,10.52
AM,BOCA DO ACRE,32502.0,34.55,4.44,16.58,10.51
RS,MATO LEITÃO,6722.0,31.35,4.43,16.54,10.49
PR,ALTO PARAÍSO,4538.0,41.25,5.42,15.56,10.49
SP,JARDINÓPOLIS,39262.0,30.22,10.09,10.92,10.49
SC,LEOBERTO LEAL,5472.0,27.44,17.14,3.84,10.49
MG,PARÁ DE MINAS,105518.0,30.94,5.98,15.0,10.49
PR,ANDIRÁ,25736.0,33.58,17.17,3.78,10.48
MG,MAR DE ESPANHA,16582.0,48.48,11.1,9.85,10.48
SP,ITAPUÍ,13860.0,38.66,8.67,12.28,10.48
SP,BORBOREMA,15499.0,29.73,8.66,12.3,10.47
AL,ARAPIRACA,243646.0,47.73,6.09,14.86,10.47
PR,MISSAL,15454.0,25.24,11.38,9.55,10.46
SP,SANTA ALBERTINA,7208.0,35.68,10.14,10.78,10.46
PR,ALTO PIQUIRI,11472.0,43.56,3.8,17.1,10.45
PR,JARDIM ALEGRE,14738.0,43.34,15.44,5.46,10.45
MG,CENTRAL DE MINAS,8400.0,49.89,2.33,18.55,10.44
RO,BURITIS,31728.0,17.61,19.05,1.83,10.44
PR,CARLÓPOLIS,18332.0,34.22,16.94,3.93,10.44
SP,MORRO AGUDO,27190.0,38.33,5.24,16.29,10.43
GO,PIRENÓPOLIS,31528.0,42.04,14.76,6.11,10.43
PR,CRUZEIRO DO OESTE,26038.0,27.25,2.65,18.21,10.43
SP,FLORÍNEA,3904.0,44.79,4.83,15.87,10.43
SP,DUMONT,9766.0,29.02,8.57,12.45,10.42
MS,RIO BRILHANTE,38998.0,36.67,10.03,10.8,10.42
ES,NOVA VENÉCIA,59626.0,42.14,13.2,7.65,10.42
RS,NOVO XINGU,2664.0,49.39,6.01,14.79,10.4
RS,MAQUINÉ,9828.0,48.93,10.56,10.24,10.4
PR,SÃO JOSÉ DOS PINHAIS,344152.0,29.45,9.7,11.09,10.39
SP,NANTES,2964.0,37.04,5.04,15.93,10.39
MG,PAINS,10914.0,46.79,3.17,17.59,10.38
MG,SANTA CRUZ DE MINAS,10618.0,44.26,7.16,13.6,10.38
SP,REGENTE FEIJÓ,21673.0,32.74,6.54,14.39,10.38
PR,SANTA IZABEL DO OESTE,14816.0,38.76,13.9,6.82,10.36
MG,JOÃO PINHEIRO,56404.0,41.98,4.77,15.96,10.36
SP,ARARAS,136724.0,27.5,11.74,8.91,10.35
SP,BEBEDOURO,70038.0,27.01,12.25,8.04,10.35
RS,SÃO VALENTIM,5222.0,34.58,12.14,8.54,10.34
SP,MARTINÓPOLIS,25315.0,32.92,7.5,13.23,10.34
RS,VERANÓPOLIS,31368.0,17.73,7.73,12.94,10.34
MG,DOM CAVATI,6674.0,49.82,14.35,6.32,10.34
RS,BARÃO,8812.0,25.14,4.38,16.3,10.34
RS,TRÊS COROAS,29774.0,27.78,6.8,13.86,10.33
RJ,RESENDE,149688.0,33.53,12.41,8.26,10.33
PR,SARANDI,106562.0,38.59,9.71,10.91,10.31
MG,SANTA LUZIA,274046.0,43.27,9.56,11.07,10.31
RS,NOVO CABRAIS,6180.0,37.56,2.2,18.41,10.31
SP,GETULINA,10142.0,35.9,10.68,9.92,10.3
SP,VALPARAÍSO,20436.0,32.2,7.2,13.59,10.3
RS,PONTE PRETA,3158.0,29.21,3.93,16.66,10.29
RS,SÃO JOSÉ DO HERVAL,3174.0,43.48,3.72,16.82,10.27
SP,SANTO ANTÔNIO DE POSSE,23683.0,28.77,8.88,11.69,10.27
RS,AMETISTA DO SUL,9974.0,37.76,5.55,14.96,10.26
SP,SERRANA,46910.0,42.74,8.08,12.63,10.23
SP,TUPÃ,66402.0,25.49,7.27,13.39,10.23
MT,SORRISO,104360.0,22.02,16.18,4.24,10.21
SP,CAIABU,4633.0,39.49,6.76,13.85,10.21
AL,MARECHAL DEODORO,66282.0,39.59,4.03,16.4,10.21
AL,ROTEIRO,8508.0,49.03,4.25,16.15,10.2
PA,PARAUAPEBAS,285960.0,35.5,7.74,12.66,10.2
SP,ESPÍRITO SANTO DO PINHAL,44383.0,32.29,13.74,6.59,10.19
BA,BUERAREMA,19270.0,37.85,6.0,14.37,10.19
SP,LAVÍNIA,5650.0,46.29,5.78,14.24,10.18
SP,CHARQUEADA,18136.0,28.04,15.33,5.52,10.17
RS,POÇO DAS ANTAS,3394.0,20.71,5.72,14.61,10.16
RS,JACUTINGA,4990.0,27.22,5.37,14.95,10.16
PR,JAPIRA,5914.0,32.72,16.57,3.75,10.16
MG,PITANGUI,34788.0,30.8,4.89,15.41,10.15
PR,PARANACITY,11988.0,49.46,8.64,11.64,10.14
RJ,CAMBUCI,19540.0,42.52,12.26,8.02,10.14
RJ,PIRAÍ,36124.0,43.43,12.52,7.73,10.13
SC,PESCARIA BRAVA,13612.0,34.92,15.18,5.05,10.12
GO,ARUANÃ,9616.0,44.86,16.66,3.58,10.12
SC,SANTA TEREZINHA,10964.0,22.19,13.43,6.82,10.12
RS,VISTA ALEGRE DO PRATA,2730.0,16.84,4.76,15.46,10.11
MG,ITAÚ DE MINAS,18816.0,31.02,7.91,12.32,10.11
MT,APIACÁS,8524.0,28.0,12.98,7.23,10.1
PR,CAMPO MAGRO,33132.0,36.47,9.98,10.22,10.1
SP,GUAIMBÊ,6645.0,39.38,8.51,11.63,10.1
ES,PIÚMA,26496.0,34.4,13.01,7.17,10.09
SP,PAULISTÂNIA,2817.0,36.71,5.32,15.11,10.08
MT,GENERAL CARNEIRO,6234.0,49.59,12.13,8.02,10.07
GO,MOZARLÂNDIA,17722.0,39.97,17.44,2.71,10.07
PR,PORTO AMAZONAS,6184.0,36.66,7.47,12.68,10.07
SP,CONCHAL,29819.0,21.56,8.35,11.86,10.07
RS,LAGOA VERMELHA,33226.0,38.07,8.13,11.99,10.06
TO,MARIANÓPOLIS DO TOCANTINS,5466.0,46.73,7.9,12.22,10.06
PR,SULINA,4768.0,37.54,14.26,5.83,10.05
SP,ZACARIAS,3095.0,39.22,10.1,9.99,10.05
AL,MARAGOGI,35112.0,39.74,8.45,11.64,10.04
RS,PORTO MAUÁ,3756.0,35.56,4.15,15.92,10.04
RS,HARMONIA,6986.0,31.75,6.18,13.88,10.03
RS,CASCA,12784.0,25.13,9.17,10.89,10.03
MG,VERÍSSIMO,4488.0,42.85,6.28,13.77,10.03
RJ,PARACAMBI,53554.0,35.09,11.54,8.49,10.02
MG,JEQUITIBÁ,9270.0,43.09,3.45,16.59,10.02
RS,SANTA MARGARIDA DO SUL,4332.0,42.81,8.17,11.82,10.0
MG,ARCEBURGO,11800.0,42.37,12.34,7.66,10.0
GO,MUNDO NOVO,7432.0,36.97,18.16,1.83,10.0
RS,DAVID CANABARRO,6848.0,21.66,9.61,10.37,9.99
PR,DOUTOR CAMARGO,8280.0,25.38,9.18,10.8,9.99
MG,SÃO VICENTE DE MINAS,8872.0,48.66,10.26,9.69,9.98
TO,BERNARDO SAYÃO,5582.0,39.64,6.13,13.83,9.98
SP,AREALVA,8355.0,20.82,7.66,12.32,9.98
SP,CUNHA,23307.0,37.55,7.84,12.19,9.97
MG,TEÓFILO OTONI,154196.0,45.18,11.14,8.79,9.96
SP,SANTA CLARA D OESTE,3066.0,37.44,6.64,13.13,9.95
PR,CARAMBEÍ,27480.0,25.87,4.42,15.49,9.95
PR,BELA VISTA DO PARAÍSO,19822.0,29.59,14.78,5.12,9.95
RS,PLANALTO,12892.0,36.07,3.79,16.12,9.95
MG,MURIAÉ,125616.0,42.16,11.63,8.26,9.95
SP,MONTE ALTO,51584.0,26.26,9.16,10.72,9.93
PR,MANDAGUARI,44688.0,29.58,12.71,7.14,9.93
RS,TOROPI,4570.0,36.75,10.46,9.41,9.93
RS,BOA VISTA DO CADEADO,3490.0,23.46,3.84,15.99,9.91
SP,DOURADO,10522.0,36.21,8.0,11.85,9.91
PR,URAÍ,14062.0,32.81,15.37,4.45,9.91
SP,BOTUCATU,154954.0,36.78,10.89,8.82,9.9
GO,ÁGUAS LINDAS DE GOIÁS,172902.0,42.36,10.23,9.56,9.9
MT,LAMBARI D OESTE,6300.0,48.04,8.95,10.83,9.89
RS,MARATÁ,4040.0,25.22,4.55,15.2,9.88
GO,URUANA,16682.0,32.34,14.46,5.31,9.88
PR,PRANCHITA,7814.0,40.14,5.12,14.61,9.87
MG,SÃO SEBASTIÃO DO PARAÍSO,76206.0,39.14,5.93,13.77,9.85
RJ,ENGENHEIRO PAULO DE FRONTIN,18008.0,46.62,11.24,8.46,9.85
SC,MACIEIRA,2966.0,47.39,11.8,7.89,9.84
GO,ESTRELA DO NORTE,4718.0,42.63,17.47,2.2,9.83
SC,BOTUVERÁ,7656.0,17.01,13.58,6.06,9.82
RJ,PATY DO ALFERES,36460.0,34.9,15.86,3.78,9.82
MG,COROMANDEL,36878.0,36.19,8.96,10.68,9.82
MG,SÃO SEBASTIÃO DO RIO VERDE,3484.0,32.13,2.87,16.76,9.82
RS,CANGUÇU,70064.0,36.67,9.99,9.63,9.81
TO,SANTA TEREZA DO TOCANTINS,4932.0,42.95,4.5,15.13,9.81
SP,BRAGANÇA PAULISTA,193269.0,28.78,13.57,6.39,9.81
SP,SANTANA DA PONTE PENSA,2090.0,40.98,8.75,10.88,9.81
RS,MOSTARDAS,14176.0,38.61,11.05,8.55,9.8
PR,GUARATUBA,43908.0,27.52,9.46,10.11,9.79
SC,AGROLÂNDIA,13578.0,15.88,14.94,4.63,9.78
RJ,ITAOCARA,31818.0,32.34,9.41,10.16,9.78
MS,LAGUNA CARAPÃ,8766.0,34.09,8.58,10.95,9.77
PA,BANNACH,4426.0,32.94,7.37,12.16,9.76
RS,ACEGUÁ,6080.0,27.68,3.82,15.69,9.75
MG,CÓRREGO DANTA,4558.0,47.25,4.96,14.48,9.72
MG,PIRAJUBA,6756.0,49.16,5.8,13.65,9.72
RS,DOM PEDRITO,44200.0,48.39,8.16,11.26,9.71
PR,ITAMBÉ,8418.0,33.81,7.13,12.28,9.71
SP,VIRADOURO,18060.0,30.07,7.35,12.55,9.71
SP,SETE BARRAS,12830.0,32.83,8.32,11.2,9.71
MG,MANHUAÇU,93476.0,39.09,12.61,6.8,9.71
SP,PORTO FERREIRA,56262.0,29.68,9.5,9.87,9.69
RS,ITAARA,7104.0,39.73,7.97,11.4,9.68
RS,MARQUES DE SOUZA,5824.0,28.67,4.09,15.28,9.68
MS,CHAPADÃO DO SUL,31142.0,26.36,9.27,10.09,9.68
SP,NOVAIS,5676.0,31.1,5.1,14.21,9.67
RS,TERRA DE AREIA,12358.0,34.76,9.71,9.63,9.67
RS,TUPANCI DO SUL,2420.0,31.89,10.83,8.51,9.67
RS,FAGUNDES VARELA,4138.0,17.4,5.12,14.21,9.67
GO,ITUMBIARA,113252.0,36.24,15.61,3.72,9.67
PR,ITAMBARACÁ,7712.0,28.2,17.45,1.89,9.67
TO,SILVANÓPOLIS,7274.0,49.89,6.21,13.12,9.66
RS,ITAQUI,39822.0,43.22,6.63,12.68,9.66
SP,INÚBIA PAULISTA,4433.0,24.1,6.58,12.96,9.65
SP,NATIVIDADE DA SERRA,7831.0,30.33,6.49,12.89,9.64
RS,DERRUBADAS,4484.0,44.46,3.57,15.7,9.63
SP,ANDRADINA,61987.0,32.11,10.18,9.09,9.62
RS,CAPELA DE SANTANA,13186.0,41.94,4.37,14.86,9.62
RJ,SAPUCAIA,25896.0,40.63,6.6,12.64,9.62
RS,CORONEL PILAR,2538.0,14.47,3.07,16.15,9.61
RS,AJURICABA,9982.0,25.29,6.25,12.96,9.61
TO,GURUPI,93176.0,36.0,13.7,5.5,9.6
MG,UBAPORANGA,15848.0,36.86,8.83,10.36,9.6
SP,IEPÊ,8471.0,39.03,6.56,12.56,9.59
RS,BOSSOROCA,8154.0,48.86,6.33,12.85,9.59
MS,BODOQUENA,10256.0,36.99,12.5,6.69,9.59
RS,SANTO ANTÔNIO DO PLANALTO,3570.0,35.18,4.43,14.73,9.58
MG,GOVERNADOR VALADARES,305918.0,32.64,3.97,15.18,9.58
MS,ARAL MOREIRA,12280.0,38.73,11.69,7.46,9.58
AM,SÃO SEBASTIÃO DO UATUMÃ,11274.0,41.55,3.32,15.84,9.58
SP,FERNÃO,2216.0,30.47,8.09,11.06,9.57
RS,MATA,6546.0,44.58,2.99,16.13,9.56
ES,JOÃO NEIVA,20410.0,37.55,11.46,7.67,9.56
PA,CUMARU DO NORTE,10828.0,26.53,6.7,12.39,9.55
RJ,DUAS BARRAS,16096.0,48.0,8.64,10.45,9.54
RS,PORTO XAVIER,13044.0,36.59,3.96,15.13,9.54
PR,IVAÍ,17626.0,31.34,7.35,11.71,9.53
MT,MARCELÂNDIA,12424.0,17.64,13.86,5.18,9.52
MT,COMODORO,20214.0,24.99,12.17,6.88,9.52
MG,ITABIRITO,69124.0,49.73,9.36,9.69,9.52
SP,PIRATININGA,13483.0,24.26,9.97,9.14,9.52
RS,BARÃO DO TRIUNFO,7604.0,38.02,7.21,11.78,9.5
RS,ALTO FELIZ,4662.0,28.08,12.7,6.31,9.5
ES,SÃO JOSÉ DO CALÇADO,13948.0,43.38,14.11,4.86,9.49
PR,BALSA NOVA,19122.0,34.98,9.66,9.32,9.49
MS,RIO NEGRO,6092.0,43.04,9.03,9.95,9.49
RS,NOVA BRÉSCIA,4672.0,22.43,6.81,12.16,9.48
MG,IPABA,20142.0,46.69,14.46,4.51,9.48
MS,SÃO GABRIEL DO OESTE,33028.0,26.86,12.29,6.64,9.47
MG,CÓRREGO FUNDO,8586.0,28.79,10.48,8.39,9.43
GO,MOIPORÁ,3532.0,33.44,13.87,4.98,9.43
PR,SANTA TEREZINHA DE ITAIPU,29612.0,23.08,8.15,10.68,9.42
TO,ARAGUAÇU,9998.0,25.16,14.14,4.7,9.42
ES,LINHARES,181694.0,33.74,13.93,4.91,9.42
SP,FERNANDO PRESTES,7175.0,30.91,4.38,14.84,9.42
PR,CAFEARA,3750.0,46.09,16.85,1.97,9.41
PR,JACAREZINHO,47196.0,45.47,14.57,4.22,9.4
RS,CONSTANTINA,13486.0,32.11,7.09,11.7,9.39
PR,TOLEDO,170836.0,27.1,7.02,11.73,9.38
MG,CARATINGA,96532.0,41.13,7.22,11.53,9.38
SP,CAMPOS NOVOS PAULISTA,5582.0,30.33,11.44,7.36,9.37
SP,MOMBUCA,4715.0,35.69,7.99,10.62,9.33
PR,COLORADO,29634.0,41.27,12.72,5.94,9.33
RS,SÃO JOSÉ DO SUL,3474.0,26.64,4.78,13.87,9.33
MT,PLANALTO DA SERRA,4060.0,42.09,10.64,8.03,9.33
SP,SÃO MANUEL,42325.0,30.86,6.76,11.89,9.33
RS,LAGOA DOS TRÊS CANTOS,2764.0,25.26,4.85,13.82,9.33
ES,ATÍLIO VIVÁCQUA,14400.0,37.43,15.72,2.9,9.31
PR,MAUÁ DA SERRA,11880.0,43.71,14.07,4.55,9.31
MT,PORTO ESPERIDIÃO,11198.0,32.52,13.79,4.8,9.3
MG,CARANGOLA,37784.0,47.17,3.83,14.74,9.28
MG,CAMBUQUIRA,15622.0,43.54,6.67,11.89,9.28
SP,MIRACATU,21223.0,35.69,8.99,9.57,9.28
GO,GOIATUBA,42376.0,32.6,14.81,3.74,9.28
GO,ITABERAÍ,48718.0,38.86,13.99,4.57,9.28
SC,ATALANTA,5022.0,18.14,7.69,10.87,9.28
GO,NOVO BRASIL,5414.0,36.92,14.74,3.8,9.27
GO,NIQUELÂNDIA,41314.0,41.67,12.78,5.73,9.26
RS,AUGUSTO PESTANA,10066.0,24.4,3.7,14.8,9.25
MT,MIRASSOL D OESTE,29412.0,28.87,15.44,3.05,9.24
SP,TARUMÃ,17070.0,36.5,5.39,13.11,9.24
SP,TUIUTI,7545.0,27.99,10.78,7.82,9.24
SP,NUPORANGA,7373.0,31.73,8.44,10.27,9.24
MG,OURO BRANCO,51152.0,49.49,7.27,11.18,9.22
MT,VERA,10614.0,25.67,13.19,5.26,9.22
PR,TIJUCAS DO SUL,19772.0,40.51,10.81,7.63,9.22
RS,QUEVEDOS,3822.0,47.34,12.3,6.12,9.21
SP,MARAPOAMA,3770.0,23.83,6.99,11.72,9.2
MG,TRÊS CORAÇÕES,88916.0,35.43,6.0,12.4,9.2
MT,CURVELÂNDIA,6792.0,37.03,9.1,9.28,9.19
SP,TORRINHA,9948.0,28.53,13.26,4.66,9.18
RS,ERVAL SECO,9262.0,44.65,2.98,15.35,9.17
MG,MATOZINHOS,48218.0,44.16,12.2,6.12,9.16
MG,ÁGUA COMPRIDA,3630.0,34.94,11.18,7.11,9.15
MG,DELFINÓPOLIS,9144.0,41.96,13.23,5.07,9.15
SP,SANTA MARIA DA SERRA,5260.0,33.25,10.46,7.78,9.14
RS,IGREJINHA,45572.0,30.28,8.4,9.88,9.14
SP,SANTA BÁRBARA D OESTE,209845.0,29.33,8.67,9.63,9.14
MS,ANAURILÂNDIA,9400.0,46.75,8.38,9.87,9.13
RS,CRUZ ALTA,73458.0,41.08,6.71,11.55,9.13
SC,PRESIDENTE NEREU,3570.0,23.3,11.76,6.5,9.13
SP,SALMOURÃO,5631.0,34.9,4.56,13.96,9.13
SP,LAVRINHAS,9126.0,46.0,7.8,10.48,9.12
SP,ARCO-ÍRIS,2821.0,32.19,4.2,14.5,9.11
SP,TAQUARITUBA,24193.0,40.32,8.94,9.27,9.1
RS,SÃO JOSÉ DO HORTÊNCIO,6338.0,23.04,6.0,12.21,9.1
RS,NOVA ROMA DO SUL,5362.0,25.69,13.39,4.81,9.1
SP,SALES OLIVEIRA,11955.0,25.36,9.47,8.66,9.09
PA,NOVO PROGRESSO,32744.0,14.42,6.59,11.59,9.09
SC,TAIÓ,23952.0,15.19,14.49,3.68,9.08
TO,PEDRO AFONSO,15906.0,45.66,9.52,8.64,9.08
PA,CANAÃ DOS CARAJÁS,73024.0,32.5,13.75,4.38,9.07
MG,VÁRZEA DA PALMA,39480.0,48.55,13.05,5.07,9.06
RS,CAIÇARA,7256.0,34.74,2.98,15.13,9.05
MG,BONFIM,11130.0,42.14,6.63,11.46,9.05
RS,SÃO PAULO DAS MISSÕES,8814.0,42.24,7.35,10.76,9.05
MG,INHAÚMA,9238.0,45.69,4.07,13.99,9.03
SC,PETROLÂNDIA,9402.0,22.11,10.25,7.81,9.03
MG,ESPERA FELIZ,27788.0,47.12,3.66,14.39,9.03
MT,SANTO ANTÔNIO DO LEVERGER,26294.0,45.35,11.86,6.21,9.03
MG,PIRAPORA,62250.0,39.9,8.15,9.9,9.02
GO,ITAPACI,23686.0,43.85,14.51,3.51,9.01
MG,SÃO TIAGO,14860.0,48.15,6.02,11.98,9.0
PR,MARECHAL CÂNDIDO RONDON,66194.0,22.74,14.44,3.57,9.0
AM,APUÍ,15880.0,31.82,4.23,13.77,9.0
PR,SANTA TEREZA DO OESTE,15162.0,31.74,14.38,3.61,9.0
GO,PARAÚNA,13232.0,35.49,11.71,6.27,8.99
RS,RONDINHA,7916.0,42.68,3.21,14.75,8.98
RS,NOVO MACHADO,5356.0,32.2,1.76,16.21,8.98
SP,ARANDU,8201.0,37.66,6.54,11.48,8.97
SP,NOVA CANAÃ PAULISTA,2743.0,38.52,4.96,12.85,8.97
SP,FRANCO DA ROCHA,139895.0,49.44,8.39,9.5,8.97
SC,LAURENTINO,10214.0,25.17,13.35,4.56,8.96
ES,MANTENÓPOLIS,15082.0,40.98,12.33,5.6,8.96
PR,NOVA SANTA ROSA,11854.0,10.44,15.18,2.73,8.96
ES,MARECHAL FLORIANO,21956.0,30.15,10.38,7.53,8.95
GO,VICENTINÓPOLIS,10366.0,41.73,16.03,1.87,8.95
RJ,TRAJANO DE MORAES,14252.0,49.7,12.1,5.8,8.95
MG,GUAXUPÉ,59634.0,45.51,7.24,10.63,8.94
AM,MANACAPURU,115132.0,49.53,5.19,12.66,8.92
SP,SERRA NEGRA,30410.0,28.49,12.34,5.86,8.91
MS,CAMAPUÃ,17154.0,37.63,12.2,5.6,8.9
PR,ABATIÁ,9114.0,42.7,6.36,11.41,8.89
SP,SANTA FÉ DO SUL,33679.0,27.51,8.07,9.71,8.87
PA,SAPUCAIA,7428.0,46.57,15.11,2.64,8.87
PR,SANTA FÉ,14368.0,34.22,9.26,8.49,8.87
MG,SOLEDADE DE MINAS,8018.0,36.87,6.16,11.57,8.87
RS,SANANDUVA,22276.0,22.97,6.75,10.97,8.86
RS,CORONEL BARROS,4440.0,34.61,2.93,14.77,8.85
SP,TIMBURI,3458.0,41.87,7.39,10.36,8.85
SP,CÁSSIA DOS COQUEIROS,3459.0,38.92,9.9,7.67,8.85
RS,NOVO BARREIRO,6306.0,41.96,3.39,14.27,8.83
MS,BANDEIRANTES,9586.0,45.92,10.49,7.16,8.83
MG,MOEMA,10344.0,45.65,5.09,12.53,8.81
CE,MORRINHOS,28522.0,47.11,11.96,5.62,8.79
MG,POUSO ALEGRE,173906.0,35.76,4.64,12.92,8.78
PR,CAMBIRA,10242.0,35.64,12.44,5.1,8.77
SP,SANTA ROSA DE VITERBO,25748.0,38.6,6.67,11.02,8.77
RJ,BOM JARDIM,34406.0,38.47,11.1,6.42,8.76
PR,PIRAÍ DO SUL,30320.0,33.12,4.95,12.56,8.75
RS,LAGOA BONITA DO SUL,3838.0,48.57,2.81,14.7,8.75
MG,NEPOMUCENO,31924.0,43.01,5.51,11.99,8.75
GO,FORMOSO,6998.0,47.25,13.8,3.69,8.75
MG,CRUZÍLIA,20112.0,48.47,8.09,9.39,8.74
SP,ESTRELA D OESTE,9843.0,28.25,10.17,7.32,8.74
RS,INDEPENDÊNCIA,9302.0,35.43,3.59,13.89,8.74
SP,TRABIJU,2208.0,47.65,3.96,13.82,8.74
GO,MATRINCHÃ,5910.0,47.47,13.5,3.96,8.73
MG,SÃO GONÇALO DO PARÁ,13992.0,44.53,4.43,13.04,8.73
RS,ESPUMOSO,21086.0,31.58,8.11,9.35,8.73
ES,CONCEIÇÃO DO CASTELO,15280.0,20.23,9.57,7.88,8.72
MG,FAMA,4738.0,34.82,10.3,7.13,8.72
SP,SANTA RITA D OESTE,2788.0,33.49,7.77,9.69,8.72
ES,GUAÇUÍ,32868.0,38.0,9.27,8.15,8.71
SP,MINEIROS DO TIETÊ,11707.0,25.62,5.56,11.64,8.71
RS,SÃO VALENTIM DO SUL,3706.0,28.21,10.09,7.29,8.69
MG,CURRAL DE DENTRO,9290.0,47.8,6.44,10.91,8.68
RS,SÃO VICENTE DO SUL,11070.0,39.08,6.21,11.15,8.68
PA,ITAITUBA,120444.0,32.98,6.44,10.92,8.68
AM,GUAJARÁ,15954.0,32.3,2.21,15.14,8.67
SC,IMBUIA,8608.0,27.88,9.6,7.74,8.67
SC,AURORA,8890.0,19.62,10.75,6.59,8.67
SP,ALTO ALEGRE,4282.0,26.44,6.66,11.19,8.66
MG,CONQUISTA,8794.0,43.65,5.44,11.89,8.66
MG,PASSA QUATRO,21270.0,39.54,5.52,11.8,8.66
SP,COSMORAMA,9864.0,28.51,6.48,10.84,8.65
PR,SERTANÓPOLIS,21264.0,23.19,10.51,6.78,8.64
SP,BARRA DO TURVO,8161.0,47.93,5.97,11.42,8.64
MT,INDIAVAÍ,3036.0,34.82,8.17,9.09,8.63
RS,BOM RETIRO DO SUL,16556.0,31.69,6.95,10.3,8.63
SP,PIQUEROBI,4047.0,42.11,3.75,13.66,8.62
MS,CAARAPÓ,32724.0,33.44,7.06,10.13,8.6
RS,BARRA FUNDA,4602.0,37.31,3.39,13.82,8.6
MS,BONITO,27124.0,35.09,9.56,7.62,8.59
SP,GÁLIA,7191.0,39.5,7.28,9.86,8.59
RS,ROQUE GONZALES,9280.0,38.72,3.88,13.3,8.59
PR,PITANGUEIRAS,4126.0,36.37,12.41,4.75,8.58
RJ,PINHEIRAL,28982.0,46.14,9.84,7.33,8.58
SP,DIVINOLÂNDIA,13430.0,27.79,8.99,8.17,8.58
MS,JUTI,8332.0,44.71,6.0,11.16,8.58
GO,PETROLINA DE GOIÁS,11464.0,36.92,13.01,4.12,8.57
RS,VICTOR GRAEFF,4248.0,33.38,5.41,11.72,8.57
SP,INDAIATUBA,266745.0,31.36,10.64,6.45,8.57
RS,MUITOS CAPÕES,4374.0,30.48,3.7,13.44,8.57
MG,TARUMIRIM,15016.0,47.04,3.37,13.76,8.56
MS,NIOAQUE,16194.0,41.82,9.41,7.71,8.56
ES,BAIXO GUANDU,37242.0,38.11,14.72,2.4,8.56
SP,BARIRI,33345.0,22.34,7.62,9.47,8.55
PR,JOAQUIM TÁVORA,14584.0,28.57,14.02,3.07,8.54
MG,CHÁCARA,6138.0,48.32,12.9,4.17,8.54
SP,VOTUPORANGA,96199.0,27.58,10.48,6.66,8.52
RS,MATO QUEIMADO,2690.0,41.05,6.02,11.0,8.51
RS,PAIM FILHO,6462.0,34.11,7.71,9.29,8.5
RS,GIRUÁ,21198.0,32.87,3.27,13.71,8.49
RS,SEBERI,15360.0,32.89,4.15,12.83,8.49
GO,SANTO ANTÔNIO DO DESCOBERTO,68012.0,38.15,13.68,3.29,8.49
MG,DIONÍSIO,9800.0,47.44,11.78,5.18,8.48
RS,TAPERA,13558.0,39.07,7.76,9.19,8.47
MG,PASSOS,124282.0,41.9,4.55,12.39,8.47
MG,LUZ,21562.0,37.12,8.37,8.57,8.47
RS,CONDOR,9492.0,34.6,5.58,11.36,8.47
MG,ANDRADAS,47254.0,29.31,6.56,10.37,8.46
RS,ESMERALDA,4254.0,35.45,7.38,9.54,8.46
SP,GUARIBA,37702.0,41.17,8.22,8.69,8.45
SP,SALESÓPOLIS,21466.0,32.41,6.7,10.27,8.44
RS,SEGREDO,9278.0,42.22,3.75,13.13,8.44
ES,VIANA,84086.0,39.95,8.0,8.88,8.44
SP,TAPIRATIBA,13889.0,42.92,9.44,7.43,8.44
MG,POCRANE,11210.0,43.82,1.84,15.04,8.44
SP,ITARARÉ,47984.0,31.99,9.38,7.47,8.43
SC,BRAÇO DO TROMBUDO,5442.0,14.15,14.41,2.43,8.42
SP,BOREBI,2945.0,41.78,8.06,8.78,8.42
RS,RODEIO BONITO,8702.0,34.51,5.91,10.94,8.42
GO,CRISTALINA,53620.0,30.4,14.35,2.48,8.41
PR,PEROBAL,8620.0,22.41,4.78,12.04,8.41
PR,LAPA,60462.0,36.13,8.77,8.03,8.4
MT,PONTES E LACERDA,46830.0,20.98,13.43,3.36,8.4
MS,PORTO MURTINHO,11240.0,44.28,11.71,5.05,8.38
SP,LINDÓIA,7800.0,18.71,7.32,9.33,8.38
MG,ARCOS,52052.0,38.19,7.47,9.26,8.37
SP,PONGAÍ,4062.0,24.22,7.66,9.14,8.37
MG,CONSELHEIRO PENA,23578.0,41.1,3.75,12.97,8.36
MG,GRUPIARA,2588.0,35.35,12.6,4.1,8.35
PR,CASTRO,89302.0,31.12,6.51,10.16,8.34
RS,ÁUREA,5604.0,39.88,4.64,12.03,8.33
RS,FLORIANO PEIXOTO,3086.0,35.48,2.46,14.19,8.33
SP,REDENÇÃO DA SERRA,5409.0,42.96,8.22,8.42,8.32
MS,GUIA LOPES DA LAGUNA,11476.0,38.39,6.29,10.35,8.32
MG,ITAJUBÁ,113548.0,30.13,7.27,9.35,8.31
ES,LARANJA DA TERRA,15334.0,29.8,12.47,4.15,8.31
MG,PEQUI,5990.0,45.61,7.75,8.88,8.31
MG,MATUTINA,5048.0,33.13,8.6,8.0,8.3
MS,TERENOS,20912.0,42.85,8.64,7.97,8.3
MS,SIDROLÂNDIA,51334.0,39.43,9.69,6.91,8.3
ES,DOMINGOS MARTINS,47022.0,26.55,9.34,7.25,8.29
GO,VIANÓPOLIS,17078.0,31.7,13.14,3.36,8.25
PR,SÃO JOSÉ DA BOA VISTA,7438.0,30.35,13.98,2.53,8.25
SP,ITABERÁ,20798.0,41.67,5.83,10.71,8.24
MG,RIO PARANAÍBA,16174.0,45.36,10.1,6.38,8.24
PR,CONTENDA,21392.0,33.93,9.0,7.45,8.23
RS,NÃO-ME-TOQUE,22344.0,26.5,4.78,11.65,8.22
SP,NOVA CAMPINA,9394.0,38.06,6.83,9.65,8.21
MG,IBIRACI,14160.0,39.56,3.23,13.19,8.21
SP,SÃO SEBASTIÃO DA GRAMA,11927.0,34.71,7.51,8.92,8.2
RS,SEDE NOVA,4208.0,48.36,4.66,11.74,8.2
RS,DOM PEDRO DE ALCÂNTARA,4238.0,28.44,5.8,10.57,8.19
RS,CRISSIUMAL,17462.0,40.04,3.04,13.33,8.18
RS,ENTRE-IJUÍS,12020.0,33.57,4.74,11.61,8.18
RS,IBIAÇÁ,6806.0,31.0,5.0,11.37,8.18
MG,PLANURA,12336.0,44.14,6.89,9.47,8.18
RS,GENTIL,2730.0,29.97,3.74,12.6,8.17
RS,CAMPOS BORGES,5140.0,37.9,5.02,11.32,8.17
MG,RESPLENDOR,18132.0,31.21,6.11,10.23,8.17
MG,ARAPUÁ,4962.0,35.24,4.23,12.09,8.16
MG,PRUDENTE DE MORAIS,13800.0,36.68,5.8,10.49,8.14
RS,DOIS IRMÃOS DAS MISSÕES,3266.0,45.54,3.06,13.23,8.14
MG,CALDAS,17026.0,36.02,5.58,10.69,8.13
MG,CONGONHAS,70224.0,49.17,7.74,8.48,8.11
RS,SÃO MARTINHO,8382.0,35.01,3.44,12.77,8.1
RS,VISTA ALEGRE,4332.0,41.07,2.4,13.8,8.1
SP,JOÃO RAMALHO,4909.0,33.75,6.41,9.85,8.09
SP,SANTO ANTÔNIO DA ALEGRIA,7673.0,42.09,7.4,8.83,8.08
MG,INHAPIM,29876.0,37.73,6.91,9.24,8.08
MG,SÃO LOURENÇO,53622.0,32.08,8.65,7.51,8.08
RS,QUINZE DE NOVEMBRO,6174.0,26.33,3.85,12.28,8.07
RS,SANTO EXPEDITO DO SUL,3786.0,33.93,3.43,12.68,8.06
PR,XAMBRÊ,8462.0,37.77,3.59,12.5,8.05
TO,FÁTIMA,5244.0,44.09,4.88,11.21,8.05
RS,CAPÃO BONITO DO SUL,3422.0,39.15,7.71,8.36,8.04
MG,JESUÂNIA,6626.0,38.49,2.9,13.19,8.04
RS,CERRO LARGO,17026.0,47.38,4.93,11.14,8.03
MS,ITAPORÃ,22604.0,33.84,8.1,7.95,8.03
RS,SALVADOR DAS MISSÕES,4616.0,33.39,1.95,14.08,8.02
PR,UNIFLOR,3572.0,35.83,6.33,9.69,8.01
MG,CLÁUDIO,35784.0,30.92,5.34,10.69,8.01
RS,SÃO JOSÉ DO INHACORÁ,3908.0,31.94,2.25,13.77,8.01
MG,ABAETÉ,28376.0,39.58,5.34,10.66,8.0
RS,SERTÃO,8488.0,28.41,7.16,8.84,8.0
RS,BROCHIER,6760.0,38.36,4.05,11.92,7.99
TO,CARIRI DO TOCANTINS,5668.0,47.07,12.49,3.46,7.97
PR,ARAPOTI,30016.0,32.58,7.96,7.96,7.96
SP,SANTA CRUZ DAS PALMEIRAS,29053.0,33.25,8.54,7.42,7.95
MT,ARAGUAIANA,4678.0,44.01,13.17,2.74,7.95
PR,RIBEIRÃO CLARO,14926.0,36.73,12.03,3.85,7.94
PR,RESERVA,31330.0,36.91,7.34,8.53,7.94
PR,PORTO RICO,4310.0,41.95,11.28,4.59,7.94
PR,SÃO MATEUS DO SUL,55880.0,41.35,7.95,7.93,7.94
RS,CIRÍACO,6364.0,35.03,13.48,2.39,7.94
RS,MULITERNO,3472.0,27.09,2.71,13.13,7.92
RS,CATUÍPE,12896.0,37.47,2.33,13.49,7.91
RS,CENTENÁRIO,4628.0,47.18,9.55,6.27,7.91
PR,PEABIRU,16286.0,37.44,11.32,4.51,7.91
MG,ITABIRA,149362.0,48.76,8.73,7.07,7.9
GO,RIANÁPOLIS,6146.0,34.49,14.06,1.72,7.89
SP,GABRIEL MONTEIRO,3851.0,26.62,5.3,10.44,7.89
RS,RELVADO,3288.0,25.12,4.08,11.68,7.88
MG,FRONTEIRA,15820.0,48.61,4.3,11.45,7.88
SP,SILVEIRAS,7819.0,34.3,6.5,9.26,7.87
GO,SÃO MIGUEL DO ARAGUAIA,27434.0,36.29,10.14,5.61,7.87
RS,BOM JESUS,13166.0,42.79,5.73,10.0,7.86
RS,CAMPINA DAS MISSÕES,8802.0,40.79,3.77,11.93,7.85
MS,NOVA ALVORADA DO SUL,22176.0,42.13,8.52,7.16,7.84
SP,QUEIROZ,4267.0,34.86,2.39,13.92,7.83
GO,ACREÚNA,23642.0,41.55,9.3,6.32,7.81
SP,SABINO,5675.0,24.04,8.45,7.06,7.79
RS,UBIRETAMA,3300.0,38.9,6.0,9.58,7.79
MG,ITATIAIUÇU,16668.0,34.89,7.09,8.45,7.77
RS,JÓIA,10572.0,48.47,6.32,9.21,7.77
GO,HIDROLINA,6020.0,49.89,12.56,2.96,7.76
BA,PAU BRASIL,11688.0,49.59,12.68,2.82,7.75
SP,MANDURI,10387.0,29.28,8.15,7.36,7.75
MG,CARMÓPOLIS DE MINAS,23166.0,42.59,7.22,8.27,7.74
RS,GAURAMA,8870.0,28.87,7.62,7.85,7.73
SP,MOCOCA,66426.0,30.75,9.05,6.37,7.72
PR,JANDAIA DO SUL,27038.0,26.21,8.48,6.95,7.72
PR,MALLET,17642.0,31.62,12.08,3.36,7.72
SP,RIOLÂNDIA,9122.0,44.82,5.87,9.46,7.7
SP,ITATINGA,19549.0,30.32,8.04,7.34,7.69
SP,AMÉRICO DE CAMPOS,7036.0,27.49,9.25,6.04,7.69
PR,ALTO PARANÁ,16600.0,42.29,10.07,5.31,7.69
PR,CONSELHEIRO MAIRINCK,4780.0,43.05,12.26,3.1,7.68
RS,FELIZ,18446.0,28.98,8.06,7.28,7.67
PR,SÃO JOÃO DO IVAÍ,13920.0,44.23,12.77,2.56,7.67
MG,FRUTAL,61682.0,38.97,6.92,8.43,7.67
MS,CARACOL,7030.0,38.11,6.86,8.48,7.67
MG,AIMORÉS,28300.0,42.61,7.42,7.92,7.67
MG,CAMPESTRE,26412.0,33.31,3.33,11.99,7.66
RS,TRÊS PALMEIRAS,6570.0,40.97,9.1,6.21,7.66
PR,PITANGA,41842.0,46.1,12.36,2.95,7.65
RS,EUGÊNIO DE CASTRO,4044.0,40.08,4.06,11.23,7.64
RO,ARIQUEMES,102906.0,17.73,8.81,6.48,7.64
PR,PORTO VITÓRIA,5098.0,28.55,12.08,3.18,7.63
MS,BRASILÂNDIA,12886.0,31.98,5.99,9.27,7.63
MG,PIMENTA,11138.0,44.44,6.81,8.46,7.63
PA,SANTA MARIA DAS BARREIRAS,18726.0,32.72,8.85,6.41,7.63
MG,MONTE SANTO DE MINAS,25460.0,40.35,7.01,8.22,7.62
MG,ITAMONTE,18936.0,36.53,3.84,11.38,7.61
RS,SÃO PEDRO DAS MISSÕES,2644.0,40.6,3.1,12.1,7.6
SP,CAIUÁ,5129.0,46.36,6.24,8.84,7.6
RJ,MACUCO,11736.0,48.19,11.78,3.43,7.6
PR,NOVA LONDRINA,15172.0,43.73,8.45,6.72,7.59
MG,CAETANÓPOLIS,14046.0,35.38,3.18,11.97,7.58
ES,VENDA NOVA DO IMIGRANTE,29278.0,22.11,9.48,5.68,7.58
RS,LINHA NOVA,2414.0,26.25,5.05,10.11,7.58
PR,CAMPO BONITO,5864.0,48.07,12.21,2.93,7.57
AL,FLEXEIRAS,12908.0,49.59,4.71,10.43,7.57
PR,RIO NEGRO,38750.0,24.51,7.06,8.07,7.56
GO,SÃO LUÍS DE MONTES BELOS,37462.0,24.07,11.74,3.39,7.56
GO,HEITORAÍ,6254.0,43.61,11.26,3.87,7.56
MG,SOBRÁLIA,6354.0,49.51,2.93,12.15,7.54
MG,ARAÚJOS,10672.0,35.42,6.88,8.19,7.53
SP,ÁLVARES FLORENCE,4832.0,27.3,7.06,7.96,7.51
MG,MINDURI,5154.0,47.86,10.67,4.35,7.51
PR,SÃO PEDRO DO PARANÁ,4038.0,23.69,2.23,12.78,7.5
MG,ALPINÓPOLIS,24784.0,42.52,9.48,5.5,7.49
TO,NOVA ROSALÂNDIA,4424.0,40.33,7.19,7.78,7.48
ES,IÚNA,32080.0,27.94,12.23,2.73,7.48
SP,ELIAS FAUSTO,20501.0,28.01,7.19,7.76,7.48
RS,IBARAMA,6076.0,40.33,2.17,12.77,7.47
MG,FUNILÂNDIA,7738.0,49.15,5.58,9.36,7.47
SP,MIRANDÓPOLIS,25333.0,24.26,8.1,6.8,7.47
PR,TELÊMACO BORBA,84018.0,35.27,8.64,6.26,7.45
RO,MONTE NEGRO,14610.0,21.37,9.86,5.02,7.44
MG,FORTALEZA DE MINAS,4684.0,28.52,4.74,10.12,7.43
PR,LOBATO,6310.0,36.93,10.81,4.06,7.43
MG,ALPERCATA,9160.0,48.0,1.44,13.43,7.43
MG,ILICÍNEA,15546.0,43.37,3.29,11.57,7.43
MG,CÓRREGO DO BOM JESUS,6506.0,40.6,3.63,11.22,7.42
PR,FLORESTA,11420.0,34.14,5.53,9.3,7.42
RS,BARÃO DE COTEGIPE,9336.0,36.1,7.35,7.5,7.42
RS,IJUÍ,105312.0,36.6,8.45,6.37,7.41
MG,IBIÁ,25302.0,45.07,5.07,9.75,7.41
MG,CAMPOS ALTOS,14698.0,34.97,7.73,7.06,7.4
SP,PARDINHO,7884.0,39.18,8.61,6.09,7.38
MT,GLÓRIA D OESTE,4090.0,37.65,10.76,4.01,7.38
ES,MARILÂNDIA,17396.0,26.98,5.42,9.3,7.36
MG,SANTANA DA VARGEM,10040.0,39.23,2.75,11.93,7.34
MG,CABECEIRA GRANDE,8218.0,46.07,9.32,5.35,7.34
MS,APARECIDA DO TABOADO,27638.0,34.65,9.47,5.22,7.34
PR,CASCAVEL,380058.0,28.82,11.51,3.15,7.33
MG,LEANDRO FERREIRA,5272.0,43.07,5.69,8.95,7.32
MG,CATAS ALTAS,7810.0,48.74,7.99,6.66,7.32
PA,PAU D ARCO,11064.0,42.5,9.11,5.51,7.31
RS,QUARAÍ,27326.0,45.72,4.84,9.76,7.3
MG,MUTUM,32968.0,43.03,8.15,6.46,7.3
PR,PRIMEIRO DE MAIO,14130.0,34.1,9.96,4.63,7.3
SP,CANITAR,5449.0,46.78,4.79,10.12,7.3
MG,SANTA JULIANA,16916.0,43.76,6.6,7.98,7.29
MG,SÃO BRÁS DO SUAÇUÍ,5654.0,49.69,4.81,9.76,7.29
RS,SÃO JOÃO DA URTIGA,7184.0,33.3,6.21,8.38,7.29
RS,VESPASIANO CORRÊA,3780.0,10.12,3.86,10.69,7.28
GO,NOVA CRIXÁS,13262.0,42.53,12.43,2.14,7.28
RS,VICENTE DUTRA,6232.0,38.78,2.82,11.75,7.28
PR,IVAIPORÃ,39508.0,38.15,10.6,3.93,7.26
MG,ASTOLFO DUTRA,17400.0,41.42,4.68,9.8,7.24
RS,ANTÔNIO PRADO,18250.0,16.39,6.84,7.61,7.22
RS,NOVA RAMADA,3462.0,38.46,4.68,9.76,7.22
PR,ITAIPULÂNDIA,15344.0,27.97,8.68,5.74,7.21
RS,ARROIO DO PADRE,4768.0,14.78,4.53,9.9,7.21
RS,RESTINGA SÊCA,20576.0,38.55,6.21,8.2,7.21
MG,INDIANÓPOLIS,7852.0,48.08,10.75,3.64,7.2
PR,SANTO ANTONIO DO CAIUÁ,3714.0,43.1,10.93,3.45,7.19
MS,RIO VERDE DE MATO GROSSO,21508.0,36.77,8.19,6.18,7.19
RS,IBIRAIARAS,9262.0,28.1,6.26,8.08,7.17
BA,NOVA VIÇOSA,46546.0,47.77,12.22,2.11,7.16
GO,BURITI ALEGRE,12346.0,46.49,11.06,3.24,7.15
AM,CANUTAMA,14012.0,43.28,0.91,13.39,7.15
MG,CRUCILÂNDIA,8402.0,43.35,5.83,8.45,7.14
GO,IPIRANGA DE GOIÁS,4970.0,37.09,8.77,5.47,7.12
RS,IBIRAPUITÃ,5830.0,40.66,6.38,7.86,7.12
MG,PIUMHI,38906.0,33.77,5.67,8.56,7.11
MS,BATAGUASSU,28194.0,35.83,10.36,3.86,7.11
MG,PERDÕES,27356.0,41.91,4.95,9.25,7.1
MG,CAMPO FLORIDO,9922.0,47.41,7.4,6.79,7.1
RS,MORRO REDONDO,8656.0,38.0,5.18,9.03,7.1
SP,CRAVINHOS,36585.0,30.75,10.09,4.45,7.1
PR,LIDIANÓPOLIS,5356.0,35.7,11.73,2.46,7.09
RJ,SÃO SEBASTIÃO DO ALTO,12608.0,39.71,8.95,5.23,7.09
MG,CAMPO BELO,60532.0,36.79,8.69,5.48,7.09
RS,SÃO VENDELINO,4020.0,32.48,7.01,7.16,7.09
SP,DIRCE REIS,2314.0,47.89,7.05,7.12,7.09
RS,SÃO JOSÉ DO OURO,9910.0,28.81,5.37,8.8,7.08
MG,CAMPINA VERDE,21936.0,42.03,8.03,6.11,7.07
PR,SÃO JOÃO DO TRIUNFO,19076.0,48.24,4.71,9.4,7.06
MS,FÁTIMA DO SUL,26142.0,40.08,8.65,5.45,7.05
RS,TAQUARI,32616.0,38.36,7.25,6.84,7.05
RJ,APERIBÉ,15974.0,38.1,10.99,3.09,7.04
SP,MIRA ESTRELA,3636.0,44.88,7.25,6.84,7.04
RS,CHIAPETTA,5806.0,37.45,3.0,11.06,7.03
RS,ANTA GORDA,8220.0,14.38,2.99,11.07,7.03
RS,ERECHIM,131790.0,28.76,6.45,7.6,7.03
SP,TAGUAÍ,13260.0,29.5,8.26,5.79,7.02
MG,IPANEMA,22814.0,47.14,3.09,10.94,7.01
MG,COQUEIRAL,11950.0,31.88,3.48,10.54,7.01
RS,SÃO JOSÉ DOS AUSENTES,4844.0,31.25,5.33,8.67,7.0
PA,URUARÁ,44898.0,22.93,6.92,7.03,6.98
RS,MANOEL VIANA,8764.0,40.69,5.07,8.9,6.98
RS,BARRACÃO,7016.0,38.84,3.96,9.98,6.97
RO,CACAULÂNDIA,5978.0,16.37,8.63,5.29,6.96
GO,EDEALINA,6036.0,34.23,11.27,2.62,6.94
MG,TUMIRITINGA,7712.0,48.88,1.71,12.16,6.94
RS,NOVA ALVORADA,4804.0,19.69,2.71,11.16,6.93
PR,APUCARANA,150776.0,25.42,11.23,2.64,6.93
MG,EXTREMA,56606.0,39.07,5.65,8.11,6.88
RS,SANTIAGO,62108.0,40.09,6.46,7.31,6.88
RS,PONTÃO,5648.0,48.96,6.87,6.83,6.85
MG,RODEIRO,10800.0,40.44,3.33,10.33,6.83
PR,MANDIRITUBA,30942.0,36.54,7.67,5.97,6.82
RS,HORIZONTINA,24810.0,24.1,6.49,7.16,6.82
TO,PIUM,9186.0,36.8,7.25,6.38,6.81
PR,IVATUBA,4164.0,30.09,6.68,6.92,6.8
PR,ALTÔNIA,23036.0,29.94,3.32,10.25,6.79
MG,DORES DO INDAIÁ,16178.0,35.5,4.57,9.0,6.79
RS,UNISTALDA,4246.0,45.58,3.67,9.89,6.78
MG,PARAGUAÇU,26342.0,43.32,8.19,5.35,6.77
MG,ITANHOMI,13666.0,48.18,3.88,9.62,6.75
RS,SALVADOR DO SUL,9616.0,25.75,5.53,7.97,6.75
RS,SÃO LUIZ GONZAGA,40674.0,44.15,7.22,6.23,6.73
RJ,SUMIDOURO,22620.0,31.24,8.54,4.92,6.73
SP,GUARAREMA,36257.0,28.56,6.94,6.46,6.71
PR,IBAITI,33216.0,34.84,8.15,5.27,6.71
RS,IPIRANGA DO SUL,3372.0,25.32,2.49,10.91,6.7
MG,MACHADO,47356.0,31.25,6.29,7.12,6.7
PR,LUIZIANA,9114.0,40.72,6.43,6.98,6.7
RS,JABOTICABA,5346.0,46.8,4.41,8.98,6.7
RS,BARRA DO GUARITA,4158.0,48.95,4.18,9.19,6.69
MG,AIURUOCA,7864.0,47.54,5.95,7.43,6.69
RS,BOZANO,4088.0,31.71,3.91,9.44,6.68
PR,TERRA RICA,18424.0,31.65,7.14,6.21,6.68
MG,CABO VERDE,15204.0,48.66,7.77,5.59,6.68
PR,LUNARDELLI,6668.0,40.67,10.89,2.46,6.67
MG,CACHOEIRA DE MINAS,15676.0,32.85,2.86,10.49,6.67
RS,MORMAÇO,4518.0,35.94,5.84,7.44,6.64
PR,UNIÃO DA VITÓRIA,63742.0,33.45,10.65,2.62,6.64
RS,CORONEL BICACO,9680.0,44.7,5.45,7.83,6.64
MG,MARIPÁ DE MINAS,4820.0,34.81,5.89,7.34,6.62
SP,PEDRA BELA,7493.0,38.02,7.42,5.86,6.62
MG,PARAOPEBA,32722.0,41.48,2.97,10.25,6.61
ES,AFONSO CLÁUDIO,37282.0,33.26,8.58,4.63,6.61
PR,SERTANEJA,7912.0,43.07,7.96,5.23,6.6
PR,CAMBARÁ,28152.0,33.6,7.22,5.97,6.6
MG,ALAGOA,3854.0,30.72,2.59,10.59,6.59
SP,CAJURU,25816.0,42.7,6.9,6.18,6.56
PR,ESPIGÃO ALTO DO IGUAÇU,6638.0,37.14,10.7,2.41,6.55
MT,UNIÃO DO SUL,4510.0,30.73,9.0,4.08,6.54
RS,RONDA ALTA,12526.0,49.94,4.18,8.89,6.54
MG,UBÁ,114486.0,46.3,6.03,7.03,6.53
PR,WENCESLAU BRAZ,22682.0,31.51,6.45,6.56,6.51
MG,MUZAMBINHO,27920.0,44.76,3.93,9.08,6.5
RN,RUY BARBOSA,6476.0,39.85,9.11,3.89,6.5
MG,GONÇALVES,6064.0,37.57,5.51,7.42,6.46
RS,COTIPORÃ,5998.0,22.81,4.8,8.1,6.45
MG,SANTA RITA DO SAPUCAÍ,49900.0,28.67,5.4,7.48,6.44
RS,SOLEDADE,36064.0,43.01,7.17,5.72,6.44
RS,CACIQUE DOBLE,6770.0,39.23,6.12,6.77,6.44
MG,IBITURUNA,4026.0,38.08,6.31,6.56,6.43
MG,PRATÁPOLIS,11574.0,47.7,5.29,7.55,6.42
PR,SIQUEIRA CAMPOS,25032.0,39.86,8.94,3.88,6.41
MG,SÃO FÉLIX DE MINAS,4886.0,45.86,1.02,11.75,6.39
TO,FORMOSO DO ARAGUAIA,21774.0,40.08,5.01,7.76,6.38
RS,CAMPINAS DO SUL,7910.0,29.82,3.74,9.0,6.37
RS,IPÊ,9222.0,16.19,9.5,3.23,6.37
PR,MAMBORÊ,17608.0,29.57,7.08,5.61,6.34
MG,CONCEIÇÃO DO PARÁ,8040.0,31.57,3.11,9.53,6.32
MG,ENTRE FOLHAS,8878.0,48.47,7.32,5.29,6.31
RS,JAQUIRANA,5480.0,39.89,7.3,5.29,6.3
PR,QUITANDINHA,22962.0,22.02,4.15,8.46,6.3
SP,PRATÂNIA,6976.0,38.05,8.71,3.97,6.29
MG,SANTA RITA DO ITUETO,7424.0,37.69,2.86,9.7,6.28
MG,DORESÓPOLIS,3114.0,35.25,7.19,5.33,6.26
PR,BANDEIRANTES,38986.0,24.93,9.31,3.21,6.26
PR,SÃO TOMÉ,7538.0,28.62,5.39,7.11,6.25
GO,SANTA ISABEL,5886.0,44.28,9.38,3.09,6.24
MG,TAPIRA,7274.0,22.0,7.64,4.84,6.24
RS,PEJUÇARA,5242.0,35.44,4.01,8.47,6.24
PR,GUARACI,6944.0,49.28,9.71,2.74,6.22
MG,CRISTIANO OTONI,7328.0,43.71,3.66,8.76,6.21
MG,MANHUMIRIM,25816.0,44.48,5.75,6.68,6.21
ES,SÃO ROQUE DO CANAÃ,15586.0,35.45,8.01,4.36,6.19
RS,TRÊS DE MAIO,30826.0,24.18,4.03,8.35,6.19
MS,PARANAÍBA,47004.0,35.42,5.18,7.18,6.18
RS,SÃO PEDRO DA SERRA,5538.0,22.71,4.33,8.02,6.18
RS,MONTE BELO DO SUL,5208.0,9.55,5.45,6.91,6.18
MG,MANTENA,29654.0,36.41,2.01,10.35,6.18
GO,JESÚPOLIS,3846.0,29.36,8.48,3.85,6.16
GO,ALOÂNDIA,3374.0,35.11,8.6,3.73,6.16
MG,CÁSSIA,20914.0,42.1,6.46,5.85,6.15
ES,IRUPI,16802.0,26.38,9.34,2.95,6.15
PR,AMAPORÃ,6500.0,47.72,3.45,8.83,6.14
MG,ARAPORÃ,10142.0,40.75,5.44,6.84,6.14
MG,ONÇA DE PITANGUI,5302.0,22.16,4.49,7.77,6.13
PR,GRANDES RIOS,7694.0,30.11,9.64,2.6,6.12
PR,NOVA OLÍMPIA,7852.0,30.93,3.82,8.41,6.11
RS,CRUZALTENSE,3446.0,27.48,3.13,9.05,6.09
RS,VIADUTOS,7174.0,25.45,5.05,7.14,6.09
GO,RIO QUENTE,6034.0,36.36,10.47,1.66,6.07
MG,MEDEIROS,4812.0,47.67,5.74,6.4,6.07
RS,COQUEIRO BAIXO,2314.0,16.67,3.63,8.47,6.05
MG,SIMONÉSIA,24214.0,39.12,2.49,9.6,6.05
RS,ÁGUA SANTA,5404.0,30.38,9.33,2.78,6.05
RS,MARCELINO RAMOS,6478.0,28.9,4.26,7.81,6.04
RS,BOA VISTA DO BURICÁ,9652.0,30.32,2.71,9.35,6.03
ES,COLATINA,144294.0,31.95,8.19,3.83,6.01
RS,IVORÁ,3038.0,44.56,4.41,7.57,5.99
MG,PARAISÓPOLIS,25708.0,32.62,5.0,6.96,5.98
PR,PIÊN,17518.0,22.84,5.45,6.51,5.98
RS,TUPANCIRETÃ,26006.0,40.56,6.21,5.74,5.97
PR,DOUTOR ULYSSES,7986.0,49.95,7.99,3.93,5.96
MS,GLÓRIA DE DOURADOS,12188.0,43.46,7.37,4.46,5.92
PR,FAXINAL,19402.0,25.36,8.34,3.49,5.92
RS,DOUTOR MAURÍCIO CARDOSO,6744.0,35.17,3.41,8.42,5.92
MG,SÃO GOTARDO,42424.0,32.97,6.27,5.57,5.92
TO,COLMÉIA,10368.0,35.81,8.01,3.82,5.91
RS,MAÇAMBARÁ,6100.0,47.77,5.31,6.46,5.89
MG,NOVA RESENDE,20876.0,35.35,1.51,10.24,5.88
GO,NOVA GLÓRIA,10762.0,40.56,7.66,4.11,5.88
PR,ANTONIO OLINTO,10792.0,47.7,4.71,7.02,5.87
SP,SÃO JOSÉ DO BARREIRO,4736.0,40.48,7.26,4.59,5.87
RS,TAPEJARA,29032.0,17.49,6.59,5.11,5.85
RS,CASEIROS,5106.0,32.42,5.21,6.46,5.84
PR,MARILUZ,12474.0,49.73,2.98,8.69,5.84
RS,CAPÃO DO CIPÓ,4662.0,49.35,6.09,5.58,5.83
PR,DOURADINA,10752.0,29.82,3.83,7.83,5.83
PR,AGUDOS DO SUL,13276.0,33.95,6.88,4.78,5.83
MG,OLIVEIRA,53474.0,47.05,7.28,4.37,5.83
RS,ARVOREZINHA,14496.0,26.97,3.96,7.67,5.82
SP,PONTES GESTAL,3030.0,33.23,7.85,3.76,5.81
MG,CAMPANHA,19216.0,29.39,4.83,6.79,5.81
GO,GOIANÉSIA,87384.0,37.35,10.04,1.55,5.8
MS,PEDRO GOMES,8744.0,43.64,7.09,4.51,5.8
RS,ENTRE RIOS DO SUL,4206.0,41.13,4.9,6.7,5.8
GO,MAIRIPOTABA,4274.0,38.08,9.45,2.15,5.8
PR,JUSSARA,8912.0,40.31,4.98,6.6,5.79
MG,CARMO DO RIO CLARO,24634.0,39.36,3.88,7.69,5.78
RS,ITACURUBI,4286.0,47.33,6.77,4.76,5.76
PA,PIÇARRA,14598.0,44.14,9.85,1.67,5.76
PR,IGUARAÇU,6264.0,30.45,7.22,4.28,5.75
MG,CARNEIRINHO,12200.0,42.1,1.23,10.26,5.75
MT,FIGUEIRÓPOLIS D OESTE,4354.0,28.22,8.04,3.45,5.74
SP,AREIÓPOLIS,12447.0,42.04,4.66,6.86,5.74
GO,NOVA AMÉRICA,4110.0,43.9,4.23,7.25,5.74
RS,SERAFINA CORRÊA,21314.0,24.07,4.49,6.96,5.72
RS,TRINDADE DO SUL,8620.0,44.89,7.35,3.97,5.66
RS,TAVARES,7208.0,38.09,4.22,7.08,5.65
SP,ITAJU,4377.0,37.06,6.02,5.27,5.64
MG,CARMO DE MINAS,15718.0,42.2,4.39,6.87,5.63
PR,GUAÍRA,36800.0,28.84,6.27,4.99,5.63
MS,JATEÍ,6746.0,36.8,7.47,3.77,5.62
GO,JARAGUÁ,51904.0,27.28,9.28,1.97,5.62
PR,CRUZMALTINA,4344.0,40.99,8.47,2.76,5.62
RS,TRÊS ARROIOS,4186.0,22.56,6.02,5.21,5.61
MG,PAPAGAIOS,19226.0,44.24,4.1,7.12,5.61
RS,PINHEIRINHO DO VALE,6284.0,40.45,3.28,7.86,5.57
MG,BOM JESUS DA PENHA,5654.0,32.15,2.48,8.67,5.57
MG,MARAVILHAS,10440.0,37.81,5.75,5.38,5.57
PR,MATELÂNDIA,21392.0,17.44,4.67,6.45,5.56
GO,MORRO AGUDO DE GOIÁS,4742.0,23.98,6.03,5.06,5.55
PR,ATALAIA,5876.0,35.8,3.81,7.28,5.55
PR,SENGÉS,21492.0,34.3,5.7,5.39,5.54
RS,BARRA DO RIO AZUL,3030.0,40.6,6.86,4.22,5.54
PR,SERRANÓPOLIS DO IGUAÇU,7302.0,23.11,7.94,3.12,5.53
RS,ALPESTRE,10082.0,44.3,3.37,7.7,5.53
MG,CASA GRANDE,4432.0,43.5,1.85,9.21,5.53
PR,GOIOERÊ,34290.0,31.11,4.27,6.78,5.52
PR,JUNDIAÍ DO SUL,4118.0,47.97,7.09,3.93,5.51
MT,NOVA LACERDA,6248.0,28.45,9.12,1.86,5.49
MG,RESENDE COSTA,15448.0,48.34,6.2,4.78,5.49
MG,EUGENÓPOLIS,14478.0,48.38,5.82,5.13,5.47
MS,DEODÁPOLIS,16234.0,42.59,6.37,4.56,5.46
MG,CARRANCAS,5512.0,49.89,5.3,5.59,5.44
MG,BAEPENDI,24390.0,33.03,5.45,5.44,5.44
MG,PATROCÍNIO DO MURIAÉ,8270.0,48.36,4.52,6.36,5.44
MG,CORDISLÂNDIA,4296.0,49.83,3.07,7.77,5.42
RS,ILÓPOLIS,5970.0,20.8,4.29,6.53,5.41
MG,DELFIM MOREIRA,10656.0,41.08,5.14,5.65,5.4
PR,CÉU AZUL,14370.0,24.66,4.37,6.4,5.39
MT,CONQUISTA D OESTE,4326.0,23.59,8.0,2.77,5.39
PR,GUARANIAÇU,17654.0,32.3,6.49,4.27,5.38
MG,ITUETA,7502.0,28.65,3.09,7.65,5.37
MG,REDUTO,8972.0,42.94,5.19,5.53,5.36
RS,VILA MARIA,6138.0,31.92,3.94,6.78,5.36
PR,GUAIRAÇÁ,8268.0,45.05,4.28,6.43,5.36
PR,BORRAZÓPOLIS,10576.0,35.36,8.28,2.42,5.35
MG,PEDRALVA,14838.0,35.67,5.03,5.66,5.34
MG,BIQUINHAS,3942.0,40.17,5.28,5.38,5.33
MG,BUGRE,6448.0,48.67,7.29,3.35,5.32
GO,SÃO FRANCISCO DE GOIÁS,7588.0,31.43,8.09,2.5,5.3
RS,TIO HUGO,4388.0,32.07,5.06,5.47,5.26
MG,CARVALHÓPOLIS,5312.0,24.8,3.12,7.38,5.25
PR,IPORÃ,18828.0,28.22,3.23,7.28,5.25
MG,CEDRO DO ABAETÉ,1886.0,47.19,4.14,6.36,5.25
MG,COMENDADOR GOMES,4196.0,31.13,2.76,7.72,5.24
RS,DONA FRANCISCA,5044.0,41.56,5.08,5.39,5.23
RS,FAXINAL DO SOTURNO,9520.0,43.31,3.76,6.7,5.23
MG,CAMANDUCAIA,27678.0,38.32,5.38,5.06,5.22
RS,NOVA CANDELÁRIA,4600.0,33.81,1.78,8.65,5.22
MT,VILA BELA DA SANTÍSSIMA TRINDADE,15418.0,40.47,7.26,3.18,5.22
PR,SÃO JORGE DO IVAÍ,7678.0,29.93,6.41,4.01,5.21
MG,CAREAÇU,8032.0,34.9,2.56,7.82,5.19
RS,PARAÍSO DO SUL,9184.0,31.91,2.92,7.45,5.18
RS,DILERMANDO DE AGUIAR,4896.0,46.27,4.0,6.33,5.17
SP,BIRITIBA MIRIM,33532.0,35.12,5.46,4.87,5.17
PR,CAMPINA DA LAGOA,18948.0,34.34,4.64,5.67,5.16
RS,SÃO JOÃO DO POLÊSINE,4200.0,31.18,5.0,5.29,5.14
RS,TUPANDI,7468.0,17.27,3.86,6.43,5.14
MT,RIBEIRÃOZINHO,3348.0,40.7,6.69,3.52,5.11
PR,PAULA FREITAS,7446.0,38.32,6.93,3.28,5.1
MG,SÃO ROQUE DE MINAS,8626.0,19.42,6.17,4.03,5.1
PR,CURIÚVA,16374.0,43.05,6.24,3.93,5.09
PR,QUATRO PONTES,6558.0,14.78,7.38,2.81,5.09
SP,IGARATÁ,12558.0,33.21,3.87,6.31,5.09
PR,BOA ESPERANÇA,6278.0,21.9,4.71,5.42,5.07
PA,SANTANA DO ARAGUAIA,34072.0,31.45,5.99,4.16,5.07
MG,BARROSO,28022.0,48.4,3.64,6.49,5.07
PR,PAULO FRONTIN,9430.0,37.96,6.36,3.75,5.06
PR,ICARAÍMA,11110.0,35.5,3.38,6.71,5.05
PR,IVATÉ,9022.0,35.89,3.59,6.52,5.05
MG,SANTA BÁRBARA DO LESTE,11354.0,45.59,4.54,5.55,5.05
RS,MONTE ALEGRE DOS CAMPOS,4972.0,33.19,3.82,6.28,5.05
PE,SANTA CRUZ DO CAPIBARIBE,106238.0,42.91,7.23,2.82,5.02
PR,DIAMANTE DO NORTE,6942.0,32.91,6.02,4.0,5.01
MG,SANTANA DE CATAGUASES,5372.0,49.17,5.32,4.69,5.01
MG,GALILÉIA,7498.0,38.75,3.41,6.62,5.01
RS,MATO CASTELHANO,4642.0,21.15,5.3,4.7,5.0
PR,TUPÃSSI,10314.0,20.71,6.71,3.3,5.0
MG,AREADO,18412.0,38.19,4.27,5.69,4.98
RS,NOVA PALMA,8734.0,41.38,3.69,6.25,4.97
MG,TOMBOS,11102.0,49.95,5.33,4.59,4.96
MG,SANTA ROSA DA SERRA,4856.0,42.08,3.75,6.14,4.94
GO,RIALMA,14060.0,28.86,7.74,2.13,4.94
PR,CIANORTE,91240.0,23.73,5.44,4.43,4.94
PR,RAMILÂNDIA,5504.0,41.55,5.12,4.69,4.91
MG,VIRGÍNIA,11692.0,46.9,1.21,8.6,4.91
PR,ASSIS CHATEAUBRIAND,43566.0,29.99,6.25,3.54,4.89
PR,IBEMA,7908.0,41.87,7.16,2.58,4.87
RS,NOVA ESPERANÇA DO SUL,7144.0,46.62,2.77,6.97,4.87
PR,SANTA HELENA,34232.0,33.97,6.48,3.24,4.86
MG,TRÊS PONTAS,72484.0,49.3,4.23,5.43,4.83
PR,PALOTINA,39920.0,22.08,6.08,3.55,4.82
RS,MARAU,53038.0,26.17,4.3,5.33,4.82
MG,PEDRA DO INDAIÁ,5884.0,40.46,5.13,4.45,4.79
MG,SARDOÁ,6606.0,48.83,1.91,7.66,4.78
PR,JAPURÁ,11792.0,25.76,2.41,7.16,4.78
MG,LARANJAL,9052.0,47.25,5.15,4.4,4.77
MG,CANDEIAS,18620.0,44.54,4.76,4.77,4.76
PR,CATANDUVAS,11132.0,34.39,7.8,1.72,4.76
RS,VILA LÂNGARO,3736.0,21.08,4.93,4.55,4.74
PR,JURANDA,9922.0,32.16,5.83,3.65,4.74
MG,PERDIGÃO,13140.0,20.59,4.22,5.27,4.74
GO,SÃO PATRÍCIO,3782.0,32.4,6.56,2.91,4.73
PR,ENTRE RIOS DO OESTE,6186.0,25.53,5.98,3.46,4.72
PR,SÃO JORGE DO PATROCÍNIO,8266.0,29.92,1.77,7.67,4.72
GO,BOM JESUS DE GOIÁS,26130.0,39.12,3.92,5.51,4.71
PR,ENGENHEIRO BELTRÃO,16670.0,35.77,3.9,5.51,4.7
AL,NOVO LINO,14562.0,44.43,1.37,8.01,4.69
RS,SANTA CECÍLIA DO SUL,3136.0,20.1,4.15,5.23,4.69
RS,ARATIBA,10742.0,33.05,5.68,3.69,4.68
GO,SANTA HELENA DE GOIÁS,46570.0,41.41,7.3,2.06,4.68
MG,BANDEIRA DO SUL,8300.0,36.84,2.55,6.8,4.67
MG,ORIZÂNIA,9966.0,48.83,6.32,2.99,4.66
MG,ITAPEVA,12926.0,32.33,3.39,5.93,4.66
MG,ELÓI MENDES,32016.0,39.56,3.64,5.67,4.65
RS,PUTINGA,6022.0,14.92,2.86,6.44,4.65
MS,DOURADINA,8162.0,30.46,4.31,4.9,4.61
MG,ALVARENGA,6812.0,49.56,5.67,3.55,4.61
MG,VARGEM GRANDE DO RIO PARDO,6300.0,39.68,5.49,3.71,4.6
PR,PARANAVAÍ,101696.0,28.03,4.39,4.77,4.58
RS,JARI,4728.0,45.21,3.6,5.54,4.57
RS,SANTA TEREZA,3008.0,19.79,5.85,3.26,4.55
MG,LAMBARI,26558.0,29.48,4.53,4.58,4.55
PR,CAFELÂNDIA,21474.0,26.15,5.91,3.17,4.54
PR,PÉROLA,14480.0,35.86,3.44,5.64,4.54
MG,LAJINHA,24430.0,42.69,3.91,5.15,4.53
MG,SÃO BENTO ABADE,6528.0,47.8,1.41,7.66,4.53
PA,FLORESTA DO ARAGUAIA,21792.0,43.85,6.45,2.59,4.52
PR,JABOTI,6920.0,41.01,6.21,2.8,4.51
RS,SILVEIRA MARTINS,3678.0,40.21,5.06,3.97,4.51
MG,CRISTAIS,13334.0,46.81,4.42,4.6,4.51
TO,PRESIDENTE KENNEDY,4460.0,44.92,3.05,5.96,4.51
PR,SANTA CRUZ DE MONTE CASTELO,10750.0,40.27,4.93,4.07,4.5
PR,TERRA ROXA,21754.0,23.58,4.68,4.32,4.5
MG,GUAPÉ,16612.0,31.77,3.19,5.79,4.49
MG,SÃO JOSÉ DA VARGINHA,5922.0,48.67,2.7,6.28,4.49
RS,PINTO BANDEIRA,4076.0,11.66,3.48,5.45,4.47
MG,MATA VERDE,10312.0,49.94,7.35,1.59,4.47
RS,SANTO AUGUSTO,18374.0,34.73,4.07,4.88,4.47
MG,NOVA SERRANA,96940.0,23.85,3.8,5.13,4.46
MG,JURUAIA,14732.0,35.9,2.31,6.57,4.44
MG,TAIOBEIRAS,39716.0,37.39,2.16,6.7,4.43
MG,POÇO FUNDO,20834.0,49.3,2.29,6.55,4.42
MG,BRAZÓPOLIS,19156.0,41.89,4.18,4.66,4.42
MG,CAPIM BRANCO,13244.0,40.01,5.15,3.7,4.42
PR,ARIRANHA DO IVAÍ,3844.0,47.5,7.7,1.14,4.42
PR,CORBÉLIA,22802.0,29.09,6.6,2.25,4.42
MG,SÃO GERALDO DA PIEDADE,4992.0,48.35,2.28,6.53,4.41
PR,OURO VERDE DO OESTE,8104.0,29.65,4.57,4.24,4.41
MG,IBITIÚRA DE MINAS,5354.0,20.9,1.23,7.58,4.41
PR,VERA CRUZ DO OESTE,10782.0,32.39,3.99,4.8,4.4
PR,MIRASELVA,3078.0,45.23,6.76,2.01,4.39
PR,MOREIRA SALES,15192.0,37.53,2.54,6.19,4.36
GO,PONTALINA,22750.0,39.54,6.0,2.67,4.33
MG,MONTE SIÃO,29102.0,20.11,3.18,5.48,4.33
MG,ALTO CAPARAÓ,7262.0,23.74,2.64,5.98,4.31
PR,MARIA HELENA,7770.0,40.54,2.08,6.51,4.3
MG,ITAMARATI DE MINAS,5854.0,46.54,5.43,3.18,4.3
MG,IGARATINGA,13138.0,33.53,3.26,5.33,4.29
MG,JACUTINGA,29170.0,23.87,2.93,5.64,4.29
MG,SÃO JOSÉ DO ALEGRE,5934.0,38.54,2.83,5.73,4.28
MG,CONCEIÇÃO DA APARECIDA,12848.0,44.29,2.23,6.34,4.28
MG,CAMPOS GERAIS,31308.0,39.83,4.15,4.4,4.27
MG,CAPARAÓ,6834.0,30.11,1.52,6.99,4.26
PR,SALTO DO ITARARÉ,6898.0,48.77,6.76,1.77,4.26
MG,SÃO JOÃO BATISTA DO GLÓRIA,9922.0,38.34,2.5,5.97,4.23
PR,MANOEL RIBAS,17484.0,27.94,4.8,3.61,4.21
MG,ESTIVA,15366.0,37.98,2.69,5.69,4.19
SP,BORACÉIA,5835.0,33.69,6.75,1.69,4.18
RS,SÃO MARTINHO DA SERRA,4912.0,37.58,4.64,3.71,4.17
MG,PASSABÉM,2856.0,35.92,4.2,4.06,4.13
PR,DIAMANTE DO SUL,4980.0,45.52,6.22,2.01,4.12
PR,TAPIRA,7520.0,41.05,2.9,5.35,4.12
MS,SANTA RITA DO PARDO,7562.0,43.05,5.18,3.02,4.1
MG,VARGEM BONITA,3890.0,40.01,2.93,5.24,4.09
GO,CORUMBAÍBA,10588.0,41.33,6.67,1.49,4.08
MG,SÃO JOÃO DA MATA,4756.0,43.27,2.69,5.47,4.08
GO,ÁGUA LIMPA,3660.0,40.74,7.16,0.98,4.07
PR,FLORAÍ,7492.0,34.37,4.48,3.6,4.04
MG,DORES DE CAMPOS,13538.0,46.75,3.13,4.93,4.03
RS,AGUDO,22052.0,37.03,4.2,3.84,4.02
PR,TOMAZINA,10368.0,40.84,5.46,2.58,4.02
PR,BRAGANEY,7224.0,42.15,5.43,2.6,4.01
PR,CIDADE GAÚCHA,14100.0,44.35,3.13,4.85,3.99
PR,PINHALÃO,8902.0,43.35,4.54,3.44,3.99
SP,PARISI,4043.0,29.87,4.31,3.61,3.96
MG,DOM BOSCO,5418.0,46.66,3.88,4.02,3.95
RS,SEVERIANO DE ALMEIDA,5818.0,35.4,4.81,3.09,3.95
MG,BOM JESUS DO GALHO,18978.0,46.46,4.26,3.63,3.94
MG,SÃO SEBASTIÃO DO RIO PRETO,2698.0,48.38,4.0,3.85,3.93
MG,CHALÉ,8404.0,45.49,1.71,6.12,3.91
MG,SÃO JOSÉ DA BARRA,10238.0,42.02,2.44,5.35,3.9
MG,ARAGUARI,138144.0,33.67,4.05,3.71,3.88
MG,MARIA DA FÉ,19900.0,29.91,3.49,4.24,3.86
MG,CONCEIÇÃO DOS OUROS,14660.0,34.77,3.37,4.31,3.84
MG,ITAMOGI,14236.0,40.7,2.5,5.17,3.84
PR,PATO BRAGADO,7516.0,17.81,5.3,2.37,3.83
PR,BOA VISTA DA APARECIDA,10866.0,36.49,5.61,2.04,3.83
PR,CRUZ MACHADO,22496.0,34.07,3.63,3.98,3.81
PR,TERRA BOA,21326.0,27.95,2.94,4.64,3.79
PR,TUNEIRAS DO OESTE,10464.0,32.11,3.15,4.36,3.76
MG,CASCALHO RICO,5336.0,24.58,3.37,4.12,3.75
RS,MONTAURI,2478.0,19.66,1.29,6.13,3.71
PR,ANAHY,4384.0,46.04,5.84,1.55,3.7
MG,LIMEIRA DO OESTE,9960.0,49.92,1.93,5.48,3.7
PR,TRÊS BARRAS DO PARANÁ,14976.0,36.17,5.1,2.28,3.69
PR,UBIRATÃ,30468.0,25.45,3.49,3.89,3.69
PR,SÃO PEDRO DO IGUAÇU,8018.0,31.19,4.14,3.22,3.68
MG,ITABIRINHA,12532.0,49.14,2.73,4.63,3.68
MG,CONGONHAL,15282.0,34.99,2.49,4.88,3.68
MG,BUENO BRANDÃO,13554.0,24.72,3.41,3.93,3.67
MG,MIRAÍ,16162.0,36.03,4.21,3.13,3.67
MG,SERICITA,10586.0,38.59,2.72,4.61,3.67
MG,SÃO JOÃO DO MANHUAÇU,14586.0,41.09,3.14,4.15,3.65
PR,FLÓRIDA,3974.0,38.61,4.78,2.47,3.62
PR,CAFEZAL DO SUL,6562.0,33.9,1.49,5.73,3.61
RS,MAMPITUBA,4846.0,44.93,4.25,2.97,3.61
MG,VOLTA GRANDE,6194.0,49.62,3.71,3.49,3.6
PR,LOANDA,24752.0,34.73,4.31,2.87,3.59
AL,CORURIPE,60904.0,41.7,3.61,3.55,3.58
MG,JACUÍ,9398.0,27.12,3.17,3.98,3.58
PR,SANTA ISABEL DO IVAÍ,11086.0,26.35,2.78,4.38,3.58
AL,JEQUIÁ DA PRAIA,12666.0,43.56,2.98,4.04,3.51
PR,RANCHO ALEGRE,5052.0,39.24,5.07,1.9,3.48
RS,CAMARGO,4236.0,35.49,3.12,3.82,3.47
RS,PINHAL GRANDE,5868.0,46.69,3.07,3.85,3.46
MG,SÃO SEBASTIÃO DA VARGEM ALEGRE,4678.0,49.1,3.33,3.51,3.42
PR,TAPEJARA,18842.0,38.93,1.7,5.15,3.42
MG,INCONFIDENTES,10234.0,40.18,2.81,4.03,3.42
RS,SANTANA DA BOA VISTA,10168.0,42.88,2.54,4.29,3.41
CE,MARCO,36340.0,48.98,2.8,3.99,3.4
GO,SANTA RITA DO NOVO DESTINO,4410.0,34.69,5.62,1.18,3.4
MG,PIRANGUÇU,7402.0,34.44,2.67,4.13,3.4
PR,PARAÍSO DO NORTE,15898.0,40.38,1.66,5.11,3.38
PR,NOVA AURORA,16498.0,30.14,4.19,2.53,3.36
PR,FRANCISCO ALVES,9382.0,31.17,2.92,3.79,3.36
MG,SÃO SEBASTIÃO DO ANTA,7696.0,45.46,1.35,5.33,3.34
MG,CAPETINGA,8366.0,43.98,3.08,3.59,3.33
PR,MARIPÁ,8522.0,14.68,5.28,1.36,3.32
PR,RIO BRANCO DO IVAÍ,5348.0,43.2,3.93,2.66,3.29
PR,MUNHOZ DE MELO,5570.0,38.67,2.84,3.73,3.29
MG,BOM REPOUSO,15040.0,43.6,2.01,4.55,3.28
MG,OURO FINO,38640.0,25.83,3.43,3.12,3.27
MG,BORDA DA MATA,20738.0,37.74,2.91,3.61,3.26
PR,RONDON,11746.0,32.72,2.76,3.76,3.26
PR,MARQUINHO,6258.0,49.05,4.86,1.63,3.24
MG,DIVINO DAS LARANJEIRAS,6372.0,37.38,1.95,4.52,3.23
RS,RIO DOS ÍNDIOS,4708.0,49.79,3.91,2.55,3.23
PR,GUAPIRAMA,6098.0,49.9,3.74,2.66,3.2
TO,ITAPORÃ DO TOCANTINS,3988.0,44.44,3.21,3.16,3.18
MG,SENADOR AMARAL,8740.0,44.09,1.83,4.39,3.11
MG,SÃO TOMÁS DE AQUINO,8926.0,41.87,2.64,3.54,3.09
MG,SÃO JOÃO DO PARAÍSO,25032.0,48.55,1.95,4.15,3.05
PR,FORMOSA DO OESTE,9806.0,37.84,3.73,2.35,3.04
MG,SÃO PEDRO DA UNIÃO,6656.0,40.18,2.04,4.03,3.03
MG,PEDRA BONITA,9612.0,44.54,1.54,4.52,3.03
MG,ITAPAGIPE,15750.0,43.39,2.83,3.19,3.01
RS,REDENTORA,10320.0,47.92,1.36,4.57,2.97
PR,IGUATU,3316.0,38.89,4.76,1.15,2.96
TO,SANDOLÂNDIA,5430.0,45.1,2.65,3.24,2.95
TO,FIGUEIRÓPOLIS,7234.0,41.76,3.1,2.79,2.94
MG,NATÉRCIA,6480.0,32.05,1.85,3.95,2.9
MG,AGUANIL,6334.0,41.11,1.8,3.82,2.81
MG,SILVIANÓPOLIS,7636.0,36.29,2.04,3.4,2.72
PR,IRACEMA DO OESTE,3782.0,45.2,3.23,2.22,2.72
MG,ESPÍRITO SANTO DO DOURADO,8284.0,40.54,1.71,3.69,2.7
MG,IPUIÚNA,12612.0,44.74,1.54,3.81,2.67
MG,CRISTINA,12664.0,36.84,2.67,2.64,2.65
PR,ÂNGULO,4458.0,33.66,2.69,2.6,2.65
PR,MERCEDES,8208.0,15.77,3.85,1.39,2.62
PR,RANCHO ALEGRE D OESTE,3778.0,44.24,2.86,2.28,2.57
MG,MONTE BELO,17030.0,37.14,1.94,3.16,2.55
MG,DOM VIÇOSO,4842.0,37.7,2.35,2.73,2.54
MG,TURVOLÂNDIA,7202.0,38.22,1.56,3.44,2.5
MG,SÃO JOSÉ DO DIVINO,4808.0,33.01,2.58,2.41,2.5
PR,JESUÍTAS,11990.0,27.88,3.39,1.52,2.45
MG,SENADOR JOSÉ BENTO,3530.0,40.81,2.55,2.32,2.44
MG,SÃO SEBASTIÃO DA BELA VISTA,9016.0,43.94,2.26,2.48,2.37
PR,TAMBOARA,6568.0,39.98,2.22,2.47,2.34
PR,QUARTO CENTENÁRIO,5772.0,33.31,2.46,2.22,2.34
RS,ITAPUCA,2988.0,38.75,2.61,1.87,2.24
MG,SANTA RITA DE CALDAS,11252.0,29.2,1.96,2.42,2.19
MG,SAPUCAÍ-MIRIM,8636.0,35.59,1.3,3.03,2.17
PR,GUAPOREMA,3164.0,49.26,2.15,2.15,2.15
MG,TOLEDO,9912.0,33.62,1.61,2.66,2.14
MG,DESTERRO DO MELO,6080.0,46.93,2.43,1.81,2.12
MG,ALBERTINA,4706.0,22.83,1.74,2.38,2.06
MG,GOIABEIRA,4552.0,38.58,1.67,2.42,2.04
MG,CONSOLAÇÃO,2842.0,46.71,1.76,2.32,2.04
PR,INDIANÓPOLIS,6132.0,40.77,1.4,2.64,2.02
PR,SÃO CARLOS DO IVAÍ,8700.0,36.04,1.49,2.48,1.99
MG,MARMELÓPOLIS,4730.0,46.33,1.18,2.62,1.9
MG,MUNHOZ,9438.0,43.26,1.74,1.97,1.85
PR,ESPERANÇA NOVA,3222.0,32.07,1.18,2.42,1.8
MG,OLÍMPIO NORONHA,4146.0,38.43,1.88,1.59,1.74
PR,SÃO MANOEL DO PARANÁ,3232.0,33.7,2.29,1.18,1.73
MG,TOCOS DO MOJI,6676.0,47.85,1.47,1.83,1.65
MG,CONCEIÇÃO DAS PEDRAS,4354.0,38.49,1.42,1.24,1.33
MG,CUPARAQUE,5708.0,36.07,0.91,1.58,1.24
